{
  "attempt": "keyframe-anchor-step0p5",
  "variant": {
    "seconds": 6.0,
    "quat_mode": "wxyz",
    "attempt": "keyframe-anchor-step0p5",
    "start_mode": "keyframe",
    "anchor_mode": "reference",
    "action_step": 0.5,
    "blend_reference": 0.0
  },
  "start_height": 0.755,
  "min_height": -0.768178858176089,
  "visible_drop": 1.523178858176089,
  "fell_at": 0.4,
  "final_height": -0.3180276068433292,
  "return_to_stand": false,
  "foot_contact_ratio": 0.21666666666666667,
  "foot_slip_distance": 1.5906798694535382,
  "min_support_margin": -0.23716453100006105,
  "max_joint_limit_violation": 0.19832502826280007,
  "max_knee_delta_rad": 2.325387652478777,
  "max_hip_pitch_delta_rad": 2.2720400925957853,
  "action_min": -10.019940376281738,
  "action_max": 16.033037185668945,
  "obs_abs_max": 41.90324783325195,
  "samples": [
    {
      "t": 0.0,
      "motion_idx": 0,
      "height": 0.7591247081853845,
      "visible_drop": -0.0041247081853844625,
      "both_feet_contact": true,
      "foot_slip_distance": 0.0005531839719674765,
      "support_margin": 0.0863827180008995,
      "knee_delta": 0.04447058149292471,
      "hip_delta": 0.030058966199481396,
      "up_z": 0.9998386842537333,
      "action_min": -2.3473637104034424,
      "action_max": 1.4522722959518433
    },
    {
      "t": 0.2,
      "motion_idx": 12,
      "height": 0.7372830319694074,
      "visible_drop": 0.01771696803059264,
      "both_feet_contact": false,
      "foot_slip_distance": 0.2662658060610085,
      "support_margin": 0.0483338827275773,
      "knee_delta": 0.8097501310671195,
      "hip_delta": 0.6525248891470505,
      "up_z": 0.9379517865050347,
      "action_min": -2.4916441440582275,
      "action_max": 5.284746170043945
    },
    {
      "t": 0.4,
      "motion_idx": 24,
      "height": 0.44349172716958024,
      "visible_drop": 0.31150827283041976,
      "both_feet_contact": false,
      "foot_slip_distance": 0.35811898006665105,
      "support_margin": -0.07689822818177226,
      "knee_delta": 2.2906862335130844,
      "hip_delta": 0.6619079863160728,
      "up_z": 0.9521496222151973,
      "action_min": -5.03850793838501,
      "action_max": 4.963193416595459
    },
    {
      "t": 0.6,
      "motion_idx": 36,
      "height": 0.14580884417039117,
      "visible_drop": 0.6091911558296088,
      "both_feet_contact": true,
      "foot_slip_distance": 0.3961182041713913,
      "support_margin": -0.0042407087481618755,
      "knee_delta": 2.325387652478777,
      "hip_delta": 0.6973700920624142,
      "up_z": 0.530792386075328,
      "action_min": -5.627468585968018,
      "action_max": 4.356581211090088
    },
    {
      "t": 0.8,
      "motion_idx": 48,
      "height": 0.114285597360826,
      "visible_drop": 0.640714402639174,
      "both_feet_contact": false,
      "foot_slip_distance": 0.7613082066288775,
      "support_margin": -0.07177172921603024,
      "knee_delta": 2.325387652478777,
      "hip_delta": 1.7960512280793626,
      "up_z": -0.4265899751346417,
      "action_min": -5.322490215301514,
      "action_max": 6.273392200469971
    },
    {
      "t": 1.0,
      "motion_idx": 60,
      "height": -0.14890809768481314,
      "visible_drop": 0.9039080976848132,
      "both_feet_contact": false,
      "foot_slip_distance": 0.5177472411886314,
      "support_margin": 0.024159455868499824,
      "knee_delta": 2.325387652478777,
      "hip_delta": 2.2720400925957853,
      "up_z": -0.9427829882502903,
      "action_min": -4.113820552825928,
      "action_max": 6.421357154846191
    },
    {
      "t": 1.2,
      "motion_idx": 72,
      "height": -0.5924610129870004,
      "visible_drop": 1.3474610129870004,
      "both_feet_contact": true,
      "foot_slip_distance": 0.9414043423955529,
      "support_margin": -0.23716453100006105,
      "knee_delta": 2.325387652478777,
      "hip_delta": 2.2720400925957853,
      "up_z": -0.24219498800343148,
      "action_min": -4.642123699188232,
      "action_max": 4.7540788650512695
    },
    {
      "t": 1.4,
      "motion_idx": 84,
      "height": -0.6562748006156794,
      "visible_drop": 1.4112748006156794,
      "both_feet_contact": false,
      "foot_slip_distance": 0.9713515552896147,
      "support_margin": 0.05987913145496873,
      "knee_delta": 2.325387652478777,
      "hip_delta": 2.2720400925957853,
      "up_z": -0.986812888416638,
      "action_min": -5.872448444366455,
      "action_max": 8.024314880371094
    },
    {
      "t": 1.6,
      "motion_idx": 96,
      "height": -0.6882218070489693,
      "visible_drop": 1.4432218070489693,
      "both_feet_contact": true,
      "foot_slip_distance": 0.7905979605217732,
      "support_margin": -0.04227431046992558,
      "knee_delta": 2.325387652478777,
      "hip_delta": 2.2720400925957853,
      "up_z": -0.9354577544270216,
      "action_min": -5.375412464141846,
      "action_max": 4.650557994842529
    },
    {
      "t": 1.8,
      "motion_idx": 108,
      "height": -0.4414082377674795,
      "visible_drop": 1.1964082377674794,
      "both_feet_contact": false,
      "foot_slip_distance": 1.1276291072935418,
      "support_margin": 0.13237985540191943,
      "knee_delta": 2.325387652478777,
      "hip_delta": 2.2720400925957853,
      "up_z": -0.979008415393082,
      "action_min": -5.377664089202881,
      "action_max": 7.393097877502441
    },
    {
      "t": 2.0,
      "motion_idx": 120,
      "height": -0.3589411044445792,
      "visible_drop": 1.1139411044445793,
      "both_feet_contact": false,
      "foot_slip_distance": 1.4316562553264247,
      "support_margin": 0.09353107113053882,
      "knee_delta": 2.325387652478777,
      "hip_delta": 2.2720400925957853,
      "up_z": -0.9502861802822812,
      "action_min": -5.669478893280029,
      "action_max": 7.061164855957031
    },
    {
      "t": 2.2,
      "motion_idx": 132,
      "height": -0.4763677548534159,
      "visible_drop": 1.2313677548534159,
      "both_feet_contact": false,
      "foot_slip_distance": 1.2597460740573638,
      "support_margin": 0.13986749436313872,
      "knee_delta": 2.325387652478777,
      "hip_delta": 2.2720400925957853,
      "up_z": -0.9539070142161377,
      "action_min": -5.734485626220703,
      "action_max": 8.263182640075684
    },
    {
      "t": 2.4,
      "motion_idx": 144,
      "height": -0.7109645220095134,
      "visible_drop": 1.4659645220095134,
      "both_feet_contact": false,
      "foot_slip_distance": 1.1229588875328342,
      "support_margin": -0.021745368563147516,
      "knee_delta": 2.325387652478777,
      "hip_delta": 2.2720400925957853,
      "up_z": -0.9764048681886166,
      "action_min": -4.162496089935303,
      "action_max": 5.185703754425049
    },
    {
      "t": 2.6,
      "motion_idx": 156,
      "height": -0.715945127313444,
      "visible_drop": 1.470945127313444,
      "both_feet_contact": false,
      "foot_slip_distance": 1.1785101482918678,
      "support_margin": 0.1007441896785124,
      "knee_delta": 2.325387652478777,
      "hip_delta": 2.2720400925957853,
      "up_z": -0.9971499702497898,
      "action_min": -4.367909908294678,
      "action_max": 5.078176021575928
    },
    {
      "t": 2.8,
      "motion_idx": 168,
      "height": -0.6662705237046022,
      "visible_drop": 1.4212705237046022,
      "both_feet_contact": false,
      "foot_slip_distance": 1.2559657588544495,
      "support_margin": 0.16049355536928328,
      "knee_delta": 2.325387652478777,
      "hip_delta": 2.2720400925957853,
      "up_z": -0.9962601760880002,
      "action_min": -4.1932053565979,
      "action_max": 4.386996746063232
    },
    {
      "t": 3.0,
      "motion_idx": 180,
      "height": -0.6753049249671761,
      "visible_drop": 1.4303049249671762,
      "both_feet_contact": false,
      "foot_slip_distance": 1.2044809933243539,
      "support_margin": 0.079579485496243,
      "knee_delta": 2.325387652478777,
      "hip_delta": 2.2720400925957853,
      "up_z": -0.9830233544212696,