{
  "attempt": "drop0p08-blend0p45-adapt0p16-policy0p15",
  "drop": 0.08,
  "max_blend": 0.45,
  "policy_weight": 0.15,
  "adapt_gain": 0.16,
  "support_floor": -0.005,
  "slip_limit": 0.08,
  "ik": {
    "drop": 0.08,
    "start_height": 0.755,
    "target_height": 0.675,
    "success": true,
    "cost": 0.07527746714403195,
    "nfev": 6,
    "rms_foot_error": 0.0006108590297431658,
    "max_foot_error": 0.0006108590424735445,
    "lower_body_target": [
      -0.575114476925352,
      -0.0003914080673100065,
      -0.00037249026131839743,
      1.2168642879959017,
      -0.35307724934194473,
      -1.8902048011641678e-17,
      -0.5751144768987575,
      0.0003914087744053887,
      0.0003724908824383186,
      1.2168642877780107,
      -0.3530772461397548,
      2.482051673038081e-17,
      0.0,
      0.0,
      0.073
    ]
  },
  "start_height": 0.755,
  "min_height": -0.7802719109760398,
  "visible_drop": 1.5352719109760398,
  "first_visible_at": 1.02,
  "fell_at": 1.32,
  "final_height": -0.7572458597541092,
  "return_to_stand": false,
  "foot_contact_ratio": 0.9166666666666666,
  "foot_slip_distance": 1.0165868962403992,
  "min_support_margin": -0.644820497272238,
  "first_support_breach_at": 0.76,
  "first_slip_breach_at": 1.38,
  "max_joint_limit_violation": 0.03163106758101619,
  "max_knee_delta_rad": 0.6011192515001835,
  "max_hip_pitch_delta_rad": 0.19848644270848376,
  "max_blend_observed": 0.08408659341155807,
  "pass_gate": false,
  "samples": [
    {
      "t": 0.0,
      "height": 0.755,
      "visible_drop": 0.0,
      "desired_blend": 0.0,
      "blend_state": 0.0,
      "health": 1.0,
      "support_margin": 0.08631053913643147,
      "both_feet_contact": true,
      "foot_slip_distance": 0.0,
      "vertical_velocity": 0.0,
      "up_z": 1.0
    },
    {
      "t": 0.2,
      "height": 0.7319265676217879,
      "visible_drop": 0.023073432378212133,
      "desired_blend": 0.03461538461538462,
      "blend_state": 0.016263711694700658,
      "health": 0.9976025929265554,
      "support_margin": 0.08332126851191546,
      "both_feet_contact": true,
      "foot_slip_distance": 0.00019179256587557064,
      "vertical_velocity": -0.0552678691357833,
      "up_z": 0.9973434602801908
    },
    {
      "t": 0.4,
      "height": 0.7300620038732285,
      "visible_drop": 0.0249379961267715,
      "desired_blend": 0.06923076923076923,
      "blend_state": 0.048178790292999776,
      "health": 0.9969473529318377,
      "support_margin": 0.06550823896320238,
      "both_feet_contact": true,
      "foot_slip_distance": 0.000244211765452984,
      "vertical_velocity": -0.007949313239097311,
      "up_z": 0.998302907099894
    },
    {
      "t": 0.6,
      "height": 0.7268791579584204,
      "visible_drop": 0.028120842041579608,
      "desired_blend": 0.10384615384615384,
      "blend_state": 0.07952124830615373,
      "health": 0.8662258514816034,
      "support_margin": 0.03420671925300256,
      "both_feet_contact": true,
      "foot_slip_distance": 0.0004622798145765459,
      "vertical_velocity": -0.023168307714238612,
      "up_z": 0.9999524323808954
    },
    {
      "t": 0.8,
      "height": 0.7169869315379057,
      "visible_drop": 0.03801306846209429,
      "desired_blend": 0.13846153846153847,
      "blend_state": 0.07202490841353876,
      "health": 0.0,
      "support_margin": -0.0273928820507085,
      "both_feet_contact": true,
      "foot_slip_distance": 0.0011667713776055662,
      "vertical_velocity": -0.08086988061898892,
      "up_z": 0.9929447832068227
    },
    {
      "t": 1.0,
      "height": 0.6791102549945162,
      "visible_drop": 0.07588974500548384,
      "desired_blend": 0.17307692307692307,
      "blend_state": 0.05122490841353877,
      "health": 0.0,
      "support_margin": -0.139837569765277,
      "both_feet_contact": true,
      "foot_slip_distance": 0.0015648519255870462,
      "vertical_velocity": -0.29949879246387034,
      "up_z": 0.9492340871721081
    },
    {
      "t": 1.2,
      "height": 0.596689463254152,
      "visible_drop": 0.15831053674584805,
      "desired_blend": 0.20769230769230768,
      "blend_state": 0.030424908413538787,
      "health": 0.0,
      "support_margin": -0.32388122726099255,
      "both_feet_contact": true,
      "foot_slip_distance": 0.011097624518919423,
      "vertical_velocity": -0.7448710050619478,
      "up_z": 0.7491337184195908
    },
    {
      "t": 1.4,
      "height": 0.2846304887446674,
      "visible_drop": 0.4703695112553326,
      "desired_blend": 0.24230769230769236,
      "blend_state": 0.009624908413538797,
      "health": 0.0,
      "support_margin": -0.6024620778356375,
      "both_feet_contact": false,
      "foot_slip_distance": 0.10887133368431202,
      "vertical_velocity": -2.3488315732796137,
      "up_z": 0.3000286548637949
    },
    {
      "t": 1.6,
      "height": -0.39361736046734336,
      "visible_drop": 1.1486173604673433,
      "desired_blend": 0.27692307692307694,
      "blend_state": 0.0,
      "health": 0.0,
      "support_margin": -0.45193952649724045,
      "both_feet_contact": true,
      "foot_slip_distance": 0.5170623786415639,
      "vertical_velocity": -4.1551002674289155,
      "up_z": -0.5036521866364033
    },
    {
      "t": 1.8,
      "height": -0.77850250168058,
      "visible_drop": 1.53350250168058,
      "desired_blend": 0.31153846153846154,
      "blend_state": 0.0,
      "health": 0.0,
      "support_margin": 0.03310074190923762,
      "both_feet_contact": true,
      "foot_slip_distance": 1.0165868962403992,
      "vertical_velocity": 0.08847046477298837,
      "up_z": -0.9486479291062426
    },
    {
      "t": 2.0,
      "height": -0.6293940692060127,
      "visible_drop": 1.3843940692060128,
      "desired_blend": 0.34615384615384615,
      "blend_state": 0.0,
      "health": 0.0,
      "support_margin": -0.25166467554351046,
      "both_feet_contact": true,
      "foot_slip_distance": 0.9948328791451013,
      "vertical_velocity": 0.7000191072236872,
      "up_z": -0.7881338738661757
    },
    {
      "t": 2.2,
      "height": -0.5784142082280596,
      "visible_drop": 1.3334142082280596,
      "desired_blend": 0.38076923076923075,
      "blend_state": 0.0,
      "health": 0.0,
      "support_margin": -0.31556238719492624,
      "both_feet_contact": true,
      "foot_slip_distance": 0.9295890481105282,
      "vertical_velocity": -0.1267623481012059,
      "up_z": -0.7026754222419628
    },
    {
      "t": 2.4,
      "height": -0.6845357498753445,
      "visible_drop": 1.4395357498753445,
      "desired_blend": 0.41538461538461535,
      "blend_state": 0.0,
      "health": 0.0,
      "support_margin": -0.17231056212723184,
      "both_feet_contact": true,
      "foot_slip_distance": 0.8612042498077493,
      "vertical_velocity": -0.6535728681589192,
      "up_z": -0.8326336588416683
    },
    {
      "t": 2.6,
      "height": -0.7572046907870756,
      "visible_drop": 1.5122046907870756,
      "desired_blend": 0.45,
      "blend_state": 0.0,
      "health": 0.0,
      "support_margin": 0.07086140092412563,
      "both_feet_contact": true,
      "foot_slip_distance": 0.8556929433203663,
      "vertical_velocity": -0.12753907297665124,
      "up_z": -0.9921225797787645
    },
    {
      "t": 2.8,
      "height": -0.706033478124122,
      "visible_drop": 1.461033478124122,
      "desired_blend": 0.45,
      "blend_state": 0.0,
      "health": 0.0,
      "support_margin": -0.13479770096726662,
      "both_feet_contact": true,
      "foot_slip_distance": 0.8570030242455764,
      "vertical_velocity": 0.4858098679453249,
      "up_z": -0.9327853592889579
    },
    {
      "t": 3.0,
      "height": -0.6263702786036369,
      "visible_drop": 1.381370278603637,
      "desired_blend": 0.45,
      "blend_state": 0.0,
      "health": 0.0,
      "support_margin": -0.26510666243235304,
      "both_feet_contact": true,
      "foot_slip_distance": 0.8629389832065759,
      "vertical_velocity": 0.18878546114949324,