{
  "attempt": "lower-gain2p0",
  "drop": 0.08,
  "max_blend": 0.38,
  "policy_weight": 1.0,
  "adapt_gain": 0.11,
  "support_floor": -0.005,
  "slip_limit": 0.08,
  "ik": {
    "drop": 0.08,
    "start_height": 0.755,
    "target_height": 0.675,
    "success": true,
    "cost": 0.07527746714403195,
    "nfev": 6,
    "rms_foot_error": 0.0006108590297431658,
    "max_foot_error": 0.0006108590424735445,
    "lower_body_target": [
      -0.575114476925352,
      -0.0003914080673100065,
      -0.00037249026131839743,
      1.2168642879959017,
      -0.35307724934194473,
      -1.8902048011641678e-17,
      -0.5751144768987575,
      0.0003914087744053887,
      0.0003724908824383186,
      1.2168642877780107,
      -0.3530772461397548,
      2.482051673038081e-17,
      0.0,
      0.0,
      0.073
    ]
  },
  "start_height": 0.755,
  "min_height": 0.752600326811945,
  "visible_drop": 0.002399673188055007,
  "first_visible_at": null,
  "fell_at": null,
  "final_height": 0.7567605676511604,
  "return_to_stand": true,
  "foot_contact_ratio": 0.99,
  "foot_slip_distance": 0.08898718747803794,
  "min_support_margin": 0.07372090090412159,
  "first_support_breach_at": null,
  "first_slip_breach_at": 4.94,
  "max_joint_limit_violation": 0.0,
  "max_knee_delta_rad": 0.06288135921974813,
  "max_hip_pitch_delta_rad": 0.04538052778909879,
  "max_blend_observed": 0.08539497854611669,
  "pass_gate": false,
  "samples": [
    {
      "t": 0.0,
      "height": 0.755,
      "visible_drop": 0.0,
      "desired_blend": 0.0,
      "blend_state": 0.0,
      "health": 1.0,
      "support_margin": 0.08631053913643147,
      "both_feet_contact": true,
      "foot_slip_distance": 0.0,
      "vertical_velocity": 0.0,
      "up_z": 1.0
    },
    {
      "t": 0.2,
      "height": 0.758218120761224,
      "visible_drop": -0.0032181207612239637,
      "desired_blend": 0.029230769230769234,
      "blend_state": 0.020960952481725824,
      "health": 0.9136839591041939,
      "support_margin": 0.08024302732291846,
      "both_feet_contact": true,
      "foot_slip_distance": 0.00690528327166449,
      "vertical_velocity": 0.004231751319727639,
      "up_z": 0.9994692048904025
    },
    {
      "t": 0.4,
      "height": 0.7572977001537993,
      "visible_drop": -0.0022977001537992647,
      "desired_blend": 0.05846153846153847,
      "blend_state": 0.03535442341916656,
      "health": 0.7265579713120527,
      "support_margin": 0.07934277748620125,
      "both_feet_contact": true,
      "foot_slip_distance": 0.021875362295035786,
      "vertical_velocity": -0.006421302671144602,
      "up_z": 0.9992693464786182
    },
    {
      "t": 0.6,
      "height": 0.7563368918710425,
      "visible_drop": -0.001336891871042467,
      "desired_blend": 0.0876923076923077,
      "blend_state": 0.05037404591908186,
      "health": 0.6719540970916108,
      "support_margin": 0.07874771462589675,
      "both_feet_contact": true,
      "foot_slip_distance": 0.02624367223267114,
      "vertical_velocity": -0.006708029785207348,
      "up_z": 0.9994340144398762
    },
    {
      "t": 0.8,
      "height": 0.7555666275326152,
      "visible_drop": -0.0005666275326151604,
      "desired_blend": 0.11692307692307694,
      "blend_state": 0.06504809217883172,
      "health": 0.6638301873279684,
      "support_margin": 0.07653227927465572,
      "both_feet_contact": true,
      "foot_slip_distance": 0.02689358501376253,
      "vertical_velocity": -0.015310908694521341,
      "up_z": 0.9995021476808449
    },
    {
      "t": 1.0,
      "height": 0.7532130367514482,
      "visible_drop": 0.001786963248551765,
      "desired_blend": 0.14615384615384613,
      "blend_state": 0.07956266999730204,
      "health": 0.6579807378471956,
      "support_margin": 0.07458799184371612,
      "both_feet_contact": true,
      "foot_slip_distance": 0.027361540972224353,
      "vertical_velocity": -0.03161635955220565,
      "up_z": 0.9997439869512776
    },
    {
      "t": 1.2,
      "height": 0.7556392246472268,
      "visible_drop": -0.000639224647226766,
      "desired_blend": 0.1753846153846154,
      "blend_state": 0.08351447473488492,
      "health": 0.5919397779590039,
      "support_margin": 0.07741584873338722,
      "both_feet_contact": true,
      "foot_slip_distance": 0.032644817763279696,
      "vertical_velocity": 0.017950754244322464,
      "up_z": 0.9988030468517918
    },
    {
      "t": 1.4,
      "height": 0.7526104716266967,
      "visible_drop": 0.002389528373303307,
      "desired_blend": 0.20461538461538464,
      "blend_state": 0.08224390971683236,
      "health": 0.596131040611865,
      "support_margin": 0.07782701199221935,
      "both_feet_contact": true,
      "foot_slip_distance": 0.03230951675105081,
      "vertical_velocity": 0.000507240737585013,
      "up_z": 0.9995518022191546
    },
    {
      "t": 1.6,
      "height": 0.7551714818550181,
      "visible_drop": -0.00017148185501814073,
      "desired_blend": 0.23384615384615387,
      "blend_state": 0.07884289858777413,
      "health": 0.5361444684846454,
      "support_margin": 0.08146437480973301,
      "both_feet_contact": true,
      "foot_slip_distance": 0.03710844252122837,
      "vertical_velocity": -0.020137662296937364,
      "up_z": 0.9996461824448613
    },
    {
      "t": 1.8,
      "height": 0.7541071877802067,
      "visible_drop": 0.0008928122197933153,
      "desired_blend": 0.2630769230769231,
      "blend_state": 0.07620272723108881,
      "health": 0.5033977781263796,
      "support_margin": 0.08409789301788183,
      "both_feet_contact": true,
      "foot_slip_distance": 0.039728177749889626,
      "vertical_velocity": 0.03402670757360893,
      "up_z": 0.9987757532771975
    },
    {
      "t": 2.0,
      "height": 0.7546268503802206,
      "visible_drop": 0.0003731496197794115,
      "desired_blend": 0.29230769230769227,
      "blend_state": 0.07278592286585465,
      "health": 0.49167417548694803,
      "support_margin": 0.08346780555701969,
      "both_feet_contact": true,
      "foot_slip_distance": 0.04066606596104416,
      "vertical_velocity": -0.008796073377587144,
      "up_z": 0.9991254179162262
    },
    {
      "t": 2.2,
      "height": 0.7555582084058684,
      "visible_drop": -0.0005582084058683989,
      "desired_blend": 0.32153846153846155,
      "blend_state": 0.06893540957915932,
      "health": 0.43949243814085015,
      "support_margin": 0.08633984470265293,
      "both_feet_contact": true,
      "foot_slip_distance": 0.04484060494873199,
      "vertical_velocity": 0.00898909451779728,
      "up_z": 0.9994744837713361
    },
    {
      "t": 2.4,
      "height": 0.7536673076905726,
      "visible_drop": 0.0013326923094274523,
      "desired_blend": 0.3507692307692308,
      "blend_state": 0.06428713349011737,
      "health": 0.43930595245327475,
      "support_margin": 0.08640865931011862,
      "both_feet_contact": true,
      "foot_slip_distance": 0.04485552380373802,
      "vertical_velocity": -0.024146922564444173,
      "up_z": 0.9996675922734177
    },
    {
      "t": 2.6,
      "height": 0.7565262397739301,
      "visible_drop": -0.0015262397739300715,
      "desired_blend": 0.38,
      "blend_state": 0.05830206275462163,
      "health": 0.3460931234137157,
      "support_margin": 0.09307004168674751,
      "both_feet_contact": true,
      "foot_slip_distance": 0.052312550126902745,
      "vertical_velocity": 0.0033794918465612778,
      "up_z": 0.9990338689455865
    },
    {
      "t": 2.8,
      "height": 0.7550900296363064,
      "visible_drop": -9.002963630644345e-05,
      "desired_blend": 0.38,
      "blend_state": 0.05134692899254238,
      "health": 0.3128684971810145,
      "support_margin": 0.09610182702108443,
      "both_feet_contact": true,
      "foot_slip_distance": 0.05497052022551884,
      "vertical_velocity": -9.34095358895437e-05,
      "up_z": 0.9994942565227551
    },
    {
      "t": 3.0,
      "height": 0.7547097496699432,