{
  "native": {
    "attempt": "ramp-stage-0p74-gain-0p25",
    "mode": "reference-ramp",
    "stage_height": 0.74,
    "reference_gain": 0.25,
    "ramp_s": 3.0,
    "residual_scale": 1.0,
    "params_path": "C:\\Users\\yusun\\projects\\physical-ai\\experiments\\22-g1-squat-depth-finetune\\verify\\train\\params.pkl",
    "seconds": 6.0,
    "start_height": 0.755,
    "min_height": 0.7474501610425651,
    "visible_drop": 0.0075498389574348845,
    "first_visible_at": null,
    "fell_at": null,
    "upright_s": 6.0,
    "hold_duration_at_or_below_stage": 0.0,
    "final_height": 0.7496350937819697,
    "return_to_stand": true,
    "foot_contact_ratio": 1.0,
    "foot_slip_distance": 0.011789635483797486,
    "min_support_margin": 0.06858119915943975,
    "first_support_breach_at": null,
    "max_downward_velocity": -0.039663726320710024,
    "max_reference_error": 0.0017639431507713616,
    "max_height_error": 0.00019864099281107983,
    "max_joint_limit_violation": 0.0,
    "pass_gate": false,
    "verdict": "DEPTH_PENDING",
    "samples": [
      {
        "t": 0.0,
        "base_height": 0.755,
        "visible_drop": 0.0,
        "target_height": 0.7549999952316284,
        "up_z": 1.0,
        "both_feet_contact": true,
        "foot_slip_distance": 0.0,
        "support_margin": 0.08631053913643147,
        "vertical_velocity": 0.0,
        "reference_error": 1.2614786223382194e-16,
        "height_error": 2.2737367586674853e-17
      },
      {
        "t": 0.2,
        "base_height": 0.753872523141738,
        "visible_drop": 0.0011274768582619776,
        "target_height": 0.7400000095367432,
        "up_z": 0.9997465627088912,
        "both_feet_contact": true,
        "foot_slip_distance": 0.0005519861033120595,
        "support_margin": 0.08618324118230994,
        "vertical_velocity": -0.011074597902394068,
        "reference_error": 0.00033838708184935124,
        "height_error": 0.00019244663372076757
      },
      {
        "t": 0.4,
        "base_height": 0.7522315402995304,
        "visible_drop": 0.002768459700469572,
        "target_height": 0.7400000095367432,
        "up_z": 0.9993932918885147,
        "both_feet_contact": true,
        "foot_slip_distance": 0.001020882133239144,
        "support_margin": 0.0821381637961355,
        "vertical_velocity": -0.007517760840530796,
        "reference_error": 0.0004601087354742306,
        "height_error": 0.00014961034480101128
      },
      {
        "t": 0.6,
        "base_height": 0.7510484746900926,
        "visible_drop": 0.003951525309907389,
        "target_height": 0.7400000095367432,
        "up_z": 0.9991965495594709,
        "both_feet_contact": true,
        "foot_slip_distance": 0.0015183568770011653,
        "support_margin": 0.0780682932122425,
        "vertical_velocity": -0.004368428757006715,
        "reference_error": 0.00046006533774270653,
        "height_error": 0.00012206858224477712
      },
      {
        "t": 0.8,
        "base_height": 0.7504560085866059,
        "visible_drop": 0.004543991413394122,
        "target_height": 0.7400000095367432,
        "up_z": 0.9991019427183939,
        "both_feet_contact": true,
        "foot_slip_distance": 0.0019805621596371836,
        "support_margin": 0.07542440538667317,
        "vertical_velocity": -0.002129764176733717,
        "reference_error": 0.0005368381953151015,
        "height_error": 0.00010932791613073008
      },
      {
        "t": 1.0,
        "base_height": 0.7500993260988034,
        "visible_drop": 0.004900673901196639,
        "target_height": 0.7400000095367432,
        "up_z": 0.9991039946629857,
        "both_feet_contact": true,
        "foot_slip_distance": 0.002450789919274104,
        "support_margin": 0.07413389884723146,
        "vertical_velocity": -0.001641513762390412,
        "reference_error": 0.0007453640161219671,
        "height_error": 0.00010199619502070347
      },
      {
        "t": 1.2,
        "base_height": 0.7498231634563852,
        "visible_drop": 0.005176836543614782,
        "target_height": 0.7400000095367432,
        "up_z": 0.9991558234010154,
        "both_feet_contact": true,
        "foot_slip_distance": 0.00291052558294213,
        "support_margin": 0.07363514704636129,
        "vertical_velocity": -0.0012460080355547465,
        "reference_error": 0.0010670061185790879,
        "height_error": 9.649435292897913e-05
      },
      {
        "t": 1.4,
        "base_height": 0.7495272103661029,
        "visible_drop": 0.005472789633897079,
        "target_height": 0.7400000095367432,
        "up_z": 0.9992084363509822,
        "both_feet_contact": true,
        "foot_slip_distance": 0.0033578489659100152,
        "support_margin": 0.07338329495909365,
        "vertical_velocity": -0.0017719650296454947,
        "reference_error": 0.001511197453920651,
        "height_error": 9.076755564295331e-05
      },
      {
        "t": 1.6,
        "base_height": 0.749133385308678,
        "visible_drop": 0.005866614691321992,
        "target_height": 0.7400000095367432,
        "up_z": 0.9992460361042043,
        "both_feet_contact": true,
        "foot_slip_distance": 0.0037945237423192423,
        "support_margin": 0.07302492341104366,
        "vertical_velocity": -0.001730360171076084,
        "reference_error": 0.0016939576517802123,
        "height_error": 8.341855299136649e-05
      },
      {
        "t": 1.8,
        "base_height": 0.7488250482194942,
        "visible_drop": 0.006174951780505755,
        "target_height": 0.7400000095367432,
        "up_z": 0.99925376888552,
        "both_feet_contact": true,
        "foot_slip_distance": 0.00422017073265712,
        "support_margin": 0.07250835537133896,
        "vertical_velocity": -0.0016379623318629744,
        "reference_error": 0.0015979299232244336,
        "height_error": 7.7881307752053e-05
      },
      {
        "t": 2.0,
        "base_height": 0.7484626362662599,
        "visible_drop": 0.0065373637337401425,
        "target_height": 0.7400000095367432,
        "up_z": 0.9992531312252902,
        "both_feet_contact": true,
        "foot_slip_distance": 0.004637309363707258,
        "support_margin": 0.07186502384362276,
        "vertical_velocity": -0.0018375664937009262,
        "reference_error": 0.00149674077123661,
        "height_error": 7.161605116313048e-05
      },
      {
        "t": 2.2,
        "base_height": 0.7481152928547073,
        "visible_drop": 0.006884707145292657,
        "target_height": 0.7400000095367432,
        "up_z": 0.9992552980348909,
        "both_feet_contact": true,
        "foot_slip_distance": 0.0050419507866393985,
        "support_margin": 0.07117943500030896,
        "vertical_velocity": -0.001676288122209879,
        "reference_error": 0.0014036434803732347,
        "height_error": 6.585782333082777e-05
      },
      {
        "t": 2.4,
        "base_height": 0.7477830936675564,
        "visible_drop": 0.007216906332443651,
        "target_height": 0.7400000095367432,
        "up_z": 0.9992597846414191,
        "both_feet_contact": true,
        "foot_slip_distance": 0.005436637144263957,
        "support_margin": 0.07050326785001429,
        "vertical_velocity": -0.001644191413863183,
        "reference_error": 0.0013206202884584208,
        "height_error": 6.05763985873161e-05
      },
      {
        "t": 2.6,
        "base_height": 0.7475151454710083,
        "visible_drop": 0.0074848545289917245,
        "target_height": 0.7400000095367432,
        "up_z": 0.9992558540716138,
        "both_feet_contact": true,
        "foot_slip_distance": 0.005820268224535432,
        "support_margin": 0.0698465948605848,
        "vertical_velocity": -0.0004870333911000113,
        "reference_error": 0.001004503413569321,
        "height_error": 5.647726811048282e-05
      },
      {
        "t": 2.8,
        "base_height": 0.7474651099404497,
        "visible_drop": 0.007534890059550325,
        "target_height": 0.7400000095367432,
        "up_z": 0.9992237231663385,