{
  "stage_height": 0.67,
  "max_blend": 0.45,
  "target_drop": 0.08,
  "descent_rate_cap": 0.03,
  "slip_abort": 0.2,
  "return_blend": 1.0,
  "return_rate": 0.06,
  "freeze_phase": true,
  "reference_scale": 1.0,
  "params_path": "C:\\Users\\yusun\\projects\\physical-ai\\experiments\\22-g1-squat-depth-finetune\\verify\\train\\params.pkl",
  "seconds": 9.0,
  "start_height": 0.755,
  "min_height": -0.7735524962726474,
  "visible_drop": 1.5285524962726473,
  "fell_at": 4.88,
  "upright_s": 4.88,
  "final_height": -0.7241966626939712,
  "return_to_stand": false,
  "torso_up_min_observed": -0.9998816100704087,
  "foot_contact_ratio": 0.8911111111111111,
  "visible_contact_ratio": 0.4,
  "foot_slip_distance": 1.161956016726721,
  "stance_ok": false,
  "max_reference_error": 0.1380430083665863,
  "max_height_error": 2.3364727192839294,
  "max_joint_limit_violation": 0.0408078167009549,
  "guard_trip_count": 13,
  "max_observed_blend": 0.45,
  "max_return_mix": 1.0,
  "trigger_reason": "contact_loss",
  "trigger_time": 4.3,
  "mode_counts": {
    "descend": 215,
    "return": 0,
    "abort": 235
  },
  "pass_gate": false,
  "verdict": "FAIL_FALL",
  "samples": [
    {
      "t": 0.0,
      "mode": "descend",
      "base_height": 0.755,
      "target_height": 0.7549999952316284,
      "visible_drop": 0.0,
      "drop_rate": 0.0,
      "up_z": 1.0,
      "both_feet_contact": true,
      "foot_slip_distance": 0.0,
      "controller_blend": 0.0,
      "return_mix": 0.0
    },
    {
      "t": 0.2,
      "mode": "descend",
      "base_height": 0.7535318357956522,
      "target_height": 0.7369999885559082,
      "visible_drop": 0.0014681642043478105,
      "drop_rate": 0.013881029009160661,
      "up_z": 0.9997367550218275,
      "both_feet_contact": true,
      "foot_slip_distance": 0.0005454697195395789,
      "controller_blend": 0.05,
      "return_mix": 0.0
    },
    {
      "t": 0.4,
      "mode": "descend",
      "base_height": 0.7514083104264634,
      "target_height": 0.718999981880188,
      "visible_drop": 0.003591689573536616,
      "drop_rate": 0.009780108992513137,
      "up_z": 0.9993749063096938,
      "both_feet_contact": true,
      "foot_slip_distance": 0.0009857697772559565,
      "controller_blend": 0.1,
      "return_mix": 0.0
    },
    {
      "t": 0.6,
      "mode": "descend",
      "base_height": 0.7496517001718501,
      "target_height": 0.7009999752044678,
      "visible_drop": 0.005348299828149883,
      "drop_rate": 0.007616231677654017,
      "up_z": 0.9991817258163581,
      "both_feet_contact": true,
      "foot_slip_distance": 0.001440423750024474,
      "controller_blend": 0.15,
      "return_mix": 0.0
    },
    {
      "t": 0.8,
      "mode": "descend",
      "base_height": 0.7483527115607714,
      "target_height": 0.6830000281333923,
      "visible_drop": 0.006647288439228571,
      "drop_rate": 0.005992914444713504,
      "up_z": 0.9990833694723836,
      "both_feet_contact": true,
      "foot_slip_distance": 0.0018522457783623244,
      "controller_blend": 0.2,
      "return_mix": 0.0
    },
    {
      "t": 1.0,
      "mode": "descend",
      "base_height": 0.7470459212084622,
      "target_height": 0.6700000166893005,
      "visible_drop": 0.007954078791537755,
      "drop_rate": 0.007032394352668447,
      "up_z": 0.9990673689428833,
      "both_feet_contact": true,
      "foot_slip_distance": 0.0022593606100252874,
      "controller_blend": 0.25,
      "return_mix": 0.0
    },
    {
      "t": 1.2,
      "mode": "descend",
      "base_height": 0.7456108966833087,
      "target_height": 0.6700000166893005,
      "visible_drop": 0.009389103316691294,
      "drop_rate": 0.007404758052603766,
      "up_z": 0.9990980415561217,
      "both_feet_contact": true,
      "foot_slip_distance": 0.0026485486870866867,
      "controller_blend": 0.3,
      "return_mix": 0.0
    },
    {
      "t": 1.4,
      "mode": "descend",
      "base_height": 0.743984472573184,
      "target_height": 0.6700000166893005,
      "visible_drop": 0.011015527426815996,
      "drop_rate": 0.008791142847264233,
      "up_z": 0.999153104919703,
      "both_feet_contact": true,
      "foot_slip_distance": 0.003020259741049745,
      "controller_blend": 0.35000000000000003,
      "return_mix": 0.0
    },
    {
      "t": 1.6,
      "mode": "descend",
      "base_height": 0.7421667700995495,
      "target_height": 0.6700000166893005,
      "visible_drop": 0.012833229900450549,
      "drop_rate": 0.007882381290202911,
      "up_z": 0.9992043582744625,
      "both_feet_contact": true,
      "foot_slip_distance": 0.003372142078048221,
      "controller_blend": 0.4,
      "return_mix": 0.0
    },
    {
      "t": 1.8,
      "mode": "descend",
      "base_height": 0.7406549158120079,
      "target_height": 0.6700000166893005,
      "visible_drop": 0.014345084187992074,
      "drop_rate": 0.008438259321719155,
      "up_z": 0.9991995932128155,
      "both_feet_contact": true,
      "foot_slip_distance": 0.003705778264638898,
      "controller_blend": 0.45,
      "return_mix": 0.0
    },
    {
      "t": 2.0,
      "mode": "descend",
      "base_height": 0.7399565194889863,
      "target_height": 0.6700000166893005,
      "visible_drop": 0.015043480511013674,
      "drop_rate": 0.0,
      "up_z": 0.9991977717133409,
      "both_feet_contact": true,
      "foot_slip_distance": 0.0040336591278725895,
      "controller_blend": 0.45,
      "return_mix": 0.0
    },
    {
      "t": 2.2,
      "mode": "descend",
      "base_height": 0.7399819209203595,
      "target_height": 0.6700000166893005,
      "visible_drop": 0.015018079079640478,
      "drop_rate": 0.0,
      "up_z": 0.9992621288198272,
      "both_feet_contact": true,
      "foot_slip_distance": 0.004362440460652828,
      "controller_blend": 0.45,
      "return_mix": 0.0
    },
    {
      "t": 2.4,
      "mode": "descend",
      "base_height": 0.7400479724080481,
      "target_height": 0.6700000166893005,
      "visible_drop": 0.01495202759195191,
      "drop_rate": 0.0,
      "up_z": 0.9993367296104034,
      "both_feet_contact": true,
      "foot_slip_distance": 0.004688758334549984,
      "controller_blend": 0.45,
      "return_mix": 0.0
    },
    {
      "t": 2.6,
      "mode": "descend",
      "base_height": 0.7403064860820655,
      "target_height": 0.6700000166893005,
      "visible_drop": 0.014693513917934498,
      "drop_rate": 0.0,
      "up_z": 0.9994072545792366,
      "both_feet_contact": true,
      "foot_slip_distance": 0.005014187049015717,
      "controller_blend": 0.45,
      "return_mix": 0.0
    },
    {
      "t": 2.8,
      "mode": "descend",
      "base_height": 0.7413057593915343,
      "target_height": 0.6700000166893005,
      "visible_drop": 0.013694240608465691,
      "drop_rate": 0.0,
      "up_z": 0.9994217498522944,
      "both_feet_contact": true,
      "foot_slip_distance": 0.00534332563817877,
      "controller_blend": 0.45,
      "return_mix": 0.0
    },
    {
      "t": 3.0,
      "mode": "descend",
      "base_height": 0.7423741919284286,
      "target_height": 0.6700000166893005,
      "visible_drop": 0.012625808071571432,
      "drop_rate": 0.0,
      "up_z": 0.9994921975490458,
      "both_feet_contact": true,
      "foot_slip_distance": 0.005679437487088562,
      "controller_blend": 0.45,
      "return_mix": 0.0
    },
    {
      "t": 3.2,
      "mode": "descend",
      "base_height": 0.7434692736882065,
      "target_height": 0.6830000281333923,
      "visible_drop": 0.011530726311793527,
      "drop_rate": 0.0,
      "up_z": 0.999618336820605,
      "both_feet_contact": true,
      "foot_slip_distance": 0.006015553444406902,
      "controller_blend": 0.45,
      "return_mix": 0.0
    },
    {
      "t": 3.4,
      "mode": "descend",
      "base_height": 0.744542845833633,
      "target_height": 0.7009999752044678,
      "visible_drop": 0.010457154166367055,
      "drop_rate": 0.0,
      "up_z": 0.9998055452494313,
      "both_feet_contact": true,