{
  "attempt": "reference-anchor-step1p0",
  "variant": {
    "seconds": 6.0,
    "quat_mode": "wxyz",
    "attempt": "reference-anchor-step1p0",
    "start_mode": "reference",
    "anchor_mode": "reference",
    "action_step": 1.0,
    "blend_reference": 0.0
  },
  "start_height": 0.805576,
  "min_height": -0.7063845230003037,
  "visible_drop": 1.5119605230003037,
  "fell_at": 0.36,
  "final_height": -0.21238046692733745,
  "return_to_stand": false,
  "foot_contact_ratio": 0.16333333333333333,
  "foot_slip_distance": 1.5639301131722267,
  "min_support_margin": -0.443260646695475,
  "max_joint_limit_violation": 0.296080444240544,
  "max_knee_delta_rad": 2.738007169738143,
  "max_hip_pitch_delta_rad": 2.4475988935633968,
  "action_min": -11.621895790100098,
  "action_max": 23.591867446899414,
  "obs_abs_max": 47.08399963378906,
  "samples": [
    {
      "t": 0.0,
      "motion_idx": 0,
      "height": 0.8050182121008055,
      "visible_drop": 0.0005577878991944729,
      "both_feet_contact": false,
      "foot_slip_distance": 0.018535209538233375,
      "support_margin": 0.10266099222333787,
      "knee_delta": 0.10164226114826301,
      "hip_delta": 0.28074067482304266,
      "up_z": 0.9984830951592537,
      "action_min": -1.9447557926177979,
      "action_max": 1.548161506652832
    },
    {
      "t": 0.2,
      "motion_idx": 12,
      "height": 0.7048985421168107,
      "visible_drop": 0.10067745788318927,
      "both_feet_contact": false,
      "foot_slip_distance": 0.16611217521787483,
      "support_margin": 0.1561615901354323,
      "knee_delta": 2.0598844518358566,
      "hip_delta": 0.8181297226483101,
      "up_z": 0.8375236333987921,
      "action_min": -2.8782968521118164,
      "action_max": 3.6622557640075684
    },
    {
      "t": 0.4,
      "motion_idx": 24,
      "height": 0.3550110477051946,
      "visible_drop": 0.45056495229480537,
      "both_feet_contact": false,
      "foot_slip_distance": 0.4657802198178029,
      "support_margin": -0.07491512493248079,
      "knee_delta": 2.738007169738143,
      "hip_delta": 1.8462614329995306,
      "up_z": 0.7887299435235492,
      "action_min": -4.625016689300537,
      "action_max": 3.9319779872894287
    },
    {
      "t": 0.6,
      "motion_idx": 36,
      "height": -0.11142695127122237,
      "visible_drop": 0.9170029512712223,
      "both_feet_contact": false,
      "foot_slip_distance": 0.5995418695134852,
      "support_margin": -0.36874110033227353,
      "knee_delta": 2.738007169738143,
      "hip_delta": 1.8462614329995306,
      "up_z": -0.2018401727335415,
      "action_min": -5.0533833503723145,
      "action_max": 4.044414520263672
    },
    {
      "t": 0.8,
      "motion_idx": 48,
      "height": -0.526703447345744,
      "visible_drop": 1.332279447345744,
      "both_feet_contact": true,
      "foot_slip_distance": 0.3481281761518581,
      "support_margin": 0.013260609545286933,
      "knee_delta": 2.738007169738143,
      "hip_delta": 2.227373849082645,
      "up_z": -0.6959577221837717,
      "action_min": -5.316649913787842,
      "action_max": 6.890073299407959
    },
    {
      "t": 1.0,
      "motion_idx": 60,
      "height": -0.5044544280130121,
      "visible_drop": 1.310030428013012,
      "both_feet_contact": false,
      "foot_slip_distance": 0.844673356608431,
      "support_margin": 0.10237217887677097,
      "knee_delta": 2.738007169738143,
      "hip_delta": 2.227373849082645,
      "up_z": -0.35920656590716477,
      "action_min": -6.7565107345581055,
      "action_max": 6.103605270385742
    },
    {
      "t": 1.2,
      "motion_idx": 72,
      "height": -0.35006632465368676,
      "visible_drop": 1.1556423246536867,
      "both_feet_contact": false,
      "foot_slip_distance": 0.7190511794052039,
      "support_margin": 0.04958499479944317,
      "knee_delta": 2.738007169738143,
      "hip_delta": 2.227373849082645,
      "up_z": -0.8187892063094868,
      "action_min": -7.050384044647217,
      "action_max": 9.065185546875
    },
    {
      "t": 1.4,
      "motion_idx": 84,
      "height": -0.3108090802635177,
      "visible_drop": 1.1163850802635178,
      "both_feet_contact": false,
      "foot_slip_distance": 1.2042499912733324,
      "support_margin": 0.14601384691825536,
      "knee_delta": 2.738007169738143,
      "hip_delta": 2.227373849082645,
      "up_z": -0.774382102368646,
      "action_min": -6.077880859375,
      "action_max": 9.644888877868652
    },
    {
      "t": 1.6,
      "motion_idx": 96,
      "height": -0.2456469310735487,
      "visible_drop": 1.0512229310735486,
      "both_feet_contact": false,
      "foot_slip_distance": 1.0066940017187114,
      "support_margin": -0.007417115603227012,
      "knee_delta": 2.738007169738143,
      "hip_delta": 2.227373849082645,
      "up_z": -0.9412750985617286,
      "action_min": -8.328035354614258,
      "action_max": 14.657258033752441
    },
    {
      "t": 1.8,
      "motion_idx": 108,
      "height": -0.484233904353999,
      "visible_drop": 1.289809904353999,
      "both_feet_contact": false,
      "foot_slip_distance": 0.9307119987973322,
      "support_margin": 0.07509551999443353,
      "knee_delta": 2.738007169738143,
      "hip_delta": 2.227373849082645,
      "up_z": -0.8770857804440244,
      "action_min": -6.1513447761535645,
      "action_max": 6.773132801055908
    },
    {
      "t": 2.0,
      "motion_idx": 120,
      "height": -0.5101850925539335,
      "visible_drop": 1.3157610925539336,
      "both_feet_contact": true,
      "foot_slip_distance": 1.4471558823757282,
      "support_margin": -0.014432121653183999,
      "knee_delta": 2.738007169738143,
      "hip_delta": 2.227373849082645,
      "up_z": -0.739973993754974,
      "action_min": -6.047223091125488,
      "action_max": 10.13014030456543
    },
    {
      "t": 2.2,
      "motion_idx": 132,
      "height": -0.48494009259925036,
      "visible_drop": 1.2905160925992503,
      "both_feet_contact": false,
      "foot_slip_distance": 1.084891465467375,
      "support_margin": -0.008371627781958102,
      "knee_delta": 2.738007169738143,
      "hip_delta": 2.227373849082645,
      "up_z": -0.7370431703058471,
      "action_min": -8.490679740905762,
      "action_max": 20.631349563598633
    },
    {
      "t": 2.4,
      "motion_idx": 144,
      "height": -0.46857208845723125,
      "visible_drop": 1.2741480884572312,
      "both_feet_contact": false,
      "foot_slip_distance": 1.0873372517895428,
      "support_margin": -0.1627243033651442,
      "knee_delta": 2.738007169738143,
      "hip_delta": 2.227373849082645,
      "up_z": -0.8033458996040848,
      "action_min": -5.602430820465088,
      "action_max": 5.006117820739746
    },
    {
      "t": 2.6,
      "motion_idx": 156,
      "height": -0.5063267106187643,
      "visible_drop": 1.3119027106187642,
      "both_feet_contact": false,
      "foot_slip_distance": 1.142366371332533,
      "support_margin": -0.0193924594243729,
      "knee_delta": 2.738007169738143,
      "hip_delta": 2.227373849082645,
      "up_z": -0.9772739526100491,
      "action_min": -5.578665256500244,
      "action_max": 4.087477684020996
    },
    {
      "t": 2.8,
      "motion_idx": 168,
      "height": -0.4321423347241489,
      "visible_drop": 1.237718334724149,
      "both_feet_contact": false,
      "foot_slip_distance": 1.2495491311667732,
      "support_margin": -0.009161331622077551,
      "knee_delta": 2.738007169738143,
      "hip_delta": 2.227373849082645,
      "up_z": -0.9925932244437776,
      "action_min": -4.863084316253662,
      "action_max": 10.038443565368652
    },
    {
      "t": 3.0,
      "motion_idx": 180,
      "height": -0.48993322919276977,
      "visible_drop": 1.2955092291927697,
      "both_feet_contact": false,
      "foot_slip_distance": 1.2249495968288004,
      "support_margin": 0.02081007745581953,
      "knee_delta": 2.738007169738143,
      "hip_delta": 2.227373849082645,
      "up_z": -0.9843426350077092,