{
  "native": {
    "attempt": "support-gated-low-policy-0p45",
    "command_gain": 0.45,
    "support_gate": true,
    "slip_gate": true,
    "policy_weight": 0.7,
    "descend_s": 3.2,
    "hold_s": 0.2,
    "return_s": 2.8,
    "params_path": "C:\\Users\\yusun\\projects\\physical-ai\\experiments\\46-g1-force-torque-residual\\verify\\stage-0p74\\attempts\\force-torque-20k\\train\\params.pkl",
    "start_height": 0.755,
    "min_height": -0.7820733504215194,
    "visible_drop": 1.5370733504215193,
    "first_visible_at": 2.56,
    "fell_at": 2.84,
    "final_height": -0.743429194127415,
    "return_to_stand": false,
    "foot_contact_ratio": 0.8466666666666667,
    "foot_slip_distance": 0.9026769386064029,
    "min_support_margin": -0.5912655157946801,
    "first_support_breach_at": 2.22,
    "max_joint_limit_violation": 0.05739601024419283,
    "max_total_foot_normal_force": 2977.6754379750664,
    "max_lr_normal_imbalance": 1.0,
    "max_lower_inverse_torque": 18737.037765184494,
    "max_observed_command_gain": 0.2896875,
    "pass_gate": false,
    "verdict": "FAIL_FALL",
    "samples": [
      {
        "t": 0.0,
        "height": 0.7540826666078421,
        "visible_drop": 0.0009173333921579374,
        "command_gain": 0.0,
        "support_margin": 0.08631053913643147,
        "both_feet_contact": true,
        "foot_slip_distance": 0.0,
        "lr_normal_imbalance": 0.3565796923942094,
        "inverse_torque": 14.325997974016682,
        "up_z": 0.999997676887376
      },
      {
        "t": 0.2,
        "height": 0.7471939904165728,
        "visible_drop": 0.007806009583427254,
        "command_gain": 0.028125,
        "support_margin": 0.08930678225355193,
        "both_feet_contact": true,
        "foot_slip_distance": 0.00044689147250108154,
        "lr_normal_imbalance": 0.01818683499576596,
        "inverse_torque": 12.788920088543872,
        "up_z": 0.9994987532093171
      },
      {
        "t": 0.4,
        "height": 0.7453609533806248,
        "visible_drop": 0.009639046619375202,
        "command_gain": 0.05625,
        "support_margin": 0.08932864566696727,
        "both_feet_contact": true,
        "foot_slip_distance": 0.0007647530021599577,
        "lr_normal_imbalance": 0.007686087565388125,
        "inverse_torque": 12.419784125635427,
        "up_z": 0.9994916510363698
      },
      {
        "t": 0.6,
        "height": 0.7437599453439819,
        "visible_drop": 0.011240054656018073,
        "command_gain": 0.08437499999999999,
        "support_margin": 0.08822854806287755,
        "both_feet_contact": true,
        "foot_slip_distance": 0.0011832121206290895,
        "lr_normal_imbalance": 0.02445987758442264,
        "inverse_torque": 12.264871829645326,
        "up_z": 0.9997095558450607
      },
      {
        "t": 0.8,
        "height": 0.7420426231170856,
        "visible_drop": 0.012957376882914429,
        "command_gain": 0.1125,
        "support_margin": 0.08670716614753235,
        "both_feet_contact": true,
        "foot_slip_distance": 0.0016309484872753046,
        "lr_normal_imbalance": 0.037832349301504635,
        "inverse_torque": 12.25236596477788,
        "up_z": 0.9998493574998448
      },
      {
        "t": 1.0,
        "height": 0.7401501104104866,
        "visible_drop": 0.014849889589513388,
        "command_gain": 0.140625,
        "support_margin": 0.08474447791024073,
        "both_feet_contact": true,
        "foot_slip_distance": 0.002097939343617231,
        "lr_normal_imbalance": 0.03867802269049862,
        "inverse_torque": 12.386542314441911,
        "up_z": 0.9999403998169881
      },
      {
        "t": 1.2,
        "height": 0.7381526192367622,
        "visible_drop": 0.016847380763237774,
        "command_gain": 0.16874999999999998,
        "support_margin": 0.08209964624447125,
        "both_feet_contact": true,
        "foot_slip_distance": 0.002578218656189192,
        "lr_normal_imbalance": 0.04243709630248209,
        "inverse_torque": 12.507292781997997,
        "up_z": 0.999979501718574
      },
      {
        "t": 1.4,
        "height": 0.7359816964140019,
        "visible_drop": 0.019018303585998098,
        "command_gain": 0.196875,
        "support_margin": 0.07810879974934246,
        "both_feet_contact": true,
        "foot_slip_distance": 0.0030769349339781465,
        "lr_normal_imbalance": 0.04747225012887332,
        "inverse_torque": 12.642357548682952,
        "up_z": 0.9999229599645563
      },
      {
        "t": 1.6,
        "height": 0.7333400071179405,
        "visible_drop": 0.021659992882059553,
        "command_gain": 0.225,
        "support_margin": 0.07150483224755584,
        "both_feet_contact": true,
        "foot_slip_distance": 0.0036015993088697497,
        "lr_normal_imbalance": 0.052932496948377,
        "inverse_torque": 12.905507305079928,
        "up_z": 0.9996683340255278
      },
      {
        "t": 1.8,
        "height": 0.7296756982631348,
        "visible_drop": 0.025324301736865173,
        "command_gain": 0.253125,
        "support_margin": 0.06000757023469659,
        "both_feet_contact": true,
        "foot_slip_distance": 0.004185230831266917,
        "lr_normal_imbalance": 0.06270206794418165,
        "inverse_torque": 13.413138828970464,
        "up_z": 0.9989598985932711
      },
      {
        "t": 2.0,
        "height": 0.7232629630519947,
        "visible_drop": 0.03173703694800534,
        "command_gain": 0.28125,
        "support_margin": 0.039443048657041055,
        "both_feet_contact": true,
        "foot_slip_distance": 0.004905922536143852,
        "lr_normal_imbalance": 0.08547747833031946,
        "inverse_torque": 14.305327944439453,
        "up_z": 0.9971077513427142
      },
      {
        "t": 2.2,
        "height": 0.7180899086915773,
        "visible_drop": 0.03691009130842271,
        "command_gain": 0.09442225364374732,
        "support_margin": 0.0022081297640400566,
        "both_feet_contact": true,
        "foot_slip_distance": 0.006013464438058834,
        "lr_normal_imbalance": 0.016898232262242623,
        "inverse_torque": 18.27336471451814,
        "up_z": 0.9958388814600364
      },
      {
        "t": 2.4,
        "height": 0.7229380929786904,
        "visible_drop": 0.03206190702130962,
        "command_gain": 0.0,
        "support_margin": -0.0702606437871256,
        "both_feet_contact": true,
        "foot_slip_distance": 0.010456644400600202,
        "lr_normal_imbalance": 0.1913643674183116,
        "inverse_torque": 14.549034721276593,
        "up_z": 0.9829973683847706
      },
      {
        "t": 2.6,
        "height": 0.6549481450353271,
        "visible_drop": 0.10005185496467295,
        "command_gain": 0.0,
        "support_margin": -0.18834179943491658,
        "both_feet_contact": true,
        "foot_slip_distance": 0.032319257076778365,
        "lr_normal_imbalance": 0.6127172983246582,
        "inverse_torque": 10.035545982859025,
        "up_z": 0.9320534487747008
      },
      {
        "t": 2.8,
        "height": 0.5016727321411323,
        "visible_drop": 0.2533272678588677,
        "command_gain": 0.0,
        "support_margin": -0.408246663048882,
        "both_feet_contact": false,
        "foot_slip_distance": 0.049964707371677526,
        "lr_normal_imbalance": 1.0,
        "inverse_torque": 15.574582546629976,
        "up_z": 0.7747249669372738
      },
      {
        "t": 3.0,
        "height": 0.02411180900592604,
        "visible_drop": 0.730888190994074,
        "command_gain": 0.0,
        "support_margin": -0.5877820127314292,
        "both_feet_contact": true,
        "foot_slip_distance": 0.2333481916801604,
        "lr_normal_imbalance": 0.2320799778360443,
        "inverse_torque": 31.03370300456732,
        "up_z": 0.24236769810652156
      },
      {
        "t": 3.2,
        "height": -0.6848233038479677,
        "visible_drop": 1.4398233038479678,
        "command_gain": 0.0,
        "support_margin": -0.2842211437041827,