{
  "start_height": 0.755,
  "min_height": 0.7288284193952731,
  "visible_drop": 0.026171580604726907,
  "first_visible_at": null,
  "max_knee_delta_rad": 0.48205625858102197,
  "max_hip_pitch_delta_rad": 0.3406482808220768,
  "fell_at": null,
  "final_height": 0.7288284193952731,
  "return_to_stand": false,
  "foot_contact_ratio": 0.43333333333333335,
  "foot_slip_distance": 3.2362117895949396,
  "min_support_margin": 0.01561178160720357,
  "first_support_breach_at": null,
  "first_slip_breach_at": 0.92,
  "max_joint_limit_violation": 0.008192499218836247,
  "samples": [
    {
      "t": 0.0,
      "height": 0.7545451223864654,
      "visible_drop": 0.0004548776135345767,
      "knee_delta": 0.016154477554790936,
      "hip_delta": 0.012771283049939686,
      "command": [
        0.0,
        0.23333333432674408,
        0.0
      ],
      "support_margin": 0.0865800608478163,
      "both_feet_contact": true,
      "foot_slip_distance": 0.0004243668569249993,
      "up_z": 0.9999971565991798,
      "action_norm": 1.5304557085037231
    },
    {
      "t": 0.2,
      "height": 0.7528645737976196,
      "visible_drop": 0.002135426202380386,
      "knee_delta": 0.04917637693115928,
      "hip_delta": 0.013825165086719216,
      "command": [
        0.06666666269302368,
        0.29999998211860657,
        0.0
      ],
      "support_margin": 0.08983106368421404,
      "both_feet_contact": true,
      "foot_slip_distance": 0.0007236963905332934,
      "up_z": 0.9998338833794849,
      "action_norm": 0.9053885340690613
    },
    {
      "t": 0.4,
      "height": 0.7534597638801314,
      "visible_drop": 0.0015402361198686432,
      "knee_delta": 0.05325572668651002,
      "hip_delta": 0.017384979030811876,
      "command": [
        0.13333332538604736,
        0.36666667461395264,
        0.0
      ],
      "support_margin": 0.07904529088492729,
      "both_feet_contact": true,
      "foot_slip_distance": 0.0014198484722816782,
      "up_z": 0.9998143771653545,
      "action_norm": 1.0019539594650269
    },
    {
      "t": 0.6,
      "height": 0.7523556019137146,
      "visible_drop": 0.00264439808628536,
      "knee_delta": 0.06911545438784583,
      "hip_delta": 0.08055786502827367,
      "command": [
        0.19999998807907104,
        0.43333330750465393,
        0.0
      ],
      "support_margin": 0.060198317562652606,
      "both_feet_contact": true,
      "foot_slip_distance": 0.0019700632391794577,
      "up_z": 0.9952415509389962,
      "action_norm": 1.2799561023712158
    },
    {
      "t": 0.8,
      "height": 0.7440187741671157,
      "visible_drop": 0.0109812258328843,
      "knee_delta": 0.13489540991588433,
      "hip_delta": 0.1296736340982375,
      "command": [
        0.2666666507720947,
        0.5,
        0.0
      ],
      "support_margin": 0.032068650124555384,
      "both_feet_contact": true,
      "foot_slip_distance": 0.002122645078211354,
      "up_z": 0.98551853457535,
      "action_norm": 1.5608596801757812
    },
    {
      "t": 1.0,
      "height": 0.744591397491523,
      "visible_drop": 0.010408602508476972,
      "knee_delta": 0.06205938469365713,
      "hip_delta": 0.1849471150715588,
      "command": [
        0.3333333432674408,
        0.5666666626930237,
        0.0
      ],
      "support_margin": 0.09230707531818576,
      "both_feet_contact": false,
      "foot_slip_distance": 0.21450981471281494,
      "up_z": 0.995717585542205,
      "action_norm": 1.6329140663146973
    },
    {
      "t": 1.2,
      "height": 0.7699796355357689,
      "visible_drop": -0.014979635535768865,
      "knee_delta": 0.21053616557238458,
      "hip_delta": 0.17771341573012567,
      "command": [
        0.3999999761581421,
        0.6333333253860474,
        0.0
      ],
      "support_margin": 0.10526593374683965,
      "both_feet_contact": false,
      "foot_slip_distance": 0.3203829561558319,
      "up_z": 0.9996601938769685,
      "action_norm": 1.3278852701187134
    },
    {
      "t": 1.4,
      "height": 0.7487958732730341,
      "visible_drop": 0.006204126726965908,
      "knee_delta": 0.39013674834683876,
      "hip_delta": 0.15380021429090407,
      "command": [
        0.46666666865348816,
        0.699999988079071,
        0.0
      ],
      "support_margin": 0.13247725037804836,
      "both_feet_contact": false,
      "foot_slip_distance": 0.45225591851267605,
      "up_z": 0.997741787695448,
      "action_norm": 1.7922769784927368
    },
    {
      "t": 1.6,
      "height": 0.7683708953585999,
      "visible_drop": -0.013370895358599921,
      "knee_delta": 0.3173271019424121,
      "hip_delta": 0.1677777708687475,
      "command": [
        0.5333333015441895,
        0.7666666507720947,
        0.0
      ],
      "support_margin": 0.11336525607841391,
      "both_feet_contact": false,
      "foot_slip_distance": 0.44563742111679044,
      "up_z": 0.9998382486104496,
      "action_norm": 1.8521720170974731
    },
    {
      "t": 1.8,
      "height": 0.7504925846599949,
      "visible_drop": 0.004507415340005094,
      "knee_delta": 0.10398073115360551,
      "hip_delta": 0.26331576113267446,
      "command": [
        0.5999999642372131,
        0.8333333134651184,
        0.0
      ],
      "support_margin": 0.15376302200030317,
      "both_feet_contact": false,
      "foot_slip_distance": 0.6251686280454866,
      "up_z": 0.991924214202749,
      "action_norm": 1.5713779926300049
    },
    {
      "t": 2.0,
      "height": 0.754836074075247,
      "visible_drop": 0.0001639259247530056,
      "knee_delta": 0.1936986482946289,
      "hip_delta": 0.17432889768477416,
      "command": [
        0.6666666865348816,
        0.9000000357627869,
        0.0
      ],
      "support_margin": 0.1347158224084971,
      "both_feet_contact": false,
      "foot_slip_distance": 0.7071783404822404,
      "up_z": 0.9969033153267564,
      "action_norm": 2.039655923843384
    },
    {
      "t": 2.2,
      "height": 0.758880255349923,
      "visible_drop": -0.0038802553499229786,
      "knee_delta": 0.2247411664430336,
      "hip_delta": 0.15131031077388757,
      "command": [
        0.7333333492279053,
        0.9666666388511658,
        0.0
      ],
      "support_margin": 0.1700165392615436,
      "both_feet_contact": true,
      "foot_slip_distance": 0.9082226316758666,
      "up_z": 0.9981146771212661,
      "action_norm": 1.659273624420166
    },
    {
      "t": 2.4,
      "height": 0.7518182626334268,
      "visible_drop": 0.003181737366573234,
      "knee_delta": 0.34570051212965325,
      "hip_delta": 0.1022011121524719,
      "command": [
        0.7999999523162842,
        1.0,
        0.0
      ],
      "support_margin": 0.09034717568632078,
      "both_feet_contact": false,
      "foot_slip_distance": 0.9492716789313442,
      "up_z": 0.9976282690847037,
      "action_norm": 1.782484769821167
    },
    {
      "t": 2.6,
      "height": 0.753614491673176,
      "visible_drop": 0.0013855083268240476,
      "knee_delta": 0.4246020255369052,
      "hip_delta": 0.06119509662714828,
      "command": [
        0.8666666150093079,
        1.0,
        0.0
      ],
      "support_margin": 0.08541186117924571,
      "both_feet_contact": false,
      "foot_slip_distance": 1.0784045072931563,
      "up_z": 0.9962724428331945,
      "action_norm": 2.1648261547088623
    },
    {
      "t": 2.8,
      "height": 0.7339208603838887,
      "visible_drop": 0.021079139616111298,
      "knee_delta": 0.3389245238183862,
      "hip_delta": 0.11239995311031747,
      "command": [
        0.9333333373069763,
        0.9166666269302368,
        0.0
      ],
      "support_margin": 0.10627876786097956,
      "both_feet_contact": false,
      "foot_slip_distance": 1.3364800541201023,
      "up_z": 0.9942506272275238,
      "action_norm": 1.6147202253341675
    },
    {
      "t": 3.0,
      "height": 0.7500364578734575,
      "visible_drop": 0.004963542126542486,
      "knee_delta": 0.15808202243457692,