{
  "attempt": "mjlab-obs-direct-zero",
  "variant": {
    "attempt": "mjlab-obs-direct-zero",
    "anchor_index": 7,
    "velocity_order": "lin_ang",
    "target_mode": "direct",
    "default_name": "zero"
  },
  "default_name": "zero",
  "start_height": 0.810932993888855,
  "min_height": -121.89638182907709,
  "visible_drop": 122.70731482296594,
  "fell_at": 0.32,
  "final_height": 0.6139429641136206,
  "return_to_stand": false,
  "max_knee_delta_rad": 815.000100177124,
  "max_hip_pitch_delta_rad": 1319.119853160889,
  "foot_slip_distance": 2.8747316679779984,
  "action_min": -153986.0,
  "action_max": 122235.4375,
  "target_min": -153986.0,
  "target_max": 122235.4375,
  "obs_abs_max": 5347656.5,
  "first_action29": [
    1.7196022272109985,
    0.020876485854387283,
    -0.17967185378074646,
    -0.9640589952468872,
    2.6549904346466064,
    0.07638388127088547,
    -0.5712879300117493,
    0.5439031720161438,
    -0.7086588144302368,
    -1.664194941520691,
    1.718039631843567,
    0.21867401897907257,
    0.24546873569488525,
    0.6403633952140808,
    -1.9855103492736816,
    -1.0063596963882446,
    0.5794049501419067,
    -0.7103445529937744,
    0.5347723364830017,
    -0.17084923386573792,
    -1.109688401222229,
    0.049943119287490845,
    -1.3074272871017456,
    -1.020570158958435,
    0.9531360268592834,
    0.8088230490684509,
    -0.017044369131326675,
    0.9754582643508911,
    0.39385566115379333
  ],
  "first_target29": [
    1.7196022272109985,
    0.020876485854387283,
    -0.17967185378074646,
    -0.9640589952468872,
    2.6549904346466064,
    0.07638388127088547,
    -0.5712879300117493,
    0.5439031720161438,
    -0.7086588144302368,
    -1.664194941520691,
    1.718039631843567,
    0.21867401897907257,
    0.24546873569488525,
    0.6403633952140808,
    -1.9855103492736816,
    -1.0063596963882446,
    0.5794049501419067,
    -0.7103445529937744,
    0.5347723364830017,
    -0.17084923386573792,
    -1.109688401222229,
    0.049943119287490845,
    -1.3074272871017456,
    -1.020570158958435,
    0.9531360268592834,
    0.8088230490684509,
    -0.017044369131326675,
    0.9754582643508911,
    0.39385566115379333
  ],
  "samples": [
    {
      "t": 0.0,
      "height": 0.8079686214124111,
      "drop": 0.0029643724764438772,
      "knee": 0.16076901505600405,
      "hip": 0.15047205480885437,
      "slip": 0.015335907349109,
      "up_z": 0.9893786039521137
    },
    {
      "t": 0.2,
      "height": 0.7026113092463196,
      "drop": 0.10832168464253533,
      "knee": 2.404355585734281,
      "hip": 1.1691281477626743,
      "slip": 0.29817639637080323,
      "up_z": 0.9559322755333247
    },
    {
      "t": 0.4,
      "height": 0.7575748146674584,
      "drop": 0.05335817922139663,
      "knee": 2.7358648544132103,
      "hip": 1.4632062875143363,
      "slip": 0.30254667321885914,
      "up_z": 0.8343662499293585
    },
    {
      "t": 0.6,
      "height": 0.7930475073232542,
      "drop": 0.01788548656560074,
      "knee": 2.7358648544132103,
      "hip": 1.9003001986137504,
      "slip": 0.4852887776797412,
      "up_z": 0.9999999798779782
    },
    {
      "t": 0.8,
      "height": 0.6392854695824636,
      "drop": 0.1716475243063914,
      "knee": 2.7358648544132103,
      "hip": 1.9003001986137504,
      "slip": 0.5023788689019929,
      "up_z": 0.8734570755437323
    },
    {
      "t": 1.0,
      "height": 0.7610947622303785,
      "drop": 0.04983823165847645,
      "knee": 52.94076565079972,
      "hip": 657.8735550398195,
      "slip": 0.9630523116249323,
      "up_z": 0.8110197550895664
    },
    {
      "t": 1.2,
      "height": 0.5702594467025243,
      "drop": 0.24067354718633072,
      "knee": 52.94076565079972,
      "hip": 657.8735550398195,
      "slip": 0.9630523116249323,
      "up_z": 0.4262765765042137
    },
    {
      "t": 1.4,
      "height": 0.7161465087829255,
      "drop": 0.09478648510592946,
      "knee": 52.94076565079972,
      "hip": 657.8735550398195,
      "slip": 0.9630523116249323,
      "up_z": 0.7504783171263766
    },
    {
      "t": 1.6,
      "height": 0.7931867132017708,
      "drop": 0.01774628068708417,
      "knee": 52.94076565079972,
      "hip": 657.8735550398195,
      "slip": 0.9630523116249323,
      "up_z": 0.9999997807426665
    },
    {
      "t": 1.8,
      "height": 0.611420662601981,
      "drop": 0.19951233128687396,
      "knee": 52.94076565079972,
      "hip": 657.8735550398195,
      "slip": 0.9630523116249323,
      "up_z": 0.75928110286685
    },
    {
      "t": 2.0,
      "height": 0.7602550537333291,
      "drop": 0.05067794015552585,
      "knee": 52.94076565079972,
      "hip": 657.8735550398195,
      "slip": 0.9630523116249323,
      "up_z": 0.8389039188614945
    },
    {
      "t": 2.2,
      "height": 0.5120724279813671,
      "drop": 0.2988605659074879,
      "knee": 52.94076565079972,
      "hip": 657.8735550398195,
      "slip": 0.9630523116249323,
      "up_z": 0.9478024045553423
    },
    {
      "t": 2.4,
      "height": 0.6526433383185646,
      "drop": 0.1582896555702904,
      "knee": 52.94076565079972,
      "hip": 657.8735550398195,
      "slip": 0.9630523116249323,
      "up_z": 0.9337757930198438
    },
    {
      "t": 2.6,
      "height": 0.3100930198272895,
      "drop": 0.5008399740615654,
      "knee": 52.94076565079972,
      "hip": 657.8735550398195,
      "slip": 0.9630523116249323,
      "up_z": -0.6427298311081546
    },
    {
      "t": 2.8,
      "height": 0.7842247817212931,
      "drop": 0.026708212167561918,
      "knee": 52.94076565079972,
      "hip": 657.8735550398195,
      "slip": 1.1868630075869055,
      "up_z": 0.8703285827659074
    },
    {
      "t": 3.0,
      "height": 0.7896479724695934,
      "drop": 0.021285021419261585,
      "knee": 52.94076565079972,
      "hip": 657.8735550398195,
      "slip": 1.1868630075869055,
      "up_z": 0.9688324860741995
    },
    {
      "t": 3.2,
      "height": 0.5182553937056675,
      "drop": 0.29267760018318745,
      "knee": 52.94076565079972,
      "hip": 657.8735550398195,
      "slip": 1.1868630075869055,
      "up_z": 0.13113639972399044
    },
    {
      "t": 3.4,
      "height": 0.7932555560973554,
      "drop": 0.01767743779149955,
      "knee": 246.94582265230852,
      "hip": 1281.9272780329409,
      "slip": 2.034065549370145,
      "up_z": 0.9999996389716842
    },
    {
      "t": 3.6,
      "height": 0.7741241160501723,
      "drop": 0.036808877838682696,
      "knee": 246.94582265230852,
      "hip": 1281.9272780329409,
      "slip": 2.034065549370145,
      "up_z": 0.24933369996626736
    },
    {
      "t": 3.8,
      "height": 0.7066719724309146,
      "drop": 0.10426102145794036,
      "knee": 246.94582265230852,
      "hip": 1281.9272780329409,
      "slip": 2.034065549370145,
      "up_z": 0.6247163999830232
    },
    {
      "t": 4.0,
      "height": 0.5272048289541761,
      "drop": 0.2837281649346789,
      "knee": 246.94582265230852,
      "hip": 1281.9272780329409,
      "slip": 2.034065549370145,
      "up_z": 0.9745254831322069
    },
    {
      "t": 4.2,
      "height": 0.7813748103407102,
      "drop": 0.029558183548144767,
      "knee": 815.000100177124,
      "hip": 1281.9272780329409,
      "slip": 2.8747316679779984,
      "up_z": 0.6453360526062681
    },
    {
      "t": 4.4,
      "height": 0.7246470122965881,
      "drop": 0.08628598159226686,
      "knee": 815.000100177124,
      "hip": 1281.9272780329409,
      "slip": 2.8747316679779984,
      "up_z": 0.8738702736460324
    },
    {
      "t": 4.6,
      "height": 0.3699602352131039,
      "drop": 0.4409727586757511,
      "knee": 815.000100177124,
      "hip": 1281.9272780329409,
      "slip": 2.8747316679779984,
      "up_z": -0.036809973604576496
    },
    {
      "t": 4.8,
      "height": 0.6040851735633206,
      "drop": 0.2068478203255344,
      "knee": 815.000100177124,
      "hip": 1281.9272780329409,
      "slip": 2.8747316679779984,