{
  "rollout": {
    "action_size": 29,
    "obs_state_shape": [
      103
    ],
    "obs_privileged_shape": [
      216
    ],
    "rollout_steps": 20,
    "reward_first": 0.2259070724248886,
    "reward_last": 0.22149474918842316,
    "height_min": 0.7216298580169678,
    "height_last": 0.7240857481956482,
    "reference_error_last": 0.013940067030489445,
    "torso_up_min": 0.9951509833335876,
    "done_any": false
  },
  "train": {
    "timesteps": 300000,
    "train_min": 5.228195601050053,
    "reward_points": [
      [
        0,
        2.6121201515197754
      ],
      [
        163840,
        6.440054893493652
      ],
      [
        327680,
        7.565401554107666
      ]
    ],
    "params_path": "verify/train/params.pkl",
    "rewards_path": "verify/train/rewards.txt"
  },
  "native": {
    "baseline_exp18_exp19_upright_s": 1.24,
    "engine": "native mujoco.MjData closed-loop with Brax JAX inference params",
    "seconds": 6.0,
    "ctrl_dt": 0.02,
    "sim_dt": 0.002,
    "n_substeps": 10,
    "fell_at": 1.24,
    "upright_s": 1.24,
    "improved_vs_baseline": false,
    "min_height": -0.7387680321693506,
    "final_height": -0.7164736095038353,
    "max_reference_error": 0.15843604881450088,
    "max_height_error": 2.177960972060353,
    "max_joint_limit_violation": 0.05861878254138031,
    "energy_proxy": 30.57193212942252,
    "verdict": "FAIL_DIAGNOSTIC",
    "samples": [
      {
        "t": 0.0,
        "base_height": 0.755,
        "target_height": 0.7549999952316284,
        "reference_error": 1.2614786223382194e-16,
        "height_error": 2.2737367586674853e-17,
        "up_z": 1.0,
        "joint_limit_violation": 0.0,
        "action_l2": 0.25616827607154846
      },
      {
        "t": 0.2,
        "base_height": 0.7363890248002343,
        "target_height": 0.7369999885559082,
        "reference_error": 0.005971566430214332,
        "height_error": 3.7327671074719635e-07,
        "up_z": 0.9996104898097186,
        "joint_limit_violation": 0.0,
        "action_l2": 0.2512860894203186
      },
      {
        "t": 0.4,
        "base_height": 0.7355777664702318,
        "target_height": 0.718999981880188,
        "reference_error": 0.008315905763551958,
        "height_error": 0.0002748229419138929,
        "up_z": 0.9975867985082024,
        "joint_limit_violation": 0.0,
        "action_l2": 0.23027384281158447
      },
      {
        "t": 0.6,
        "base_height": 0.7360475218841462,
        "target_height": 0.7009999752044678,
        "reference_error": 0.005934123909291484,
        "height_error": 0.001228330528264241,
        "up_z": 0.9985962402069918,
        "joint_limit_violation": 0.0,
        "action_l2": 0.26823484897613525
      },
      {
        "t": 0.8,
        "base_height": 0.7225872400143998,
        "target_height": 0.6830000281333923,
        "reference_error": 0.012162998197345658,
        "height_error": 0.001567147344511777,
        "up_z": 0.9795882598220553,
        "joint_limit_violation": 0.0,
        "action_l2": 0.19596853852272034
      },
      {
        "t": 1.0,
        "base_height": 0.6598185574627942,
        "target_height": 0.6650000214576721,
        "reference_error": 0.038490475112722335,
        "height_error": 2.6847569130216617e-05,
        "up_z": 0.9105243241861452,
        "joint_limit_violation": 0.056306855824732605,
        "action_l2": 0.8320679664611816
      },
      {
        "t": 1.2,
        "base_height": 0.535092029149337,
        "target_height": 0.6470000147819519,
        "reference_error": 0.025221325519949395,
        "height_error": 0.012523397248349553,
        "up_z": 0.7032833641976984,
        "joint_limit_violation": 0.05861878254138031,
        "action_l2": 1.400673508644104
      },
      {
        "t": 1.4,
        "base_height": 0.0994832982822558,
        "target_height": 0.6290000081062317,
        "reference_error": 0.030144678834171174,
        "height_error": 0.2803879459828087,
        "up_z": 0.14785848057631368,
        "joint_limit_violation": 0.05861878254138031,
        "action_l2": 5.6094231605529785
      },
      {
        "t": 1.6,
        "base_height": -0.6894108887327887,
        "target_height": 0.6200000047683716,
        "reference_error": 0.14069045209408906,
        "height_error": 1.714556888019507,
        "up_z": -0.8145487905475636,
        "joint_limit_violation": 0.05861878254138031,
        "action_l2": 9.672316551208496
      },
      {
        "t": 1.8,
        "base_height": -0.7156449322844975,
        "target_height": 0.6200000047683716,
        "reference_error": 0.04176180899906876,
        "height_error": 1.7839473978749627,
        "up_z": -0.9616048706571858,
        "joint_limit_violation": 0.05861878254138031,
        "action_l2": 10.370598793029785
      },
      {
        "t": 2.0,
        "base_height": -0.596026212568487,
        "target_height": 0.6200000047683716,
        "reference_error": 0.0612943871412031,
        "height_error": 1.4787197612505887,
        "up_z": -0.8030451839607032,
        "joint_limit_violation": 0.05861878254138031,
        "action_l2": 11.82909107208252
      },
      {
        "t": 2.2,
        "base_height": -0.6122601311312461,
        "target_height": 0.6200000047683716,
        "reference_error": 0.07122452404177289,
        "height_error": 1.5184650425273443,
        "up_z": -0.7349874226955228,
        "joint_limit_violation": 0.05861878254138031,
        "action_l2": 12.748435974121094
      },
      {
        "t": 2.4,
        "base_height": -0.6731525666199465,
        "target_height": 0.6200000047683716,
        "reference_error": 0.03359464844558994,
        "height_error": 1.672243572888219,
        "up_z": -0.9048714644809681,
        "joint_limit_violation": 0.05861878254138031,
        "action_l2": 13.150562286376953
      },
      {
        "t": 2.6,
        "base_height": -0.7253470580186497,
        "target_height": 0.6290000081062317,
        "reference_error": 0.036413060317589306,
        "height_error": 1.8342559755210737,
        "up_z": -0.9938484293811183,
        "joint_limit_violation": 0.05861878254138031,
        "action_l2": 13.228673934936523
      },
      {
        "t": 2.8,
        "base_height": -0.6862318980428331,
        "target_height": 0.6470000147819519,
        "reference_error": 0.04495913073516123,
        "height_error": 1.7775073333744356,
        "up_z": -0.9552416672515849,
        "joint_limit_violation": 0.05861878254138031,
        "action_l2": 11.720298767089844
      },
      {
        "t": 3.0,
        "base_height": -0.6534842763411453,
        "target_height": 0.6650000214576721,
        "reference_error": 0.048284342574683045,
        "height_error": 1.7384008435420406,
        "up_z": -0.9280217037524385,
        "joint_limit_violation": 0.05861878254138031,
        "action_l2": 10.14349365234375
      },
      {
        "t": 3.2,
        "base_height": -0.6604986241162808,
        "target_height": 0.6830000281333923,
        "reference_error": 0.04447723395502516,
        "height_error": 1.8049886285966885,
        "up_z": -0.9439168136580167,
        "joint_limit_violation": 0.05861878254138031,
        "action_l2": 10.65294075012207
      },
      {
        "t": 3.4,
        "base_height": -0.7038466385612032,
        "target_height": 0.7009999752044678,
        "reference_error": 0.03942280275506659,
        "height_error": 1.9735940082088723,
        "up_z": -0.9863515058774541,
        "joint_limit_violation": 0.05861878254138031,
        "action_l2": 11.879806518554688
      },
      {
        "t": 3.6,
        "base_height": -0.7192260139419239,
        "target_height": 0.718999981880188,
        "reference_error": 0.038027327753231775,
        "height_error": 2.068494015058506,
        "up_z": -0.983416135616648,
        "joint_limit_violation": 0.05861878254138031,
        "action_l2": 12.229326248168945
      },
      {
        "t": 3.8,
        "base_height": -0.7000354523416671,