{
  "attempt": "torso-anchor-ablation",
  "variant": {
    "seconds": 6.0,
    "attempt": "torso-anchor-ablation",
    "init_mode": "upstream_motion",
    "anchor_index": 7,
    "ori_order": "upstream",
    "vel_source": "upstream_raw",
    "control_mode": "position",
    "action_step": 1.0
  },
  "start_height": 0.810932993888855,
  "min_height": -437.32323855468843,
  "visible_drop": 438.1341715485773,
  "fell_at": 0.24,
  "final_height": 0.734228748146587,
  "return_to_stand": false,
  "foot_contact_ratio": 0.06,
  "foot_slip_distance": 4.042025736219858,
  "min_support_margin": -0.4008961447345422,
  "max_joint_limit_violation": 11124.552371467289,
  "max_knee_delta_rad": 1302.1803040831478,
  "max_hip_pitch_delta_rad": 6688.975941314713,
  "action_min": -129668.9765625,
  "action_max": 83949.1484375,
  "obs_abs_max": 2225772.75,
  "first_obs80": [
    -0.010680999606847763,
    0.1911800056695938,
    0.04810100048780441,
    0.1289830058813095,
    -0.07358700037002563,
    -0.09355799853801727,
    0.02390800043940544,
    -0.04573500156402588,
    -0.14741599559783936,
    0.15351800620555878,
    -0.04085199907422066,
    0.09421999752521515,
    0.04326299950480461,
    0.08253800123929977,
    -0.05077899992465973,
    -0.0350940003991127,
    0.1971379965543747,
    -0.36746400594711304,
    0.9631109833717346,
    -0.22308999300003052,
    0.09718400239944458,
    0.10523399710655212,
    -0.1067039966583252,
    -0.42543599009513855,
    0.5734019875526428,
    1.325984001159668,
    0.28869500756263733,
    0.1454859972000122,
    -0.08019900321960449,
    -0.20033998787403107,
    0.03551959618926048,
    -0.005040093790739775,
    -0.12012004107236862,
    0.13679979741573334,
    -0.10212018340826035,
    -0.16830000281333923,
    0.04620015248656273,
    0.03923982009291649,
    -0.20070074498653412,
    0.16595987975597382,
    0.12774018943309784,
    -0.09899988025426865,
    0.09588002413511276,
    -0.1005600318312645,
    -0.2712600529193878,
    -0.35849955677986145,
    0.44729945063591003,
    -0.20381926000118256,
    0.1391395777463913,
    -0.5386800765991211,
    -0.19043995440006256,
    -0.4651799499988556,
    0.0653386041522026,
    0.3052818477153778,
    0.7069229483604431,
    0.14694033563137054,
    -0.49721983075141907,
    0.12834011018276215,
    8.254115613226531e-09,
    -0.06445200741291046,
    -0.10270002484321594,
    0.9997144341468811,
    -4.713961132551958e-08,
    -0.023905737325549126,
    4.819858290261436e-08,
    1.000000238418579,
    1.4012979221433852e-08,
    0.00917359534651041,
    0.018420768901705742,
    0.999788224697113,
    0.0,
    0.0,
    0.0,
    -0.010680999606847763,
    0.1911800056695938,
    0.04810100048780441,
    0.1289830058813095,
    -0.07358700037002563,
    -0.09355799853801727,
    0.02390800043940544
  ],
  "first_action29": [
    1.3949750661849976,
    -0.15967637300491333,
    -0.12121330946683884,
    -0.5278650522232056,
    2.5117454528808594,
    -0.001606149598956108,
    -0.1523767113685608,
    0.4349568784236908,
    -0.6965890526771545,
    -1.6940128803253174,
    1.9821045398712158,
    0.11994093656539917,
    0.3658159673213959,
    0.4847564995288849,
    -1.9342910051345825,
    -0.8462833762168884,
    0.6624720096588135,
    -0.68939208984375,
    0.5818299055099487,
    -0.19998428225517273,
    -1.0701773166656494,
    0.16506661474704742,
    -1.311463713645935,
    -0.9424734115600586,
    0.9202423691749573,
    0.7714999914169312,
    -0.09716487675905228,
    1.086280107498169,
    0.5206174254417419
  ],
  "samples": [
    {
      "t": 0.0,
      "frame": 0,
      "height": 0.8081146654741841,
      "visible_drop": 0.00281832841467089,
      "both_feet_contact": false,
      "foot_slip_distance": 0.013046850849973295,
      "support_margin": 0.07024708967977147,
      "knee_delta": 0.1635786806847285,
      "hip_delta": 0.2096075475157562,
      "up_z": 0.9900927442965126,
      "action_min": -1.9342910051345825,
      "action_max": 2.5117454528808594
    },
    {
      "t": 0.2,
      "frame": 12,
      "height": 0.490523891321684,
      "visible_drop": 0.320409102567171,
      "both_feet_contact": false,
      "foot_slip_distance": 0.47870483937923725,
      "support_margin": 0.020495030546650972,
      "knee_delta": 2.879924644012799,
      "hip_delta": 2.146022912697601,
      "up_z": 0.9291679262670627,
      "action_min": -13.112890243530273,
      "action_max": 9.570016860961914
    },
    {
      "t": 0.4,
      "frame": 24,
      "height": 0.7900359286257864,
      "visible_drop": 0.02089706526306856,
      "both_feet_contact": false,
      "foot_slip_distance": 0.2594804018913631,
      "support_margin": 0.09220651884665855,
      "knee_delta": 222.891274416842,
      "hip_delta": 756.5638805343546,
      "up_z": 0.9375728614400145,
      "action_min": -13829.05078125,
      "action_max": 10528.4794921875
    },
    {
      "t": 0.6,
      "frame": 36,
      "height": 0.6888986477411314,
      "visible_drop": 0.12203434614772357,
      "both_feet_contact": false,
      "foot_slip_distance": 0.2952306340025254,
      "support_margin": 0.022556162231040733,
      "knee_delta": 222.891274416842,
      "hip_delta": 756.5638805343546,
      "up_z": 0.45453710677215003,
      "action_min": -3.8433287143707275,
      "action_max": 5.611944675445557
    },
    {
      "t": 0.8,
      "frame": 48,
      "height": 0.7156828608910732,
      "visible_drop": 0.09525013299778173,
      "both_feet_contact": false,
      "foot_slip_distance": 0.4668910254757256,
      "support_margin": -0.04814561806384228,
      "knee_delta": 222.891274416842,
      "hip_delta": 756.5638805343546,
      "up_z": 0.9110693461628357,
      "action_min": -11.039740562438965,
      "action_max": 12.762027740478516
    },
    {
      "t": 1.0,
      "frame": 60,
      "height": 0.7930475073232542,
      "visible_drop": 0.01788548656560074,
      "both_feet_contact": true,
      "foot_slip_distance": 0.28591414086804784,
      "support_margin": 0.07033440933374388,
      "knee_delta": 222.891274416842,
      "hip_delta": 756.5638805343546,
      "up_z": 0.9999999798779782,
      "action_min": -57.11931228637695,
      "action_max": 28.82617950439453
    },
    {
      "t": 1.2,
      "frame": 72,
      "height": 0.7008879219788496,
      "visible_drop": 0.11004507191000534,
      "both_feet_contact": false,
      "foot_slip_distance": 0.46311521211500994,
      "support_margin": 0.062182491870681686,
      "knee_delta": 222.891274416842,
      "hip_delta": 756.5638805343546,
      "up_z": 0.6022959875376677,
      "action_min": -5.09004545211792,
      "action_max": 4.5160417556762695
    },
    {
      "t": 1.4,
      "frame": 84,
      "height": 0.7823350780925684,
      "visible_drop": 0.028597915796286566,
      "both_feet_contact": false,
      "foot_slip_distance": 0.1701190577627351,
      "support_margin": 0.08746606811080712,
      "knee_delta": 222.891274416842,
      "hip_delta": 756.5638805343546,
      "up_z": 0.8179555505414329,
      "action_min": -259.9293212890625,
      "action_max": 165.3400421142578
    },
    {
      "t": 1.6,
      "frame": 96,
      "height": 0.8564989527947396,
      "visible_drop": -0.04556595890588466,
      "both_feet_contact": false,
      "foot_slip_distance": 0.6466903426651083,
      "support_margin": -0.011632145856584925,
      "knee_delta": 222.891274416842,
      "hip_delta": 756.5638805343546,
      "up_z": 0.3672609880330925,
      "action_min": -8.935632705688477,
      "action_max": 8.382415771484375
    },
    {
      "t": 1.8,
      "frame": 108,
      "height": 0.7331399802086481,
      "visible_drop": 0.07779301368020686,
      "both_feet_contact": false,
      "foot_slip_distance": 0.21561331332332168,
      "support_margin": -0.06927714087625549,
      "knee_delta": 1302.1803040831478,
      "hip_delta": 6688.975941314713,
      "up_z": 0.8063608337153032,
      "action_min": -5680.39697265625,