{
  "stage_height": 0.67,
  "max_blend": 0.65,
  "descent_rate_cap": 0.035,
  "torso_up_min": 0.55,
  "foot_slip_max": 0.08,
  "freeze_phase": true,
  "reference_scale": 1.0,
  "params_path": "C:\\Users\\yusun\\projects\\physical-ai\\experiments\\22-g1-squat-depth-finetune\\verify\\train\\params.pkl",
  "seconds": 6.0,
  "start_height": 0.755,
  "min_height": -0.7732728892408263,
  "visible_drop": 1.5282728892408262,
  "fell_at": 4.8,
  "upright_s": 4.8,
  "hold_duration_at_or_below_stage": 0.7000000000000001,
  "final_height": -0.7429909540011634,
  "return_to_stand": false,
  "torso_up_min_observed": -0.9884627739273297,
  "foot_contact_ratio": 0.73,
  "foot_slip_distance": 2.220147181760322,
  "max_reference_error": 0.13230283378213856,
  "max_height_error": 2.3356180094137566,
  "max_joint_limit_violation": 0.04320478946032663,
  "guard_trip_count": 173,
  "max_observed_blend": 0.65,
  "pass_gate": false,
  "verdict": "FAIL_FALL",
  "samples": [
    {
      "t": 0.0,
      "base_height": 0.755,
      "target_height": 0.7549999952316284,
      "visible_drop": 0.0,
      "drop_rate": 0.0,
      "reference_error": 1.2614786223382194e-16,
      "height_error": 2.2737367586674853e-17,
      "up_z": 1.0,
      "both_feet_contact": true,
      "foot_slip_distance": 0.0,
      "guarded_blend": 0.0,
      "guard_reasons": []
    },
    {
      "t": 0.2,
      "base_height": 0.7533721042487553,
      "target_height": 0.7369999885559082,
      "visible_drop": 0.001627895751244668,
      "drop_rate": 0.015207155494256774,
      "reference_error": 0.0003490671906362134,
      "height_error": 0.0002680461722599714,
      "up_z": 0.9997328458522459,
      "both_feet_contact": true,
      "foot_slip_distance": 0.0005423390218672629,
      "guarded_blend": 0.07222222222222223,
      "guard_reasons": []
    },
    {
      "t": 0.4,
      "base_height": 0.75097822099234,
      "target_height": 0.718999981880188,
      "visible_drop": 0.004021779007659987,
      "drop_rate": 0.010982222980554512,
      "reference_error": 0.00044120333664080587,
      "height_error": 0.0010226077767139699,
      "up_z": 0.9993651272840504,
      "both_feet_contact": true,
      "foot_slip_distance": 0.00096950535218661,
      "guarded_blend": 0.14444444444444446,
      "guard_reasons": []
    },
    {
      "t": 0.6,
      "base_height": 0.7489227120548271,
      "target_height": 0.7009999752044678,
      "visible_drop": 0.006077287945172927,
      "drop_rate": 0.00955463226349762,
      "reference_error": 0.00037793274056792495,
      "height_error": 0.0022965887072287855,
      "up_z": 0.9991835791793856,
      "both_feet_contact": true,
      "foot_slip_distance": 0.0014042389197105106,
      "guarded_blend": 0.21666666666666667,
      "guard_reasons": []
    },
    {
      "t": 0.8,
      "base_height": 0.7471276686840013,
      "target_height": 0.6830000281333923,
      "visible_drop": 0.007872331315998737,
      "drop_rate": 0.009151297156606564,
      "reference_error": 0.0003247148054210657,
      "height_error": 0.0041123542825881034,
      "up_z": 0.9990865091350195,
      "both_feet_contact": true,
      "foot_slip_distance": 0.0017914501004634904,
      "guarded_blend": 0.2888888888888889,
      "guard_reasons": []
    },
    {
      "t": 1.0,
      "base_height": 0.7450845645077028,
      "target_height": 0.6700000166893005,
      "visible_drop": 0.009915435492297231,
      "drop_rate": 0.010919416808469196,
      "reference_error": 0.0003053859288795316,
      "height_error": 0.005637689321093932,
      "up_z": 0.9990495940632232,
      "both_feet_contact": true,
      "foot_slip_distance": 0.0021670399809850995,
      "guarded_blend": 0.36111111111111116,
      "guard_reasons": []
    },
    {
      "t": 1.2,
      "base_height": 0.7427408759322145,
      "target_height": 0.6700000166893005,
      "visible_drop": 0.01225912406778551,
      "drop_rate": 0.012660930248253877,
      "reference_error": 0.0002924149688177353,
      "height_error": 0.005291232603397421,
      "up_z": 0.9990846572627434,
      "both_feet_contact": true,
      "foot_slip_distance": 0.002516684837148502,
      "guarded_blend": 0.43333333333333335,
      "guard_reasons": []
    },
    {
      "t": 1.4,
      "base_height": 0.7398273796580663,
      "target_height": 0.6700000166893005,
      "visible_drop": 0.015172620341933674,
      "drop_rate": 0.01635967564184715,
      "reference_error": 0.00029962121265234465,
      "height_error": 0.004875860619171764,
      "up_z": 0.9991668205533564,
      "both_feet_contact": true,
      "foot_slip_distance": 0.002843495432449185,
      "guarded_blend": 0.5055555555555555,
      "guard_reasons": []
    },
    {
      "t": 1.6,
      "base_height": 0.73619046570148,
      "target_height": 0.6700000166893005,
      "visible_drop": 0.01880953429852006,
      "drop_rate": 0.017411678800610675,
      "reference_error": 0.0004408944401040947,
      "height_error": 0.004381175540433922,
      "up_z": 0.9992632238759438,
      "both_feet_contact": true,
      "foot_slip_distance": 0.0031451470589620913,
      "guarded_blend": 0.5777777777777778,
      "guard_reasons": []
    },
    {
      "t": 1.8,
      "base_height": 0.7327323747813421,
      "target_height": 0.6700000166893005,
      "visible_drop": 0.022267625218657883,
      "drop_rate": 0.01934183377386156,
      "reference_error": 0.0009603079077482742,
      "height_error": 0.003935348751788135,
      "up_z": 0.9993467008419512,
      "both_feet_contact": true,
      "foot_slip_distance": 0.0034279619189759207,
      "guarded_blend": 0.65,
      "guard_reasons": []
    },
    {
      "t": 2.0,
      "base_height": 0.7306991333564987,
      "target_height": 0.6700000166893005,
      "visible_drop": 0.024300866643501284,
      "drop_rate": 0.00011816833186961695,
      "reference_error": 0.00161488290365119,
      "height_error": 0.003684382764178136,
      "up_z": 0.9996390282944201,
      "both_feet_contact": true,
      "foot_slip_distance": 0.003716356805017361,
      "guarded_blend": 0.65,
      "guard_reasons": []
    },
    {
      "t": 2.2,
      "base_height": 0.7305926291495708,
      "target_height": 0.6700000166893005,
      "visible_drop": 0.02440737085042921,
      "drop_rate": 0.003944200904093531,
      "reference_error": 0.002219087803651468,
      "height_error": 0.0036714646847604985,
      "up_z": 0.9999671652522953,
      "both_feet_contact": true,
      "foot_slip_distance": 0.004032101270924575,
      "guarded_blend": 0.65,
      "guard_reasons": []
    },
    {
      "t": 2.4,
      "base_height": 0.7279349338003894,
      "target_height": 0.6700000166893005,
      "visible_drop": 0.027065066199610577,
      "drop_rate": 0.024196692922662244,
      "reference_error": 0.004281102013946301,
      "height_error": 0.0033564546206687404,
      "up_z": 0.9989211498270029,
      "both_feet_contact": true,
      "foot_slip_distance": 0.004410690816726529,
      "guarded_blend": 0.65,
      "guard_reasons": []
    },
    {
      "t": 2.6,
      "base_height": 0.723157756658476,
      "target_height": 0.6700000166893005,
      "visible_drop": 0.03184224334152397,
      "drop_rate": 0.05200686765869378,
      "reference_error": 0.00956580688021933,
      "height_error": 0.0028257453186304785,
      "up_z": 0.9926029868751567,
      "both_feet_contact": true,
      "foot_slip_distance": 0.005006814056368984,
      "guarded_blend": 0.2892672,
      "guard_reasons": [
        "descent_rate"
      ]
    },
    {
      "t": 2.8,
      "base_height": 0.7128167203229671,
      "target_height": 0.6700000166893005,
      "visible_drop": 0.04218327967703295,
      "drop_rate": 0.01019174632214681,
      "reference_error": 0.035684964405730685,
      "height_error": 0.0018332701100532318,
      "up_z": 0.9826026535921081,
      "both_feet_contact": false,
      "foot_slip_distance": 0.08920207330072481,
      "guarded_blend": 0.010829892758665057,