{
  "native": {
    "attempt": "support-velocity-1p00",
    "mode": "support-velocity",
    "drop": 0.08,
    "max_blend": 1.0,
    "policy_weight": 1.0,
    "support_lo": 0.0,
    "support_hi": 0.06,
    "velocity_lo": -0.35,
    "velocity_hi": -0.05,
    "ik": {
      "drop": 0.08,
      "start_height": 0.755,
      "target_height": 0.675,
      "success": true,
      "cost": 0.07527746714403195,
      "nfev": 6,
      "rms_foot_error": 0.0006108590297431658,
      "max_foot_error": 0.0006108590424735445,
      "lower_body_target": [
        -0.575114476925352,
        -0.0003914080673100065,
        -0.00037249026131839743,
        1.2168642879959017,
        -0.35307724934194473,
        -1.8902048011641678e-17,
        -0.5751144768987575,
        0.0003914087744053887,
        0.0003724908824383186,
        1.2168642877780107,
        -0.3530772461397548,
        2.482051673038081e-17,
        0.0,
        0.0,
        0.073
      ]
    },
    "start_height": 0.755,
    "min_height": -0.7524021688175222,
    "visible_drop": 1.507402168817522,
    "first_visible_at": 3.72,
    "fell_at": 3.88,
    "final_height": -0.750889723889916,
    "return_to_stand": false,
    "foot_contact_ratio": 0.8133333333333334,
    "foot_slip_distance": 0.8948236236272282,
    "min_support_margin": -0.572249028479519,
    "first_support_breach_at": 2.56,
    "max_downward_velocity": -3.9712740559172897,
    "max_joint_limit_violation": 0.08074052647894253,
    "max_desired_blend": 1.0,
    "max_effective_blend": 0.3145634801729704,
    "min_blend_factor": 0.0,
    "pass_gate": false,
    "verdict": "FAIL_FALL",
    "samples": [
      {
        "t": 0.0,
        "base_height": 0.755,
        "visible_drop": 0.0,
        "vertical_velocity": 0.0,
        "up_z": 1.0,
        "both_feet_contact": true,
        "foot_slip_distance": 0.0,
        "support_margin": 0.08631053913643147,
        "desired_blend": 0.0,
        "effective_blend": 0.0,
        "support_factor": 1.0,
        "velocity_factor": 1.0,
        "blend_factor": 1.0
      },
      {
        "t": 0.2,
        "base_height": 0.7519219344681659,
        "visible_drop": 0.0030780655318340955,
        "vertical_velocity": -0.026293299186364028,
        "up_z": 0.9998272702064794,
        "both_feet_contact": true,
        "foot_slip_distance": 0.0005578110579305016,
        "support_margin": 0.08625668969521061,
        "desired_blend": 0.06666666666666667,
        "effective_blend": 0.06666666666666667,
        "support_factor": 1.0,
        "velocity_factor": 1.0,
        "blend_factor": 1.0
      },
      {
        "t": 0.4,
        "base_height": 0.7472121170674005,
        "visible_drop": 0.007787882932599466,
        "vertical_velocity": -0.022899493525402326,
        "up_z": 0.9997215606377418,
        "both_feet_contact": true,
        "foot_slip_distance": 0.0009979818172817774,
        "support_margin": 0.08162366709984359,
        "desired_blend": 0.13333333333333333,
        "effective_blend": 0.13333333333333333,
        "support_factor": 1.0,
        "velocity_factor": 1.0,
        "blend_factor": 1.0
      },
      {
        "t": 0.6,
        "base_height": 0.7423382188385828,
        "visible_drop": 0.012661781161417252,
        "vertical_velocity": -0.025173641448678064,
        "up_z": 0.9997145255429478,
        "both_feet_contact": true,
        "foot_slip_distance": 0.001424877112602188,
        "support_margin": 0.07471251098991571,
        "desired_blend": 0.19999999999999998,
        "effective_blend": 0.19999999999999998,
        "support_factor": 1.0,
        "velocity_factor": 1.0,
        "blend_factor": 1.0
      },
      {
        "t": 0.8,
        "base_height": 0.7368750152499104,
        "visible_drop": 0.018124984750089612,
        "vertical_velocity": -0.03005852393059283,
        "up_z": 0.999619946811383,
        "both_feet_contact": true,
        "foot_slip_distance": 0.0017886763050271683,
        "support_margin": 0.06649543403849616,
        "desired_blend": 0.26666666666666666,
        "effective_blend": 0.26666666666666666,
        "support_factor": 1.0,
        "velocity_factor": 1.0,
        "blend_factor": 1.0
      },
      {
        "t": 1.0,
        "base_height": 0.7302186264373226,
        "visible_drop": 0.0247813735626774,
        "vertical_velocity": -0.03104731941158123,
        "up_z": 0.9993736677624919,
        "both_feet_contact": true,
        "foot_slip_distance": 0.002152972322804247,
        "support_margin": 0.056608321057846286,
        "desired_blend": 0.3333333333333333,
        "effective_blend": 0.3144906725435905,
        "support_factor": 0.9434720176307715,
        "velocity_factor": 1.0,
        "blend_factor": 0.9434720176307715
      },
      {
        "t": 1.2,
        "base_height": 0.7275025343207191,
        "visible_drop": 0.027497465679280908,
        "vertical_velocity": -0.0007879930980336791,
        "up_z": 0.9985276330744144,
        "both_feet_contact": true,
        "foot_slip_distance": 0.00263689252535942,
        "support_margin": 0.04484241229975499,
        "desired_blend": 0.39999999999999997,
        "effective_blend": 0.29894941533169994,
        "support_factor": 0.7473735383292499,
        "velocity_factor": 1.0,
        "blend_factor": 0.7473735383292499
      },
      {
        "t": 1.4,
        "base_height": 0.731431880105953,
        "visible_drop": 0.023568119894047057,
        "vertical_velocity": 0.031553476023093996,
        "up_z": 0.996522731366915,
        "both_feet_contact": true,
        "foot_slip_distance": 0.0034177220517539607,
        "support_margin": 0.030802789674095703,
        "desired_blend": 0.46666666666666673,
        "effective_blend": 0.2395772530207444,
        "support_factor": 0.5133798279015951,
        "velocity_factor": 1.0,
        "blend_factor": 0.5133798279015951
      },
      {
        "t": 1.6,
        "base_height": 0.739387609138254,
        "visible_drop": 0.01561239086174604,
        "vertical_velocity": 0.045883320155604146,
        "up_z": 0.9928938535017238,
        "both_feet_contact": true,
        "foot_slip_distance": 0.004232622926326544,
        "support_margin": 0.01781322351734318,
        "desired_blend": 0.5333333333333333,
        "effective_blend": 0.15833976459860602,
        "support_factor": 0.2968870586223863,
        "velocity_factor": 1.0,
        "blend_factor": 0.2968870586223863
      },
      {
        "t": 1.8,
        "base_height": 0.7459415381918485,
        "visible_drop": 0.009058461808151508,
        "vertical_velocity": 0.022882619680114624,
        "up_z": 0.9912808927464563,
        "both_feet_contact": true,
        "foot_slip_distance": 0.005771623496137092,
        "support_margin": 0.011546929099332637,
        "desired_blend": 0.6,
        "effective_blend": 0.11546929099332637,
        "support_factor": 0.1924488183222106,
        "velocity_factor": 1.0,
        "blend_factor": 0.1924488183222106
      },
      {
        "t": 2.0,
        "base_height": 0.7490480747546728,
        "visible_drop": 0.005951925245327172,
        "vertical_velocity": 0.012355086090709566,
        "up_z": 0.990833993736749,
        "both_feet_contact": true,
        "foot_slip_distance": 0.007745324739174507,
        "support_margin": 0.008789635486364904,
        "desired_blend": 0.6666666666666666,
        "effective_blend": 0.09766261651516558,
        "support_factor": 0.1464939247727484,
        "velocity_factor": 1.0,
        "blend_factor": 0.1464939247727484
      },
      {
        "t": 2.2,
        "base_height": 0.7508184204960883,
        "visible_drop": 0.0041815795039117365,
        "vertical_velocity": 0.007911106048857919,
        "up_z": 0.9905144156295685,
        "both_feet_contact": true,
        "foot_slip_distance": 0.009364935489531306,
        "support_margin": 0.006578892051978466,
        "desired_blend": 0.7333333333333334,
        "effective_blend": 0.08040868063529237,
        "support_factor": 0.10964820086630778,