{
  "attempt": "level-0p060",
  "drop": 0.06,
  "max_blend": 0.36,
  "policy_weight": 1.0,
  "adapt_gain": 0.1,
  "support_floor": -0.005,
  "slip_limit": 0.08,
  "ik": {
    "drop": 0.06,
    "start_height": 0.755,
    "target_height": 0.6950000000000001,
    "success": true,
    "cost": 0.04749909912034936,
    "nfev": 6,
    "rms_foot_error": 0.0005290387866905621,
    "max_foot_error": 0.0005290388105908433,
    "lower_body_target": [
      -0.5210831074641238,
      -0.00025676321869656544,
      -0.00027474065027704845,
      1.1038782195771408,
      -0.35705139194459595,
      2.3014338273880953e-17,
      -0.5210831073321618,
      0.0002567643880760392,
      0.00027474184896147545,
      1.1038782192681764,
      -0.35705139054202534,
      -3.030093606562047e-17,
      0.0,
      0.0,
      0.073
    ]
  },
  "start_height": 0.755,
  "min_height": 0.732839667339045,
  "visible_drop": 0.022160332660954962,
  "first_visible_at": null,
  "fell_at": null,
  "final_height": 0.7482819645924947,
  "return_to_stand": true,
  "foot_contact_ratio": 1.0,
  "foot_slip_distance": 0.012353587270678314,
  "min_support_margin": 0.03826132045336239,
  "first_support_breach_at": null,
  "first_slip_breach_at": null,
  "max_joint_limit_violation": 0.0,
  "max_knee_delta_rad": 0.2081476744769879,
  "max_hip_pitch_delta_rad": 0.11696933625757727,
  "max_blend_observed": 0.28710090114229975,
  "pass_gate": false,
  "samples": [
    {
      "t": 0.0,
      "height": 0.755,
      "visible_drop": 0.0,
      "desired_blend": 0.0,
      "blend_state": 0.0,
      "health": 1.0,
      "support_margin": 0.08631053913643147,
      "both_feet_contact": true,
      "foot_slip_distance": 0.0,
      "vertical_velocity": 0.0,
      "up_z": 1.0
    },
    {
      "t": 0.2,
      "height": 0.7516398317026041,
      "visible_drop": 0.003360168297395938,
      "desired_blend": 0.027692307692307693,
      "blend_state": 0.019904952911786965,
      "health": 0.9931029292117095,
      "support_margin": 0.08650446543340964,
      "both_feet_contact": true,
      "foot_slip_distance": 0.0005517656630632437,
      "vertical_velocity": -0.01656615668758077,
      "up_z": 0.9996730365919417
    },
    {
      "t": 0.4,
      "height": 0.7494128926816861,
      "visible_drop": 0.005587107318313911,
      "desired_blend": 0.055384615384615386,
      "blend_state": 0.039707207504463285,
      "health": 0.9873514379943431,
      "support_margin": 0.0825461680691621,
      "both_feet_contact": true,
      "foot_slip_distance": 0.0010118849604525554,
      "vertical_velocity": -0.009835728032153712,
      "up_z": 0.9993344611928306
    },
    {
      "t": 0.6,
      "height": 0.7476499717559573,
      "visible_drop": 0.007350028244042739,
      "desired_blend": 0.08307692307692306,
      "blend_state": 0.05938407110168977,
      "health": 0.9810097446855902,
      "support_margin": 0.07823382958280085,
      "both_feet_contact": true,
      "foot_slip_distance": 0.001519220425152784,
      "vertical_velocity": -0.007608328484659532,
      "up_z": 0.9991952009741459
    },
    {
      "t": 0.8,
      "height": 0.7464026162699294,
      "visible_drop": 0.008597383730070574,
      "desired_blend": 0.11076923076923077,
      "blend_state": 0.07893834633552946,
      "health": 0.9750752547337095,
      "support_margin": 0.07499236679983219,
      "both_feet_contact": true,
      "foot_slip_distance": 0.001993979621303242,
      "vertical_velocity": -0.0054917761797779185,
      "up_z": 0.9991083666166803
    },
    {
      "t": 1.0,
      "height": 0.7453164203603505,
      "visible_drop": 0.009683579639649498,
      "desired_blend": 0.13846153846153844,
      "blend_state": 0.09837594602995192,
      "health": 0.9692631584948729,
      "support_margin": 0.07269398651847342,
      "both_feet_contact": true,
      "foot_slip_distance": 0.0024589473204101662,
      "vertical_velocity": -0.005492838113191345,
      "up_z": 0.9990683356359696
    },
    {
      "t": 1.2,
      "height": 0.7442615490062761,
      "visible_drop": 0.010738450993723947,
      "desired_blend": 0.16615384615384612,
      "blend_state": 0.1176987115532149,
      "health": 0.9636316124906947,
      "support_margin": 0.0709423726942651,
      "both_feet_contact": true,
      "foot_slip_distance": 0.002909471000744423,
      "vertical_velocity": -0.005053886112338368,
      "up_z": 0.9990645992926337
    },
    {
      "t": 1.4,
      "height": 0.743230471691621,
      "visible_drop": 0.011769528308378963,
      "desired_blend": 0.19384615384615386,
      "blend_state": 0.1369117546906929,
      "health": 0.9582412353627241,
      "support_margin": 0.06941443191732895,
      "both_feet_contact": true,
      "foot_slip_distance": 0.00334070117098207,
      "vertical_velocity": -0.005372917235757502,
      "up_z": 0.9990562837460875
    },
    {
      "t": 1.6,
      "height": 0.7421134672432674,
      "visible_drop": 0.012886532756732572,
      "desired_blend": 0.22153846153846155,
      "blend_state": 0.1560191359458794,
      "health": 0.9530519689331282,
      "support_margin": 0.06783722282399889,
      "both_feet_contact": true,
      "foot_slip_distance": 0.0037558424853497453,
      "vertical_velocity": -0.0056922863713615435,
      "up_z": 0.9990373389443615
    },
    {
      "t": 1.8,
      "height": 0.740950672639401,
      "visible_drop": 0.014049327360599051,
      "desired_blend": 0.24923076923076923,
      "blend_state": 0.17502515090812215,
      "health": 0.9480810848476964,
      "support_margin": 0.06609061300737903,
      "both_feet_contact": true,
      "foot_slip_distance": 0.004153513212184288,
      "vertical_velocity": -0.005940791519670752,
      "up_z": 0.9990040198378438
    },
    {
      "t": 2.0,
      "height": 0.7397236164650071,
      "visible_drop": 0.015276383534992943,
      "desired_blend": 0.2769230769230769,
      "blend_state": 0.19393385528761092,
      "health": 0.943295420211492,
      "support_margin": 0.06411414311919217,
      "both_feet_contact": true,
      "foot_slip_distance": 0.004536366383080632,
      "vertical_velocity": -0.006276962541656994,
      "up_z": 0.9989552354412808
    },
    {
      "t": 2.2,
      "height": 0.7384451933698876,
      "visible_drop": 0.01655480663011244,
      "desired_blend": 0.3046153846153846,
      "blend_state": 0.2127485663131311,
      "health": 0.9386616153206288,
      "support_margin": 0.061885974054106896,
      "both_feet_contact": true,
      "foot_slip_distance": 0.004907070774349698,
      "vertical_velocity": -0.006560055049159574,
      "up_z": 0.9988869189678857
    },
    {
      "t": 2.4,
      "height": 0.7371027970484351,
      "visible_drop": 0.01789720295156494,
      "desired_blend": 0.33230769230769225,
      "blend_state": 0.23147188216273518,
      "health": 0.9341363848773334,
      "support_margin": 0.059393141143191344,
      "both_feet_contact": true,
      "foot_slip_distance": 0.005269089209813326,
      "vertical_velocity": -0.006807669603103861,
      "up_z": 0.9987965325483689
    },
    {
      "t": 2.6,
      "height": 0.7357290029277206,
      "visible_drop": 0.019270997072279417,
      "desired_blend": 0.36,
      "blend_state": 0.2501054956394022,
      "health": 0.9296832676803405,
      "support_margin": 0.0566208885742979,
      "both_feet_contact": true,
      "foot_slip_distance": 0.0056253385855727644,
      "vertical_velocity": -0.007100492950723458,
      "up_z": 0.9986750438197745
    },
    {
      "t": 2.8,
      "height": 0.7342700079783155,
      "visible_drop": 0.020729992021684462,
      "desired_blend": 0.36,
      "blend_state": 0.26865044460657855,
      "health": 0.9252261074045609,
      "support_margin": 0.05356914884641748,
      "both_feet_contact": true,
      "foot_slip_distance": 0.005981911407635133,
      "vertical_velocity": -0.007512662264019809,
      "up_z": 0.9985070648559141
    },
    {
      "t": 3.0,
      "height": 0.7329153430996165,