{
  "attempt": "drop-0p08-com4-posture1",
  "target": {
    "drop": 0.08,
    "start_height": 0.755,
    "target_height": 0.675,
    "success": true,
    "cost": 0.09955661533863222,
    "nfev": 21,
    "com_weight": 4.0,
    "posture_weight": 1.0,
    "rms_foot_error": 0.0006484669216044339,
    "max_foot_error": 0.0006495156947319631,
    "support_margin": 0.06969015229548768,
    "inside_support": true,
    "com_xy": [
      0.050108906562851815,
      0.00019881458550490634
    ],
    "support_center_xy": [
      0.03160638028683705,
      0.00039256701199325006
    ],
    "com_center_error": 0.018503540704345938,
    "knee_delta_rad": 0.5562794080076876,
    "hip_pitch_delta_rad": 0.26545418411049,
    "visible_pose_gate": {
      "pelvis_drop_pass": true,
      "knee_delta_pass": false,
      "hip_pitch_delta_pass": false,
      "pass": false
    },
    "lower_body_target": [
      -0.5772696409334523,
      0.007614067912357573,
      0.007118190571768519,
      1.2252794080076876,
      -0.4304770297860893,
      -0.0009283925634458167,
      -0.57745418411049,
      -0.0028692499088429193,
      -0.002669762191917198,
      1.2251504135063198,
      -0.4207817786647402,
      0.000435720725637219,
      1.1288500042087841e-05,
      -3.443528673922167e-05,
      0.06858745523791898
    ]
  },
  "max_blend": 0.45,
  "policy_weight": 1.0,
  "start_height": 0.755,
  "min_height": -0.7596128652743248,
  "visible_drop": 1.5146128652743247,
  "first_visible_at": 3.1,
  "fell_at": 3.52,
  "final_height": -0.7345496815280426,
  "return_to_stand": false,
  "foot_contact_ratio": 0.8833333333333333,
  "foot_slip_distance": 0.7939336198036447,
  "min_support_margin": -0.6165779033120984,
  "max_joint_limit_violation": 0.02509536946565344,
  "max_total_foot_normal_force": 2817.4779643719467,
  "max_lr_normal_imbalance": 1.0,
  "max_lower_inverse_torque": 22112.37468196813,
  "max_observed_blend": 0.45,
  "pass_gate": false,
  "verdict": "FAIL_FALL",
  "samples": [
    {
      "t": 0.0,
      "height": 0.7542067254735858,
      "visible_drop": 0.0007932745264142005,
      "support_margin": 0.08652551974594566,
      "both_feet_contact": true,
      "foot_slip_distance": 0.00010037407583634911,
      "controller_blend": 0.0,
      "up_z": 0.9999886379342544,
      "lr_normal_imbalance": 0.20647142569380275,
      "inverse_torque": 12.855626482333326
    },
    {
      "t": 0.2,
      "height": 0.75265006315523,
      "visible_drop": 0.0023499368447700286,
      "support_margin": 0.0859502649725955,
      "both_feet_contact": true,
      "foot_slip_distance": 0.0005921788248432764,
      "controller_blend": 0.03,
      "up_z": 0.9997558883896037,
      "lr_normal_imbalance": 0.02625207649554658,
      "inverse_torque": 11.077955726548355
    },
    {
      "t": 0.4,
      "height": 0.749745793111055,
      "visible_drop": 0.005254206888944957,
      "support_margin": 0.08151331289947715,
      "both_feet_contact": true,
      "foot_slip_distance": 0.0010570951254019517,
      "controller_blend": 0.06,
      "up_z": 0.9995432049548755,
      "lr_normal_imbalance": 0.02765288706202412,
      "inverse_torque": 12.809403450292407
    },
    {
      "t": 0.6,
      "height": 0.7470539116856129,
      "visible_drop": 0.007946088314387145,
      "support_margin": 0.07642139026074625,
      "both_feet_contact": true,
      "foot_slip_distance": 0.0015132805000922774,
      "controller_blend": 0.09,
      "up_z": 0.9994531071690264,
      "lr_normal_imbalance": 0.0005848116253933355,
      "inverse_torque": 13.798486441010908
    },
    {
      "t": 0.8,
      "height": 0.7447634979544154,
      "visible_drop": 0.010236502045584572,
      "support_margin": 0.07193885280195858,
      "both_feet_contact": true,
      "foot_slip_distance": 0.001911734315368798,
      "controller_blend": 0.12,
      "up_z": 0.9993753192361206,
      "lr_normal_imbalance": 0.005237616631604869,
      "inverse_torque": 14.75988619289525
    },
    {
      "t": 1.0,
      "height": 0.7423792937696285,
      "visible_drop": 0.012620706230371481,
      "support_margin": 0.06790660723553206,
      "both_feet_contact": true,
      "foot_slip_distance": 0.0023010758989939362,
      "controller_blend": 0.15,
      "up_z": 0.9993196085019723,
      "lr_normal_imbalance": 0.010486268022896924,
      "inverse_torque": 15.65872757475695
    },
    {
      "t": 1.2,
      "height": 0.7399676962963186,
      "visible_drop": 0.01503230370368136,
      "support_margin": 0.06408020090615438,
      "both_feet_contact": true,
      "foot_slip_distance": 0.0026687057946974957,
      "controller_blend": 0.18,
      "up_z": 0.9992798007483147,
      "lr_normal_imbalance": 0.0006580540523857028,
      "inverse_torque": 16.26117336778666
    },
    {
      "t": 1.4,
      "height": 0.7375038852745284,
      "visible_drop": 0.017496114725471634,
      "support_margin": 0.06020140787020865,
      "both_feet_contact": true,
      "foot_slip_distance": 0.0030197452529332532,
      "controller_blend": 0.21000000000000002,
      "up_z": 0.9992087890228301,
      "lr_normal_imbalance": 0.010340361945446281,
      "inverse_torque": 16.748399971467443
    },
    {
      "t": 1.6,
      "height": 0.7347557700909289,
      "visible_drop": 0.020244229909071154,
      "support_margin": 0.05596629514958069,
      "both_feet_contact": true,
      "foot_slip_distance": 0.0033856753879374824,
      "controller_blend": 0.24,
      "up_z": 0.9990920624274622,
      "lr_normal_imbalance": 0.07643775166722938,
      "inverse_torque": 15.471939502651505
    },
    {
      "t": 1.8,
      "height": 0.7328943202357485,
      "visible_drop": 0.022105679764251485,
      "support_margin": 0.050389651908925456,
      "both_feet_contact": true,
      "foot_slip_distance": 0.0038145163604119594,
      "controller_blend": 0.27,
      "up_z": 0.998938620096582,
      "lr_normal_imbalance": 0.19878951928397148,
      "inverse_torque": 17.851724967890497
    },
    {
      "t": 2.0,
      "height": 0.7292054664373633,
      "visible_drop": 0.025794533562636723,
      "support_margin": 0.04311164808141618,
      "both_feet_contact": true,
      "foot_slip_distance": 0.004279891942052213,
      "controller_blend": 0.3,
      "up_z": 0.9984732544295712,
      "lr_normal_imbalance": 0.10678985068634463,
      "inverse_torque": 18.384081063139693
    },
    {
      "t": 2.2,
      "height": 0.7248683951533509,
      "visible_drop": 0.030131604846649118,
      "support_margin": 0.03453048535997868,
      "both_feet_contact": true,
      "foot_slip_distance": 0.0048698301026591706,
      "controller_blend": 0.33,
      "up_z": 0.9976639559929154,
      "lr_normal_imbalance": 0.05119285943340717,
      "inverse_torque": 18.446545298857888
    },
    {
      "t": 2.4,
      "height": 0.7195013824334778,
      "visible_drop": 0.03549861756652217,
      "support_margin": 0.023813595795537976,
      "both_feet_contact": true,
      "foot_slip_distance": 0.005536182567534609,
      "controller_blend": 0.36,
      "up_z": 0.9957460569651894,
      "lr_normal_imbalance": 0.04225349989566289,
      "inverse_torque": 21.16078258686415
    },
    {
      "t": 2.6,
      "height": 0.7126135624205165,
      "visible_drop": 0.04238643757948346,
      "support_margin": 0.009133265666953001,
      "both_feet_contact": true,
      "foot_slip_distance": 0.0062499668274356105,
      "controller_blend": 0.39,
      "up_z": 0.991561948144744,
      "lr_normal_imbalance": 0.0560549246026446,
      "inverse_torque": 22.850219186657196
    },
    {
      "t": 2.8,
      "height": 0.7035716446122847,
      "visible_drop": 0.051428355387715285,
      "support_margin": -0.01381082853005055,
      "both_feet_contact": true,
      "foot_slip_distance": 0.006992377960641929,
      "controller_blend": 0.42000000000000004,
      "up_z": 0.9826973965275243,
      "lr_normal_imbalance": 0.053098668080550256,
      "inverse_torque": 23.786320531690052
    },
    {
      "t": 3.0,