{
  "native": {
    "attempt": "drop-0p12-com8-posture0p6",
    "target": {
      "drop": 0.12,
      "start_height": 0.755,
      "target_height": 0.635,
      "success": true,
      "cost": 0.08323455480372803,
      "nfev": 26,
      "com_weight": 8.0,
      "posture_weight": 0.6,
      "rms_foot_error": 0.00040629973314466525,
      "max_foot_error": 0.0004226101030184034,
      "support_margin": 0.07030203897988783,
      "inside_support": true,
      "com_xy": [
        0.05378514659773796,
        0.00041052509582036923
      ],
      "support_center_xy": [
        0.034326556343827364,
        0.000958503060375343
      ],
      "com_center_error": 0.019466304593302303,
      "knee_delta_rad": 0.7581007740724757,
      "hip_pitch_delta_rad": 0.3557207617099574,
      "visible_pose_gate": {
        "pelvis_drop_pass": true,
        "knee_delta_pass": true,
        "hip_pitch_delta_pass": true,
        "pass": true
      },
      "lower_body_target": [
        -0.6665984016967172,
        0.012378735033835048,
        0.009560390431463131,
        1.4271007740724757,
        -0.6214859680625131,
        -0.0026262386192152888,
        -0.6677207617099574,
        0.0002351090721222164,
        0.0002300679026173005,
        1.4267355891720326,
        -0.582913890356354,
        0.0018756389808813733,
        7.369805932248442e-05,
        -0.00023264891382186156,
        0.05467544114211741
      ]
    },
    "max_blend": 0.45,
    "policy_weight": 1.0,
    "start_height": 0.755,
    "min_height": -0.7601183763073959,
    "visible_drop": 1.5151183763073959,
    "first_visible_at": 2.88,
    "fell_at": 3.38,
    "final_height": -0.7223949454724587,
    "return_to_stand": false,
    "foot_contact_ratio": 0.89,
    "foot_slip_distance": 0.7314127530598329,
    "min_support_margin": -0.6138861827488165,
    "max_joint_limit_violation": 0.030779311181807878,
    "max_total_foot_normal_force": 2084.311584921415,
    "max_lr_normal_imbalance": 1.0,
    "max_lower_inverse_torque": 20710.245379651034,
    "max_observed_blend": 0.45,
    "pass_gate": false,
    "verdict": "FAIL_FALL",
    "samples": [
      {
        "t": 0.0,
        "height": 0.7542067254735858,
        "visible_drop": 0.0007932745264142005,
        "support_margin": 0.08652551974594566,
        "both_feet_contact": true,
        "foot_slip_distance": 0.00010037407583634911,
        "controller_blend": 0.0,
        "up_z": 0.9999886379342544,
        "lr_normal_imbalance": 0.20647142569380275,
        "inverse_torque": 12.855626482333326
      },
      {
        "t": 0.2,
        "height": 0.7524214437958406,
        "visible_drop": 0.0025785562041593657,
        "support_margin": 0.08598776255843621,
        "both_feet_contact": true,
        "foot_slip_distance": 0.0005931565865514722,
        "controller_blend": 0.028125,
        "up_z": 0.9997656782803084,
        "lr_normal_imbalance": 0.025620916001098604,
        "inverse_torque": 11.079398832046486
      },
      {
        "t": 0.4,
        "height": 0.7492129429506065,
        "visible_drop": 0.005787057049393529,
        "support_margin": 0.08159661400341808,
        "both_feet_contact": true,
        "foot_slip_distance": 0.0010611604648919667,
        "controller_blend": 0.05625,
        "up_z": 0.9995893708457961,
        "lr_normal_imbalance": 0.02764921291149891,
        "inverse_torque": 12.811687100005225
      },
      {
        "t": 0.6,
        "height": 0.7462015372988116,
        "visible_drop": 0.008798462701188448,
        "support_margin": 0.0764397864795115,
        "both_feet_contact": true,
        "foot_slip_distance": 0.0015214087026865553,
        "controller_blend": 0.08437499999999999,
        "up_z": 0.9995376610365811,
        "lr_normal_imbalance": 0.0034629622967423035,
        "inverse_torque": 13.821313468474509
      },
      {
        "t": 0.8,
        "height": 0.7435411940183537,
        "visible_drop": 0.01145880598164628,
        "support_margin": 0.07179134335891335,
        "both_feet_contact": true,
        "foot_slip_distance": 0.001922712601077676,
        "controller_blend": 0.1125,
        "up_z": 0.9994918496807441,
        "lr_normal_imbalance": 0.00860582129641557,
        "inverse_torque": 14.842024765602389
      },
      {
        "t": 1.0,
        "height": 0.7406754299385591,
        "visible_drop": 0.014324570061440944,
        "support_margin": 0.06748309493808372,
        "both_feet_contact": true,
        "foot_slip_distance": 0.0023174590260006543,
        "controller_blend": 0.140625,
        "up_z": 0.9994681050497476,
        "lr_normal_imbalance": 0.012276210004887614,
        "inverse_torque": 15.850162308144146
      },
      {
        "t": 1.2,
        "height": 0.7378361086245456,
        "visible_drop": 0.017163891375454376,
        "support_margin": 0.06332383902953372,
        "both_feet_contact": true,
        "foot_slip_distance": 0.0026872920282655054,
        "controller_blend": 0.16874999999999998,
        "up_z": 0.9994606653587357,
        "lr_normal_imbalance": 0.0017001503818574219,
        "inverse_torque": 16.502522482540524
      },
      {
        "t": 1.4,
        "height": 0.7348238696220284,
        "visible_drop": 0.020176130377971613,
        "support_margin": 0.05910984471721195,
        "both_feet_contact": true,
        "foot_slip_distance": 0.0030487676738513423,
        "controller_blend": 0.196875,
        "up_z": 0.9994373692747156,
        "lr_normal_imbalance": 0.009020984011173643,
        "inverse_torque": 17.072950363063992
      },
      {
        "t": 1.6,
        "height": 0.7314441122355979,
        "visible_drop": 0.023555887764402095,
        "support_margin": 0.05445448560873401,
        "both_feet_contact": true,
        "foot_slip_distance": 0.0034239723395077543,
        "controller_blend": 0.225,
        "up_z": 0.9993936951523537,
        "lr_normal_imbalance": 0.029991502746634494,
        "inverse_torque": 17.247251975490524
      },
      {
        "t": 1.8,
        "height": 0.7281953505405053,
        "visible_drop": 0.026804649459494678,
        "support_margin": 0.04890952043468776,
        "both_feet_contact": true,
        "foot_slip_distance": 0.003915636589901614,
        "controller_blend": 0.253125,
        "up_z": 0.9993069014433044,
        "lr_normal_imbalance": 0.28989122061948414,
        "inverse_torque": 20.252138372353713
      },
      {
        "t": 2.0,
        "height": 0.723635476998088,
        "visible_drop": 0.03136452300191206,
        "support_margin": 0.041401303904883474,
        "both_feet_contact": true,
        "foot_slip_distance": 0.0045813018524911335,
        "controller_blend": 0.28125,
        "up_z": 0.9990596358837247,
        "lr_normal_imbalance": 0.1227314326253979,
        "inverse_torque": 19.28901250692502
      },
      {
        "t": 2.2,
        "height": 0.7171344600870975,
        "visible_drop": 0.037865539912902535,
        "support_margin": 0.031779187559004635,
        "both_feet_contact": true,
        "foot_slip_distance": 0.0052990278185742175,
        "controller_blend": 0.309375,
        "up_z": 0.998471600077522,
        "lr_normal_imbalance": 0.034161725965047775,
        "inverse_torque": 18.94445932125359
      },
      {
        "t": 2.4,
        "height": 0.7070829887673673,
        "visible_drop": 0.0479170112326327,
        "support_margin": 0.019116157838935416,
        "both_feet_contact": true,
        "foot_slip_distance": 0.0061474807040431435,
        "controller_blend": 0.33749999999999997,
        "up_z": 0.9964270198733267,
        "lr_normal_imbalance": 0.05626404221531686,
        "inverse_torque": 22.395198430812624
      },
      {
        "t": 2.6,
        "height": 0.6969277194752427,
        "visible_drop": 0.058072280524757325,
        "support_margin": -0.0002684601305739595,
        "both_feet_contact": true,
        "foot_slip_distance": 0.0074162987757648196,
        "controller_blend": 0.36562500000000003,