{
  "start_height": 0.755,
  "min_height": 0.7350036580806725,
  "visible_drop": 0.01999634191932753,
  "first_visible_at": null,
  "max_knee_delta_rad": 0.48038403104602767,
  "max_hip_pitch_delta_rad": 0.34499369821643816,
  "fell_at": null,
  "final_height": 0.7592163884596687,
  "return_to_stand": true,
  "foot_contact_ratio": 0.39,
  "foot_slip_distance": 3.305206093464965,
  "min_support_margin": 0.006038085656656866,
  "first_support_breach_at": null,
  "first_slip_breach_at": 1.0,
  "max_joint_limit_violation": 0.008769945794646072,
  "samples": [
    {
      "t": 0.0,
      "height": 0.7541946656925888,
      "visible_drop": 0.000805334307411254,
      "knee_delta": 0.019939619903283412,
      "hip_delta": 0.014830769126168708,
      "command": [
        0.0,
        0.18666666746139526,
        0.0
      ],
      "support_margin": 0.08652328338094238,
      "both_feet_contact": true,
      "foot_slip_distance": 0.00020548359297948212,
      "up_z": 0.9999950910729408,
      "action_norm": 1.4758884906768799
    },
    {
      "t": 0.2,
      "height": 0.7521766091692037,
      "visible_drop": 0.002823390830796302,
      "knee_delta": 0.0571553805863495,
      "hip_delta": 0.010784375025749138,
      "command": [
        0.06666666269302368,
        0.25333333015441895,
        0.0
      ],
      "support_margin": 0.09010194231308633,
      "both_feet_contact": true,
      "foot_slip_distance": 0.0005881560304900931,
      "up_z": 0.999781767903567,
      "action_norm": 0.8919996023178101
    },
    {
      "t": 0.4,
      "height": 0.7528646157018279,
      "visible_drop": 0.0021353842981720605,
      "knee_delta": 0.055517051607444134,
      "hip_delta": 0.014862182383103106,
      "command": [
        0.13333332538604736,
        0.3199999928474426,
        0.0
      ],
      "support_margin": 0.08071422465263892,
      "both_feet_contact": true,
      "foot_slip_distance": 0.0012295903899278045,
      "up_z": 0.9999543076159112,
      "action_norm": 0.9648491144180298
    },
    {
      "t": 0.6,
      "height": 0.7530728708014507,
      "visible_drop": 0.0019271291985493155,
      "knee_delta": 0.06084609149319076,
      "hip_delta": 0.054170412578646576,
      "command": [
        0.19999998807907104,
        0.3866666555404663,
        0.0
      ],
      "support_margin": 0.06347648049720618,
      "both_feet_contact": true,
      "foot_slip_distance": 0.0018652592217776633,
      "up_z": 0.9974004611503952,
      "action_norm": 1.220751166343689
    },
    {
      "t": 0.8,
      "height": 0.7474443074324855,
      "visible_drop": 0.007555692567514538,
      "knee_delta": 0.10762412363778451,
      "hip_delta": 0.11896087580619497,
      "command": [
        0.2666666507720947,
        0.4533333480358124,
        0.0
      ],
      "support_margin": 0.03757217176107373,
      "both_feet_contact": true,
      "foot_slip_distance": 0.0023923831030842743,
      "up_z": 0.9874284171792924,
      "action_norm": 1.4583630561828613
    },
    {
      "t": 1.0,
      "height": 0.7446275588453531,
      "visible_drop": 0.010372441154646861,
      "knee_delta": 0.35724145804096086,
      "hip_delta": 0.14114284160619445,
      "command": [
        0.3333333432674408,
        0.5199999809265137,
        0.0
      ],
      "support_margin": 0.033121978861339524,
      "both_feet_contact": false,
      "foot_slip_distance": 0.07122618496611557,
      "up_z": 0.994040516877732,
      "action_norm": 1.886473536491394
    },
    {
      "t": 1.2,
      "height": 0.7623269656189564,
      "visible_drop": -0.007326965618956405,
      "knee_delta": 0.4171997399257148,
      "hip_delta": 0.09411579484962851,
      "command": [
        0.3999999761581421,
        0.5866666436195374,
        0.0
      ],
      "support_margin": 0.12124840717499466,
      "both_feet_contact": false,
      "foot_slip_distance": 0.23912057947154627,
      "up_z": 0.9972125106686943,
      "action_norm": 1.780905842781067
    },
    {
      "t": 1.4,
      "height": 0.7589616882270498,
      "visible_drop": -0.003961688227049787,
      "knee_delta": 0.15147333062222468,
      "hip_delta": 0.23177518409004866,
      "command": [
        0.46666666865348816,
        0.653333306312561,
        0.0
      ],
      "support_margin": 0.16266825842514657,
      "both_feet_contact": false,
      "foot_slip_distance": 0.4986510495509153,
      "up_z": 0.9988037770801814,
      "action_norm": 1.4077353477478027
    },
    {
      "t": 1.6,
      "height": 0.7506020348900025,
      "visible_drop": 0.004397965109997459,
      "knee_delta": 0.22087631747342407,
      "hip_delta": 0.20852841660929627,
      "command": [
        0.5333333015441895,
        0.7199999690055847,
        0.0
      ],
      "support_margin": 0.1325130022669108,
      "both_feet_contact": false,
      "foot_slip_distance": 0.4875838195458975,
      "up_z": 0.9999367125905212,
      "action_norm": 1.5988287925720215
    },
    {
      "t": 1.8,
      "height": 0.7542858415391287,
      "visible_drop": 0.0007141584608713059,
      "knee_delta": 0.39793853431968707,
      "hip_delta": 0.10349016252467685,
      "command": [
        0.5999999642372131,
        0.7866666316986084,
        0.0
      ],
      "support_margin": 0.11389178816680279,
      "both_feet_contact": false,
      "foot_slip_distance": 0.5326041294307766,
      "up_z": 0.9964971535269127,
      "action_norm": 1.7332124710083008
    },
    {
      "t": 2.0,
      "height": 0.7538527273187442,
      "visible_drop": 0.0011472726812558065,
      "knee_delta": 0.386549153110054,
      "hip_delta": 0.13845957507245915,
      "command": [
        0.6666666865348816,
        0.8533332943916321,
        0.0
      ],
      "support_margin": 0.11738165395325295,
      "both_feet_contact": false,
      "foot_slip_distance": 0.6394436963381183,
      "up_z": 0.9940257941257212,
      "action_norm": 2.0863661766052246
    },
    {
      "t": 2.2,
      "height": 0.7421572269116774,
      "visible_drop": 0.012842773088322601,
      "knee_delta": 0.2174728109216889,
      "hip_delta": 0.13564995254759443,
      "command": [
        0.7333333492279053,
        0.9200000166893005,
        0.0
      ],
      "support_margin": 0.12278429552055203,
      "both_feet_contact": false,
      "foot_slip_distance": 0.8201896654345663,
      "up_z": 0.9951262692501402,
      "action_norm": 1.5230458974838257
    },
    {
      "t": 2.4,
      "height": 0.7557861289881967,
      "visible_drop": -0.0007861289881967437,
      "knee_delta": 0.17151929893215312,
      "hip_delta": 0.2223251233657389,
      "command": [
        0.7999999523162842,
        0.9866666793823242,
        0.0
      ],
      "support_margin": 0.09034644502123268,
      "both_feet_contact": false,
      "foot_slip_distance": 1.048801247283063,
      "up_z": 0.9943223897497014,
      "action_norm": 2.129040002822876
    },
    {
      "t": 2.6,
      "height": 0.7521319799348616,
      "visible_drop": 0.0028680200651384213,
      "knee_delta": 0.2235649286541605,
      "hip_delta": 0.1399580654397331,
      "command": [
        0.8666666150093079,
        1.0,
        0.0
      ],
      "support_margin": 0.11208099872338573,
      "both_feet_contact": false,
      "foot_slip_distance": 1.1728496465262341,
      "up_z": 0.9981062864380802,
      "action_norm": 1.766383409500122
    },
    {
      "t": 2.8,
      "height": 0.7435072703792053,
      "visible_drop": 0.011492729620794728,
      "knee_delta": 0.4356051460605668,
      "hip_delta": 0.13069584120694483,
      "command": [
        0.9333333373069763,
        0.9944444298744202,
        0.0
      ],
      "support_margin": 0.05525289273582823,
      "both_feet_contact": false,
      "foot_slip_distance": 1.2867844273666977,
      "up_z": 0.993143709151536,
      "action_norm": 1.9639784097671509
    },
    {
      "t": 3.0,
      "height": 0.7546051690570748,
      "visible_drop": 0.00039483094292525056,
      "knee_delta": 0.4191657648036251,