{
  "params_path": "experiments\\46-g1-force-torque-residual\\verify\\stage-0p74\\attempts\\force-torque-20k\\train\\params.pkl",
  "start_height": 0.755,
  "min_height": 0.7453363221030324,
  "visible_drop": 0.009663677896967648,
  "first_visible_at": null,
  "fell_at": null,
  "final_height": 0.7484021526125254,
  "return_to_stand": true,
  "foot_contact_ratio": 1.0,
  "foot_slip_distance": 0.012601140436521571,
  "min_support_margin": 0.07596234569630973,
  "max_joint_limit_violation": 0.0,
  "max_total_foot_normal_force": 444.0073001015218,
  "max_lr_normal_imbalance": 0.1528379817519301,
  "max_lower_inverse_torque": 20.82368887686002,
  "pass_gate": false,
  "verdict": "DEPTH_PENDING",
  "samples": [
    {
      "t": 0.0,
      "height": 0.7540916012412127,
      "visible_drop": 0.0009083987587873432,
      "target_height": 0.7549999952316284,
      "support_margin": 0.08655498381179023,
      "both_feet_contact": true,
      "foot_slip_distance": 0.00011059724628286582,
      "effective_controller_blend": 0.0,
      "lr_normal_imbalance": 0.04267986931137306,
      "inverse_torque": 10.853972180302355,
      "up_z": 0.9999906588919871
    },
    {
      "t": 0.2,
      "height": 0.7515755914977991,
      "visible_drop": 0.0034244085022009374,
      "target_height": 0.7400000095367432,
      "support_margin": 0.0863665676245521,
      "both_feet_contact": true,
      "foot_slip_distance": 0.0005805898093642374,
      "effective_controller_blend": 0.0416666641831398,
      "lr_normal_imbalance": 0.02233176867206016,
      "inverse_torque": 11.386778925814905,
      "up_z": 0.999577266871502
    },
    {
      "t": 0.4,
      "height": 0.7497972917806078,
      "visible_drop": 0.005202708219392171,
      "target_height": 0.7400000095367432,
      "support_margin": 0.08288870669476942,
      "both_feet_contact": true,
      "foot_slip_distance": 0.001041020995401224,
      "effective_controller_blend": 0.0833333283662796,
      "lr_normal_imbalance": 0.03378681075064843,
      "inverse_torque": 12.998356171398541,
      "up_z": 0.9991907971641695
    },
    {
      "t": 0.6,
      "height": 0.7484596391461853,
      "visible_drop": 0.0065403608538147084,
      "target_height": 0.7400000095367432,
      "support_margin": 0.07985663069479257,
      "both_feet_contact": true,
      "foot_slip_distance": 0.001525781769205449,
      "effective_controller_blend": 0.1249999850988388,
      "lr_normal_imbalance": 0.005082595975563342,
      "inverse_torque": 13.37694030047175,
      "up_z": 0.9990080122970576
    },
    {
      "t": 0.8,
      "height": 0.7476129113764217,
      "visible_drop": 0.007387088623578286,
      "target_height": 0.7400000095367432,
      "support_margin": 0.07834880945207309,
      "both_feet_contact": true,
      "foot_slip_distance": 0.0019809157289257615,
      "effective_controller_blend": 0.1666666567325592,
      "lr_normal_imbalance": 0.006148242914206185,
      "inverse_torque": 13.578725526803069,
      "up_z": 0.9989200978297018
    },
    {
      "t": 1.0,
      "height": 0.7468127777090904,
      "visible_drop": 0.008187222290909624,
      "target_height": 0.7400000095367432,
      "support_margin": 0.07798594084239338,
      "both_feet_contact": true,
      "foot_slip_distance": 0.002430319858396537,
      "effective_controller_blend": 0.2083333283662796,
      "lr_normal_imbalance": 0.012943902696074412,
      "inverse_torque": 13.691217129011395,
      "up_z": 0.9989171486204091
    },
    {
      "t": 1.2,
      "height": 0.7459508132709859,
      "visible_drop": 0.009049186729014114,
      "target_height": 0.7400000095367432,
      "support_margin": 0.07835414766961575,
      "both_feet_contact": true,
      "foot_slip_distance": 0.0028605580488071966,
      "effective_controller_blend": 0.2499999701976776,
      "lr_normal_imbalance": 0.01505810638086993,
      "inverse_torque": 13.659117644495662,
      "up_z": 0.9989554127750987
    },
    {
      "t": 1.4,
      "height": 0.7456143343375942,
      "visible_drop": 0.00938566566240584,
      "target_height": 0.7400000095367432,
      "support_margin": 0.07906742032864447,
      "both_feet_contact": true,
      "foot_slip_distance": 0.003282240399925408,
      "effective_controller_blend": 0.25,
      "lr_normal_imbalance": 0.018271356110364925,
      "inverse_torque": 13.587794607567474,
      "up_z": 0.9990158760831941
    },
    {
      "t": 1.6,
      "height": 0.7454823521632353,
      "visible_drop": 0.009517647836764676,
      "target_height": 0.7400000095367432,
      "support_margin": 0.07975356540104042,
      "both_feet_contact": true,
      "foot_slip_distance": 0.0037046803932059883,
      "effective_controller_blend": 0.25,
      "lr_normal_imbalance": 0.019416816127967293,
      "inverse_torque": 13.550928319308222,
      "up_z": 0.9990764218323194
    },
    {
      "t": 1.8,
      "height": 0.7454621658569893,
      "visible_drop": 0.009537834143010682,
      "target_height": 0.7400000095367432,
      "support_margin": 0.08025142298001467,
      "both_feet_contact": true,
      "foot_slip_distance": 0.004120682787387468,
      "effective_controller_blend": 0.25,
      "lr_normal_imbalance": 0.016769128217424187,
      "inverse_torque": 13.521815058414747,
      "up_z": 0.999110399025076
    },
    {
      "t": 2.0,
      "height": 0.7454454440206045,
      "visible_drop": 0.009554555979395474,
      "target_height": 0.7400000095367432,
      "support_margin": 0.08053003976233748,
      "both_feet_contact": true,
      "foot_slip_distance": 0.004531635656940256,
      "effective_controller_blend": 0.25,
      "lr_normal_imbalance": 0.01617088077909822,
      "inverse_torque": 13.516051576863532,
      "up_z": 0.9991245561273242
    },
    {
      "t": 2.2,
      "height": 0.7454179878411678,
      "visible_drop": 0.009582012158832254,
      "target_height": 0.7400000095367432,
      "support_margin": 0.08063197484505898,
      "both_feet_contact": true,
      "foot_slip_distance": 0.004939297878221259,
      "effective_controller_blend": 0.25,
      "lr_normal_imbalance": 0.016541953505224603,
      "inverse_torque": 13.524911059810341,
      "up_z": 0.9991242625107876
    },
    {
      "t": 2.4,
      "height": 0.7453766970276285,
      "visible_drop": 0.009623302972371461,
      "target_height": 0.7400000095367432,
      "support_margin": 0.08061390342835954,
      "both_feet_contact": true,
      "foot_slip_distance": 0.005343335639537725,
      "effective_controller_blend": 0.25,
      "lr_normal_imbalance": 0.016256752165171723,
      "inverse_torque": 13.545224084003735,
      "up_z": 0.9991147121905212
    },
    {
      "t": 2.6,
      "height": 0.7453363221030324,
      "visible_drop": 0.009663677896967648,
      "target_height": 0.7400000095367432,
      "support_margin": 0.08052269285648886,
      "both_feet_contact": true,
      "foot_slip_distance": 0.0057431340031638065,
      "effective_controller_blend": 0.25,
      "lr_normal_imbalance": 0.01646310852465254,
      "inverse_torque": 13.701345867729223,
      "up_z": 0.999099496670839
    },
    {
      "t": 2.8,
      "height": 0.7454152376237809,
      "visible_drop": 0.00958476237621908,
      "target_height": 0.7400000095367432,
      "support_margin": 0.08040385317170178,
      "both_feet_contact": true,
      "foot_slip_distance": 0.006139517748113283,
      "effective_controller_blend": 0.25,
      "lr_normal_imbalance": 0.01657167498650914,
      "inverse_torque": 13.839745815198764,
      "up_z": 0.9990685365505035
    },
    {
      "t": 3.0,
      "height": 0.7456240752734813,
      "visible_drop": 0.009375924726518714,
      "target_height": 0.7400000095367432,
      "support_margin": 0.08036753363925479,
      "both_feet_contact": true,
      "foot_slip_distance": 0.006534927653833424,
      "effective_controller_blend": 0.25,
      "lr_normal_imbalance": 0.016945647893576304,
      "inverse_torque": 13.868396454611613,