{
  "attempt": "level-0p040",
  "drop": 0.04,
  "max_blend": 0.34,
  "policy_weight": 1.0,
  "adapt_gain": 0.09,
  "support_floor": -0.005,
  "slip_limit": 0.08,
  "ik": {
    "drop": 0.04,
    "start_height": 0.755,
    "target_height": 0.715,
    "success": true,
    "cost": 0.02422193346883983,
    "nfev": 5,
    "rms_foot_error": 0.0004214778630768126,
    "max_foot_error": 0.0004214778705910073,
    "lower_body_target": [
      -0.4612979833836427,
      -0.00014254546563298543,
      -0.0001740723812930799,
      0.9792324482032269,
      -0.3606037809246347,
      8.275570159868436e-18,
      -0.46129798354403123,
      0.00014252130182897685,
      0.0001740434133845793,
      0.979232448031317,
      -0.3606037810929405,
      -1.0893046298748254e-17,
      0.0,
      0.0,
      0.073
    ]
  },
  "start_height": 0.755,
  "min_height": 0.7384995736977763,
  "visible_drop": 0.016500426302223703,
  "first_visible_at": null,
  "fell_at": null,
  "final_height": 0.7482517724742016,
  "return_to_stand": true,
  "foot_contact_ratio": 1.0,
  "foot_slip_distance": 0.012419730635694048,
  "min_support_margin": 0.06091374921990506,
  "first_support_breach_at": null,
  "first_slip_breach_at": null,
  "max_joint_limit_violation": 0.0,
  "max_knee_delta_rad": 0.16848218234337198,
  "max_hip_pitch_delta_rad": 0.07461679349098788,
  "max_blend_observed": 0.25809315036092684,
  "pass_gate": false,
  "samples": [
    {
      "t": 0.0,
      "height": 0.755,
      "visible_drop": 0.0,
      "desired_blend": 0.0,
      "blend_state": 0.0,
      "health": 1.0,
      "support_margin": 0.08631053913643147,
      "both_feet_contact": true,
      "foot_slip_distance": 0.0,
      "vertical_velocity": 0.0,
      "up_z": 1.0
    },
    {
      "t": 0.2,
      "height": 0.7517802136343233,
      "visible_drop": 0.003219786365676658,
      "desired_blend": 0.026153846153846156,
      "blend_state": 0.01791454395498573,
      "health": 0.9931182349707752,
      "support_margin": 0.08651143865680491,
      "both_feet_contact": true,
      "foot_slip_distance": 0.0005505412023379786,
      "vertical_velocity": -0.015498295518251437,
      "up_z": 0.9996602366632298
    },
    {
      "t": 0.4,
      "height": 0.7497712017652659,
      "visible_drop": 0.0052287982347341,
      "desired_blend": 0.05230769230769231,
      "blend_state": 0.03573680760908818,
      "health": 0.9873566472662146,
      "support_margin": 0.08266067892858592,
      "both_feet_contact": true,
      "foot_slip_distance": 0.001011468218702827,
      "vertical_velocity": -0.008710569807857116,
      "up_z": 0.9992939446498326
    },
    {
      "t": 0.6,
      "height": 0.7482777530896333,
      "visible_drop": 0.006722246910366714,
      "desired_blend": 0.07846153846153846,
      "blend_state": 0.05344557818906005,
      "health": 0.9809656028538318,
      "support_margin": 0.07864311807435118,
      "both_feet_contact": true,
      "foot_slip_distance": 0.0015227517716934547,
      "vertical_velocity": -0.0061044952750055614,
      "up_z": 0.9991296214876876
    },
    {
      "t": 0.8,
      "height": 0.7473371490035114,
      "visible_drop": 0.007662850996488557,
      "desired_blend": 0.10461538461538462,
      "blend_state": 0.07104267815124465,
      "health": 0.9749241331204654,
      "support_margin": 0.07587656215251065,
      "both_feet_contact": true,
      "foot_slip_distance": 0.0020060693503627623,
      "vertical_velocity": -0.0038843469249538742,
      "up_z": 0.9990298825580455
    },
    {
      "t": 1.0,
      "height": 0.7465984145053168,
      "visible_drop": 0.008401585494683173,
      "desired_blend": 0.13076923076923078,
      "blend_state": 0.08853228970706069,
      "health": 0.9689496811675272,
      "support_margin": 0.07421815077981239,
      "both_feet_contact": true,
      "foot_slip_distance": 0.0024840255065978188,
      "vertical_velocity": -0.0036602002199404016,
      "up_z": 0.9989900880320776
    },
    {
      "t": 1.2,
      "height": 0.745916808437433,
      "visible_drop": 0.009083191562566983,
      "desired_blend": 0.15692307692307692,
      "blend_state": 0.10591523283343532,
      "health": 0.9631205657884195,
      "support_margin": 0.0732132932579442,
      "both_feet_contact": true,
      "foot_slip_distance": 0.0029503547369264366,
      "vertical_velocity": -0.003192098700605106,
      "up_z": 0.9989913070693482
    },
    {
      "t": 1.4,
      "height": 0.7452639249852323,
      "visible_drop": 0.009736075014767698,
      "desired_blend": 0.1830769230769231,
      "blend_state": 0.12319540866588012,
      "health": 0.9574843776349065,
      "support_margin": 0.07249870551857902,
      "both_feet_contact": true,
      "foot_slip_distance": 0.00340124978920748,
      "vertical_velocity": -0.003439281078670975,
      "up_z": 0.998989188194341
    },
    {
      "t": 1.6,
      "height": 0.7445451123123766,
      "visible_drop": 0.010454887687623371,
      "desired_blend": 0.20923076923076925,
      "blend_state": 0.14037571357806877,
      "health": 0.9520171265778566,
      "support_margin": 0.07179778983026645,
      "both_feet_contact": true,
      "foot_slip_distance": 0.0038386298737714698,
      "vertical_velocity": -0.003660085362106047,
      "up_z": 0.9989790920680728
    },
    {
      "t": 1.8,
      "height": 0.743798452963109,
      "visible_drop": 0.011201547036891024,
      "desired_blend": 0.2353846153846154,
      "blend_state": 0.15745940786499144,
      "health": 0.9467265047566343,
      "support_margin": 0.07101053024162315,
      "both_feet_contact": true,
      "foot_slip_distance": 0.004261879619469252,
      "vertical_velocity": -0.003815504445436879,
      "up_z": 0.9989602117817623
    },
    {
      "t": 2.0,
      "height": 0.7430156172347684,
      "visible_drop": 0.011984382765231616,
      "desired_blend": 0.26153846153846155,
      "blend_state": 0.17444946301324607,
      "health": 0.9415975108852644,
      "support_margin": 0.07010304383038056,
      "both_feet_contact": true,
      "foot_slip_distance": 0.0046721991291788475,
      "vertical_velocity": -0.003980154571342487,
      "up_z": 0.9989337355595314
    },
    {
      "t": 2.2,
      "height": 0.7422057469372438,
      "visible_drop": 0.012794253062756167,
      "desired_blend": 0.2876923076923077,
      "blend_state": 0.1913488099437437,
      "health": 0.9366303226107425,
      "support_margin": 0.06907330790927069,
      "both_feet_contact": true,
      "foot_slip_distance": 0.005069574191140594,
      "vertical_velocity": -0.004109614903485825,
      "up_z": 0.9988997920162404
    },
    {
      "t": 2.4,
      "height": 0.7413684662464675,
      "visible_drop": 0.013631533753532543,
      "desired_blend": 0.31384615384615383,
      "blend_state": 0.20816027274510018,
      "health": 0.9318160965362148,
      "support_margin": 0.06792643369966647,
      "both_feet_contact": true,
      "foot_slip_distance": 0.005454712277102818,
      "vertical_velocity": -0.00424719696524023,
      "up_z": 0.9988578888528666
    },
    {
      "t": 2.6,
      "height": 0.740504871282581,
      "visible_drop": 0.014495128717418981,
      "desired_blend": 0.34,
      "blend_state": 0.22488652938685227,
      "health": 0.9271467757936781,
      "support_margin": 0.06666688991014874,
      "both_feet_contact": true,
      "foot_slip_distance": 0.005828257936505756,
      "vertical_velocity": -0.004376401767236526,
      "up_z": 0.9988073374956561
    },
    {
      "t": 2.8,
      "height": 0.7396141516974303,
      "visible_drop": 0.015385848302569727,
      "desired_blend": 0.34,
      "blend_state": 0.24153005829678514,
      "health": 0.9226080884710323,
      "support_margin": 0.0652950850653174,
      "both_feet_contact": true,
      "foot_slip_distance": 0.006191352922317422,
      "vertical_velocity": -0.004518993664887061,
      "up_z": 0.9987463099847915
    },
    {
      "t": 3.0,
      "height": 0.7386958482038909,
      "visible_drop": 0.016304151796109112,