{
  "attempt": "upstream-exact-torque-pd",
  "variant": {
    "seconds": 6.0,
    "attempt": "upstream-exact-torque-pd",
    "init_mode": "upstream_motion",
    "anchor_index": 0,
    "ori_order": "upstream",
    "vel_source": "upstream_raw",
    "control_mode": "torque_pd",
    "action_step": 1.0
  },
  "start_height": 0.810932993888855,
  "min_height": -2081.9134864130656,
  "visible_drop": 2082.7244194069544,
  "fell_at": 0.26,
  "final_height": 0.7707277000457396,
  "return_to_stand": true,
  "foot_contact_ratio": 0.07,
  "foot_slip_distance": 6.237281941024991,
  "min_support_margin": -0.5311930602364583,
  "max_joint_limit_violation": 135150.3191608935,
  "max_knee_delta_rad": 1617.031066717213,
  "max_hip_pitch_delta_rad": 4125.482089609434,
  "action_min": -1772875.0,
  "action_max": 1150729.25,
  "obs_abs_max": 27135424.0,
  "first_obs80": [
    -0.010680999606847763,
    0.1911800056695938,
    0.04810100048780441,
    0.1289830058813095,
    -0.07358700037002563,
    -0.09355799853801727,
    0.02390800043940544,
    -0.04573500156402588,
    -0.14741599559783936,
    0.15351800620555878,
    -0.04085199907422066,
    0.09421999752521515,
    0.04326299950480461,
    0.08253800123929977,
    -0.05077899992465973,
    -0.0350940003991127,
    0.1971379965543747,
    -0.36746400594711304,
    0.9631109833717346,
    -0.22308999300003052,
    0.09718400239944458,
    0.10523399710655212,
    -0.1067039966583252,
    -0.42543599009513855,
    0.5734019875526428,
    1.325984001159668,
    0.28869500756263733,
    0.1454859972000122,
    -0.08019900321960449,
    -0.20033998787403107,
    0.03551959618926048,
    -0.005040093790739775,
    -0.12012004107236862,
    0.13679979741573334,
    -0.10212018340826035,
    -0.16830000281333923,
    0.04620015248656273,
    0.03923982009291649,
    -0.20070074498653412,
    0.16595987975597382,
    0.12774018943309784,
    -0.09899988025426865,
    0.09588002413511276,
    -0.1005600318312645,
    -0.2712600529193878,
    -0.35849955677986145,
    0.44729945063591003,
    -0.20381926000118256,
    0.1391395777463913,
    -0.5386800765991211,
    -0.19043995440006256,
    -0.4651799499988556,
    0.0653386041522026,
    0.3052818477153778,
    0.7069229483604431,
    0.14694033563137054,
    -0.49721983075141907,
    0.12834011018276215,
    0.0,
    0.0,
    0.0,
    1.000000238418579,
    5.25283094798823e-10,
    -7.974378490871459e-09,
    5.25283094798823e-10,
    1.000000238418579,
    1.2865921661386892e-08,
    0.00917359534651041,
    0.018420768901705742,
    0.999788224697113,
    0.0,
    0.0,
    0.0,
    -0.010680999606847763,
    0.1911800056695938,
    0.04810100048780441,
    0.1289830058813095,
    -0.07358700037002563,
    -0.09355799853801727,
    0.02390800043940544
  ],
  "first_action29": [
    1.3595904111862183,
    -0.1706767976284027,
    -0.11328773200511932,
    -0.49303382635116577,
    2.4808058738708496,
    0.0077932607382535934,
    -0.11714673042297363,
    0.41457220911979675,
    -0.6773394346237183,
    -1.690807580947876,
    2.0252792835235596,
    0.11647289991378784,
    0.3792523741722107,
    0.46998879313468933,
    -1.9469995498657227,
    -0.8453171253204346,
    0.6782573461532593,
    -0.6920600533485413,
    0.5935476422309875,
    -0.1969791054725647,
    -1.0407196283340454,
    0.1662265658378601,
    -1.3183212280273438,
    -0.9462580680847168,
    0.9123299717903137,
    0.7747032046318054,
    -0.09178734570741653,
    1.1015594005584717,
    0.5062964558601379
  ],
  "samples": [
    {
      "t": 0.0,
      "frame": 0,
      "height": 0.8077623280277552,
      "visible_drop": 0.0031706658610998195,
      "both_feet_contact": false,
      "foot_slip_distance": 0.03464774864734077,
      "support_margin": 0.0775436497184082,
      "knee_delta": 0.1539742646004085,
      "hip_delta": 0.10986937620038449,
      "up_z": 0.9779503064100349,
      "action_min": -1.9469995498657227,
      "action_max": 2.4808058738708496
    },
    {
      "t": 0.2,
      "frame": 12,
      "height": 0.624158491886446,
      "visible_drop": 0.18677450200240897,
      "both_feet_contact": false,
      "foot_slip_distance": 0.39338799859692397,
      "support_margin": 0.029282494978123196,
      "knee_delta": 2.8039106255731587,
      "hip_delta": 1.2789535701979289,
      "up_z": 0.9297797182985518,
      "action_min": -6.970042705535889,
      "action_max": 7.455489158630371
    },
    {
      "t": 0.4,
      "frame": 24,
      "height": 0.6521174667101257,
      "visible_drop": 0.15881552717872927,
      "both_feet_contact": false,
      "foot_slip_distance": 0.720799337947782,
      "support_margin": 0.10562175038889583,
      "knee_delta": 42.6797766003352,
      "hip_delta": 112.04482786210575,
      "up_z": 0.9672751333180023,
      "action_min": -8.62836742401123,
      "action_max": 8.530176162719727
    },
    {
      "t": 0.6,
      "frame": 36,
      "height": 0.7920678690654658,
      "visible_drop": 0.0188651248233892,
      "both_feet_contact": false,
      "foot_slip_distance": 0.2577707658076955,
      "support_margin": 0.09009664607070951,
      "knee_delta": 174.8944776538931,
      "hip_delta": 4061.417959854609,
      "up_z": 0.9312430402172573,
      "action_min": -592160.125,
      "action_max": 468116.34375
    },
    {
      "t": 0.8,
      "frame": 48,
      "height": 0.7566235743565525,
      "visible_drop": 0.054309419532302505,
      "both_feet_contact": false,
      "foot_slip_distance": 0.3368380900037284,
      "support_margin": 0.04928845273176913,
      "knee_delta": 174.8944776538931,
      "hip_delta": 4061.417959854609,
      "up_z": 0.10142787695877312,
      "action_min": -35.202850341796875,
      "action_max": 23.647825241088867
    },
    {
      "t": 1.0,
      "frame": 60,
      "height": 0.6177400252806662,
      "visible_drop": 0.1931929686081888,
      "both_feet_contact": false,
      "foot_slip_distance": 0.44942238428056036,
      "support_margin": -0.20077230350527478,
      "knee_delta": 174.8944776538931,
      "hip_delta": 4061.417959854609,
      "up_z": 0.7868171610446285,
      "action_min": -6.67678165435791,
      "action_max": 6.551364898681641
    },
    {
      "t": 1.2,
      "frame": 72,
      "height": 0.4403526286416743,
      "visible_drop": 0.3705803652471807,
      "both_feet_contact": false,
      "foot_slip_distance": 0.7709081454387408,
      "support_margin": -0.46962721925974765,
      "knee_delta": 174.8944776538931,
      "hip_delta": 4061.417959854609,
      "up_z": 0.5643800014773174,
      "action_min": -5.643686771392822,
      "action_max": 7.271804332733154
    },
    {
      "t": 1.4,
      "frame": 84,
      "height": 0.713400995334054,
      "visible_drop": 0.09753199855480099,
      "both_feet_contact": false,
      "foot_slip_distance": 0.3776813725901575,
      "support_margin": -0.07862281159598826,
      "knee_delta": 174.8944776538931,
      "hip_delta": 4061.417959854609,
      "up_z": 0.9866137384269587,
      "action_min": -24.0892391204834,
      "action_max": 24.568206787109375
    },
    {
      "t": 1.6,
      "frame": 96,
      "height": 0.7932555560973554,
      "visible_drop": 0.01767743779149955,
      "both_feet_contact": true,
      "foot_slip_distance": 0.2859098717196504,
      "support_margin": 0.07034495589270957,
      "knee_delta": 235.8158383012929,
      "hip_delta": 4061.417959854609,
      "up_z": 0.9999996389716842,
      "action_min": -70434.5703125,
      "action_max": 29193.822265625
    },
    {
      "t": 1.8,
      "frame": 108,
      "height": 0.6808665714860677,
      "visible_drop": 0.13006642240278732,
      "both_feet_contact": false,
      "foot_slip_distance": 0.5398248758131461,
      "support_margin": -0.2304810362610255,
      "knee_delta": 235.8158383012929,
      "hip_delta": 4061.417959854609,
      "up_z": 0.8622766434037323,
      "action_min": -9.506375312805176,
      "action_max": 9.933675765991211
    },
    {
      "t": 2.0,