{
  "native": {
    "attempt": "support-velocity-0p60",
    "mode": "support-velocity",
    "drop": 0.08,
    "max_blend": 0.6,
    "policy_weight": 1.0,
    "support_lo": 0.0,
    "support_hi": 0.06,
    "velocity_lo": -0.35,
    "velocity_hi": -0.05,
    "ik": {
      "drop": 0.08,
      "start_height": 0.755,
      "target_height": 0.675,
      "success": true,
      "cost": 0.07527746714403195,
      "nfev": 6,
      "rms_foot_error": 0.0006108590297431658,
      "max_foot_error": 0.0006108590424735445,
      "lower_body_target": [
        -0.575114476925352,
        -0.0003914080673100065,
        -0.00037249026131839743,
        1.2168642879959017,
        -0.35307724934194473,
        -1.8902048011641678e-17,
        -0.5751144768987575,
        0.0003914087744053887,
        0.0003724908824383186,
        1.2168642877780107,
        -0.3530772461397548,
        2.482051673038081e-17,
        0.0,
        0.0,
        0.073
      ]
    },
    "start_height": 0.755,
    "min_height": 0.7294094655980147,
    "visible_drop": 0.025590534401985332,
    "first_visible_at": null,
    "fell_at": null,
    "final_height": 0.7492550036476489,
    "return_to_stand": true,
    "foot_contact_ratio": 1.0,
    "foot_slip_distance": 0.014813741081502348,
    "min_support_margin": 0.017910646468828742,
    "first_support_breach_at": null,
    "max_downward_velocity": -0.039663726320710024,
    "max_joint_limit_violation": 0.0,
    "max_desired_blend": 0.6,
    "max_effective_blend": 0.27630079291341475,
    "min_blend_factor": 0.298510774480479,
    "pass_gate": false,
    "verdict": "DEPTH_PENDING",
    "samples": [
      {
        "t": 0.0,
        "base_height": 0.755,
        "visible_drop": 0.0,
        "vertical_velocity": 0.0,
        "up_z": 1.0,
        "both_feet_contact": true,
        "foot_slip_distance": 0.0,
        "support_margin": 0.08631053913643147,
        "desired_blend": 0.0,
        "effective_blend": 0.0,
        "support_factor": 1.0,
        "velocity_factor": 1.0,
        "blend_factor": 1.0
      },
      {
        "t": 0.2,
        "base_height": 0.7527172165882168,
        "visible_drop": 0.002282783411783229,
        "vertical_velocity": -0.019554683462452704,
        "up_z": 0.9997977035498812,
        "both_feet_contact": true,
        "foot_slip_distance": 0.0005561120911674415,
        "support_margin": 0.08622229175860205,
        "desired_blend": 0.04,
        "effective_blend": 0.04,
        "support_factor": 1.0,
        "velocity_factor": 1.0,
        "blend_factor": 1.0
      },
      {
        "t": 0.4,
        "base_height": 0.7492985214120215,
        "visible_drop": 0.005701478587978537,
        "vertical_velocity": -0.016025479967118894,
        "up_z": 0.9996025482041864,
        "both_feet_contact": true,
        "foot_slip_distance": 0.0010082301139351494,
        "support_margin": 0.08182177695233243,
        "desired_blend": 0.08,
        "effective_blend": 0.08,
        "support_factor": 1.0,
        "velocity_factor": 1.0,
        "blend_factor": 1.0
      },
      {
        "t": 0.6,
        "base_height": 0.745996990342074,
        "visible_drop": 0.009003009657925998,
        "vertical_velocity": -0.015995111217914637,
        "up_z": 0.9995351109897447,
        "both_feet_contact": true,
        "foot_slip_distance": 0.001461903655439205,
        "support_margin": 0.07606510146590013,
        "desired_blend": 0.11999999999999998,
        "effective_blend": 0.11999999999999998,
        "support_factor": 1.0,
        "velocity_factor": 1.0,
        "blend_factor": 1.0
      },
      {
        "t": 0.8,
        "base_height": 0.7429301965236806,
        "visible_drop": 0.012069803476319363,
        "vertical_velocity": -0.01570464331416277,
        "up_z": 0.9994506155151156,
        "both_feet_contact": true,
        "foot_slip_distance": 0.0018451716230188293,
        "support_margin": 0.07038702299946963,
        "desired_blend": 0.16,
        "effective_blend": 0.16,
        "support_factor": 1.0,
        "velocity_factor": 1.0,
        "blend_factor": 1.0
      },
      {
        "t": 1.0,
        "base_height": 0.739479921523886,
        "visible_drop": 0.01552007847611403,
        "vertical_velocity": -0.01787266369973617,
        "up_z": 0.9993509895605123,
        "both_feet_contact": true,
        "foot_slip_distance": 0.0022216062297091914,
        "support_margin": 0.06461071260447411,
        "desired_blend": 0.19999999999999998,
        "effective_blend": 0.19999999999999998,
        "support_factor": 1.0,
        "velocity_factor": 1.0,
        "blend_factor": 1.0
      },
      {
        "t": 1.2,
        "base_height": 0.7359952066931366,
        "visible_drop": 0.019004793306863443,
        "vertical_velocity": -0.016508925093999816,
        "up_z": 0.9992233426391132,
        "both_feet_contact": true,
        "foot_slip_distance": 0.002579467465780807,
        "support_margin": 0.05857965705644665,
        "desired_blend": 0.23999999999999996,
        "effective_blend": 0.23431862822578658,
        "support_factor": 0.9763276176074442,
        "velocity_factor": 1.0,
        "blend_factor": 0.9763276176074442
      },
      {
        "t": 1.4,
        "base_height": 0.733787563520377,
        "visible_drop": 0.02121243647962301,
        "vertical_velocity": -0.008349734133583642,
        "up_z": 0.9988555886709306,
        "both_feet_contact": true,
        "foot_slip_distance": 0.002965264052366082,
        "support_margin": 0.05208480891153263,
        "desired_blend": 0.28,
        "effective_blend": 0.2430624415871523,
        "support_factor": 0.8680801485255438,
        "velocity_factor": 1.0,
        "blend_factor": 0.8680801485255438
      },
      {
        "t": 1.6,
        "base_height": 0.7343079954968307,
        "visible_drop": 0.020692004503169326,
        "vertical_velocity": 0.01226705182003629,
        "up_z": 0.998350396107905,
        "both_feet_contact": true,
        "foot_slip_distance": 0.003471951762316754,
        "support_margin": 0.04462282509556453,
        "desired_blend": 0.32,
        "effective_blend": 0.2379884005096775,
        "support_factor": 0.7437137515927422,
        "velocity_factor": 1.0,
        "blend_factor": 0.7437137515927422
      },
      {
        "t": 1.8,
        "base_height": 0.7349476760773406,
        "visible_drop": 0.020052323922659432,
        "vertical_velocity": 0.010773370693423212,
        "up_z": 0.9972419478702288,
        "both_feet_contact": true,
        "foot_slip_distance": 0.004100803088366286,
        "support_margin": 0.036708283083705794,
        "desired_blend": 0.36,
        "effective_blend": 0.22024969850223478,
        "support_factor": 0.6118047180617633,
        "velocity_factor": 1.0,
        "blend_factor": 0.6118047180617633
      },
      {
        "t": 2.0,
        "base_height": 0.7365976635234213,
        "visible_drop": 0.01840233647657874,
        "vertical_velocity": 0.0111760910061931,
        "up_z": 0.9959869025505047,
        "both_feet_contact": true,
        "foot_slip_distance": 0.004739063737241015,
        "support_margin": 0.03059461124284732,
        "desired_blend": 0.39999999999999997,
        "effective_blend": 0.20396407495231544,
        "support_factor": 0.5099101873807886,
        "velocity_factor": 1.0,
        "blend_factor": 0.5099101873807886
      },
      {
        "t": 2.2,
        "base_height": 0.7373620310895519,
        "visible_drop": 0.01763796891044811,
        "vertical_velocity": 0.002567190818708598,
        "up_z": 0.9953767112999994,
        "both_feet_contact": true,
        "foot_slip_distance": 0.0053673921212817645,
        "support_margin": 0.027946417218645016,
        "desired_blend": 0.44,
        "effective_blend": 0.20494039293673014,
        "support_factor": 0.4657736203107503,
        "velocity_factor": 1.0,
        "blend_factor": 0.4657736203107503
      },
      {
        "t": 2.4,
        "base_height": 0.7358064960443221,