{
  "attempt": "level-0p025",
  "drop": 0.025,
  "max_blend": 0.3,
  "policy_weight": 1.0,
  "adapt_gain": 0.08,
  "support_floor": -0.005,
  "slip_limit": 0.08,
  "ik": {
    "drop": 0.025,
    "start_height": 0.755,
    "target_height": 0.73,
    "success": true,
    "cost": 0.010716434654221273,
    "nfev": 5,
    "rms_foot_error": 0.00031141985712515493,
    "max_foot_error": 0.0003114198736415861,
    "lower_body_target": [
      -0.4112508161883353,
      -7.396300880103943e-05,
      -0.00010136382609500078,
      0.8751143667511813,
      -0.36266948337793414,
      -6.792622259100995e-18,
      -0.4112508163362253,
      7.39730614074601e-05,
      0.00010137722777900426,
      0.8751143669677501,
      -0.3626694809243896,
      8.932061093062942e-18,
      0.0,
      0.0,
      0.073
    ]
  },
  "start_height": 0.755,
  "min_height": 0.7426539450636934,
  "visible_drop": 0.012346054936306583,
  "first_visible_at": null,
  "fell_at": null,
  "final_height": 0.7482732556723722,
  "return_to_stand": true,
  "foot_contact_ratio": 1.0,
  "foot_slip_distance": 0.012620680055575626,
  "min_support_margin": 0.07074358393880233,
  "first_support_breach_at": null,
  "first_slip_breach_at": null,
  "max_joint_limit_violation": 0.0,
  "max_knee_delta_rad": 0.13804286355516915,
  "max_hip_pitch_delta_rad": 0.04535055982618974,
  "max_blend_observed": 0.2291961242914562,
  "pass_gate": false,
  "samples": [
    {
      "t": 0.0,
      "height": 0.755,
      "visible_drop": 0.0,
      "desired_blend": 0.0,
      "blend_state": 0.0,
      "health": 1.0,
      "support_margin": 0.08631053913643147,
      "both_feet_contact": true,
      "foot_slip_distance": 0.0,
      "vertical_velocity": 0.0,
      "up_z": 1.0
    },
    {
      "t": 0.2,
      "height": 0.7518853384799771,
      "visible_drop": 0.003114661520022932,
      "desired_blend": 0.023076923076923078,
      "blend_state": 0.015924098042473005,
      "health": 0.9931279905161392,
      "support_margin": 0.08651592840281139,
      "both_feet_contact": true,
      "foot_slip_distance": 0.0005497607587088678,
      "vertical_velocity": -0.014766324786030793,
      "up_z": 0.999649953462668
    },
    {
      "t": 0.4,
      "height": 0.7500372460472351,
      "visible_drop": 0.004962753952764909,
      "desired_blend": 0.046153846153846156,
      "blend_state": 0.031766157324619154,
      "health": 0.9873513380941618,
      "support_margin": 0.08273493249095354,
      "both_feet_contact": true,
      "foot_slip_distance": 0.0010118929524670628,
      "vertical_velocity": -0.007830329730562635,
      "up_z": 0.9992635842956363
    },
    {
      "t": 0.6,
      "height": 0.7487474796564823,
      "visible_drop": 0.006252520343517753,
      "desired_blend": 0.06923076923076922,
      "blend_state": 0.04750682639191927,
      "health": 0.9809191715491191,
      "support_margin": 0.07892486398580416,
      "both_feet_contact": true,
      "foot_slip_distance": 0.0015264662760704735,
      "vertical_velocity": -0.00496846451351618,
      "up_z": 0.999081081843327
    },
    {
      "t": 0.8,
      "height": 0.7480335797050982,
      "visible_drop": 0.006966420294901798,
      "desired_blend": 0.09230769230769231,
      "blend_state": 0.06314734610761644,
      "health": 0.9748030450749525,
      "support_margin": 0.07648829899743655,
      "both_feet_contact": true,
      "foot_slip_distance": 0.0020157563940037967,
      "vertical_velocity": -0.002728461200468546,
      "up_z": 0.9989724447127246
    },
    {
      "t": 1.0,
      "height": 0.7475430910268868,
      "visible_drop": 0.007456908973113241,
      "desired_blend": 0.11538461538461536,
      "blend_state": 0.07869071472352025,
      "health": 0.968707652330734,
      "support_margin": 0.07526986372876651,
      "both_feet_contact": true,
      "foot_slip_distance": 0.0025033878135412827,
      "vertical_velocity": -0.0023535227857085506,
      "up_z": 0.9989321403324054
    },
    {
      "t": 1.2,
      "height": 0.7471298541982442,
      "visible_drop": 0.007870145801755823,
      "desired_blend": 0.13846153846153844,
      "blend_state": 0.09413714912559815,
      "health": 0.9627362973641026,
      "support_margin": 0.07477799136641575,
      "both_feet_contact": true,
      "foot_slip_distance": 0.002981096210871796,
      "vertical_velocity": -0.0018409185911061332,
      "up_z": 0.9989382433411719
    },
    {
      "t": 1.4,
      "height": 0.7467479734538977,
      "visible_drop": 0.008252026546102353,
      "desired_blend": 0.16153846153846155,
      "blend_state": 0.10948963460798349,
      "health": 0.9569223454071788,
      "support_margin": 0.07461345433640015,
      "both_feet_contact": true,
      "foot_slip_distance": 0.003446212367425697,
      "vertical_velocity": -0.0020635990941542115,
      "up_z": 0.9989425498069826
    },
    {
      "t": 1.6,
      "height": 0.7463087742412956,
      "visible_drop": 0.008691225758704402,
      "desired_blend": 0.18461538461538463,
      "blend_state": 0.12475021574732975,
      "health": 0.9512452053687476,
      "support_margin": 0.07448738568475939,
      "both_feet_contact": true,
      "foot_slip_distance": 0.003900383570500198,
      "vertical_velocity": -0.002252180475420529,
      "up_z": 0.9989393557443302
    },
    {
      "t": 1.8,
      "height": 0.7458483330211096,
      "visible_drop": 0.00915166697889036,
      "desired_blend": 0.20769230769230768,
      "blend_state": 0.1399213354603374,
      "health": 0.9457200392223569,
      "support_margin": 0.07430026797071662,
      "both_feet_contact": true,
      "foot_slip_distance": 0.004342396862211443,
      "vertical_velocity": -0.0023574830166572802,
      "up_z": 0.9989286736099726
    },
    {
      "t": 2.0,
      "height": 0.7453635747730826,
      "visible_drop": 0.009636425226917433,
      "desired_blend": 0.23076923076923073,
      "blend_state": 0.15500527687691096,
      "health": 0.9403350014022949,
      "support_margin": 0.07402598906276288,
      "both_feet_contact": true,
      "foot_slip_distance": 0.004773199887816412,
      "vertical_velocity": -0.0024649400545029287,
      "up_z": 0.9989125265523257
    },
    {
      "t": 2.2,
      "height": 0.7448641410965934,
      "visible_drop": 0.010135858903406625,
      "desired_blend": 0.25384615384615383,
      "blend_state": 0.17000432325956139,
      "health": 0.9350931257086454,
      "support_margin": 0.07367211580872393,
      "both_feet_contact": true,
      "foot_slip_distance": 0.00519254994330836,
      "vertical_velocity": -0.0025242657699264814,
      "up_z": 0.9988918936870599
    },
    {
      "t": 2.4,
      "height": 0.7443527220459125,
      "visible_drop": 0.010647277954087486,
      "desired_blend": 0.2769230769230769,
      "blend_state": 0.1849207269792688,
      "health": 0.9299905700752694,
      "support_margin": 0.07325421523676443,
      "both_feet_contact": true,
      "foot_slip_distance": 0.005600754393978443,
      "vertical_velocity": -0.002580708259553033,
      "up_z": 0.9988675680303433
    },
    {
      "t": 2.6,
      "height": 0.7438320535619717,
      "visible_drop": 0.01116794643802832,
      "desired_blend": 0.3,
      "blend_state": 0.19975671134058098,
      "health": 0.9250265036360485,
      "support_margin": 0.07278649070928496,
      "both_feet_contact": true,
      "foot_slip_distance": 0.005997879709116113,
      "vertical_velocity": -0.0026215572928978137,
      "up_z": 0.9988400744537563
    },
    {
      "t": 2.8,
      "height": 0.74330303188402,
      "visible_drop": 0.011696968115979978,
      "desired_blend": 0.3,
      "blend_state": 0.21451446584457262,
      "health": 0.9201977310167168,
      "support_margin": 0.07227869272468924,
      "both_feet_contact": true,
      "foot_slip_distance": 0.006384181518662659,
      "vertical_velocity": -0.0026646087240789207,
      "up_z": 0.9988094809884319
    },
    {
      "t": 3.0,
      "height": 0.7427652472677831,