{
  "attempt": "lower-gain1p5-ankle3p0",
  "drop": 0.08,
  "max_blend": 0.38,
  "policy_weight": 1.0,
  "adapt_gain": 0.11,
  "support_floor": -0.005,
  "slip_limit": 0.08,
  "ik": {
    "drop": 0.08,
    "start_height": 0.755,
    "target_height": 0.675,
    "success": true,
    "cost": 0.07527746714403195,
    "nfev": 6,
    "rms_foot_error": 0.0006108590297431658,
    "max_foot_error": 0.0006108590424735445,
    "lower_body_target": [
      -0.575114476925352,
      -0.0003914080673100065,
      -0.00037249026131839743,
      1.2168642879959017,
      -0.35307724934194473,
      -1.8902048011641678e-17,
      -0.5751144768987575,
      0.0003914087744053887,
      0.0003724908824383186,
      1.2168642877780107,
      -0.3530772461397548,
      2.482051673038081e-17,
      0.0,
      0.0,
      0.073
    ]
  },
  "start_height": 0.755,
  "min_height": -0.76043723191499,
  "visible_drop": 1.51543723191499,
  "first_visible_at": 1.56,
  "fell_at": 1.72,
  "final_height": -0.759239504595972,
  "return_to_stand": false,
  "foot_contact_ratio": 0.7066666666666667,
  "foot_slip_distance": 0.42719762362646396,
  "min_support_margin": -0.5489316793727481,
  "first_support_breach_at": 0.88,
  "first_slip_breach_at": 0.7,
  "max_joint_limit_violation": 0.10180089373740564,
  "max_knee_delta_rad": 0.6234300016263428,
  "max_hip_pitch_delta_rad": 0.5464664038218856,
  "max_blend_observed": 0.034213207389585526,
  "pass_gate": false,
  "samples": [
    {
      "t": 0.0,
      "height": 0.755,
      "visible_drop": 0.0,
      "desired_blend": 0.0,
      "blend_state": 0.0,
      "health": 1.0,
      "support_margin": 0.08631053913643147,
      "both_feet_contact": true,
      "foot_slip_distance": 0.0,
      "vertical_velocity": 0.0,
      "up_z": 1.0
    },
    {
      "t": 0.2,
      "height": 0.7554312001064375,
      "visible_drop": -0.0004312001064374904,
      "desired_blend": 0.029230769230769234,
      "blend_state": 0.019801414569384227,
      "health": 0.8130294958732813,
      "support_margin": 0.07413589701061771,
      "both_feet_contact": true,
      "foot_slip_distance": 0.014957640330137498,
      "vertical_velocity": -0.03127387839354512,
      "up_z": 0.9995311760600267
    },
    {
      "t": 0.4,
      "height": 0.7664419228301413,
      "visible_drop": -0.011441922830141338,
      "desired_blend": 0.05846153846153847,
      "blend_state": 0.03409969441950619,
      "health": 0.5992297755652158,
      "support_margin": 0.06345174785398434,
      "both_feet_contact": true,
      "foot_slip_distance": 0.03206161795478273,
      "vertical_velocity": 0.04169630118822654,
      "up_z": 0.9998155795273888
    },
    {
      "t": 0.6,
      "height": 0.7647502505021457,
      "visible_drop": -0.00975025050214573,
      "desired_blend": 0.0876923076923077,
      "blend_state": 0.025573722116352452,
      "health": 0.0,
      "support_margin": 0.06520002967469617,
      "both_feet_contact": false,
      "foot_slip_distance": 0.06509594082118689,
      "vertical_velocity": 0.040878780935532655,
      "up_z": 0.9995371116307029
    },
    {
      "t": 0.8,
      "height": 0.764542839632984,
      "visible_drop": -0.009542839632983968,
      "desired_blend": 0.11692307692307694,
      "blend_state": 0.011744997225028381,
      "health": 0.0,
      "support_margin": 0.0077587587558665475,
      "both_feet_contact": false,
      "foot_slip_distance": 0.10336932502093073,
      "vertical_velocity": -0.03847731424682088,
      "up_z": 0.9981492908527986
    },
    {
      "t": 1.0,
      "height": 0.7632790414383891,
      "visible_drop": -0.00827904143838909,
      "desired_blend": 0.14615384615384613,
      "blend_state": 0.0,
      "health": 0.0,
      "support_margin": -0.019217610554359763,
      "both_feet_contact": false,
      "foot_slip_distance": 0.16769154946931722,
      "vertical_velocity": 0.02806385207375084,
      "up_z": 0.9945805184388913
    },
    {
      "t": 1.2,
      "height": 0.7631524853606186,
      "visible_drop": -0.008152485360618633,
      "desired_blend": 0.1753846153846154,
      "blend_state": 0.0,
      "health": 0.0,
      "support_margin": -0.07852986236416543,
      "both_feet_contact": false,
      "foot_slip_distance": 0.22126596836045137,
      "vertical_velocity": 0.03643917605968827,
      "up_z": 0.9851161105821044
    },
    {
      "t": 1.4,
      "height": 0.7443854534269504,
      "visible_drop": 0.01061454657304961,
      "desired_blend": 0.20461538461538464,
      "blend_state": 0.0,
      "health": 0.0,
      "support_margin": -0.1500971424188966,
      "both_feet_contact": false,
      "foot_slip_distance": 0.23951767672661775,
      "vertical_velocity": -0.21534309393501094,
      "up_z": 0.9639050017994144
    },
    {
      "t": 1.6,
      "height": 0.6369698348644363,
      "visible_drop": 0.11803016513556375,
      "desired_blend": 0.23384615384615387,
      "blend_state": 0.0,
      "health": 0.0,
      "support_margin": -0.31913179202714287,
      "both_feet_contact": true,
      "foot_slip_distance": 0.25226911285159476,
      "vertical_velocity": -0.9791901085221322,
      "up_z": 0.9125616737539176
    },
    {
      "t": 1.8,
      "height": 0.24433251924200017,
      "visible_drop": 0.5106674807579998,
      "desired_blend": 0.2630769230769231,
      "blend_state": 0.0,
      "health": 0.0,
      "support_margin": -0.5423290381598616,
      "both_feet_contact": false,
      "foot_slip_distance": 0.3929876046300741,
      "vertical_velocity": -2.7945893851751555,
      "up_z": 0.6833726194372755
    },
    {
      "t": 2.0,
      "height": -0.4981508886155747,
      "visible_drop": 1.2531508886155747,
      "desired_blend": 0.29230769230769227,
      "blend_state": 0.0,
      "health": 0.0,
      "support_margin": -0.323438751777376,
      "both_feet_contact": false,
      "foot_slip_distance": 0.198094956849652,
      "vertical_velocity": -4.108351660711673,
      "up_z": -0.09616212597313858
    },
    {
      "t": 2.2,
      "height": -0.7599943325780903,
      "visible_drop": 1.5149943325780904,
      "desired_blend": 0.32153846153846155,
      "blend_state": 0.0,
      "health": 0.0,
      "support_margin": 0.03239484783242885,
      "both_feet_contact": true,
      "foot_slip_distance": 0.2784765275434896,
      "vertical_velocity": -0.17948290791510724,
      "up_z": -0.9982142191261301
    },
    {
      "t": 2.4,
      "height": -0.5636973939817088,
      "visible_drop": 1.3186973939817088,
      "desired_blend": 0.3507692307692308,
      "blend_state": 0.0,
      "health": 0.0,
      "support_margin": -0.229523120729952,
      "both_feet_contact": false,
      "foot_slip_distance": 0.24135406512010016,
      "vertical_velocity": 0.9116411975746364,
      "up_z": -0.8585571817498984
    },
    {
      "t": 2.6,
      "height": -0.5475052920586037,
      "visible_drop": 1.3025052920586035,
      "desired_blend": 0.38,
      "blend_state": 0.0,
      "health": 0.0,
      "support_margin": -0.24135101237878093,
      "both_feet_contact": false,
      "foot_slip_distance": 0.19777092949861788,
      "vertical_velocity": -0.5996950940848733,
      "up_z": -0.7991139252897808
    },
    {
      "t": 2.8,
      "height": -0.6688702259000373,
      "visible_drop": 1.4238702259000373,
      "desired_blend": 0.38,
      "blend_state": 0.0,
      "health": 0.0,
      "support_margin": -0.2102727519549195,
      "both_feet_contact": true,
      "foot_slip_distance": 0.2733795969811013,
      "vertical_velocity": -0.7279310428123187,
      "up_z": -0.8962978058977881
    },
    {
      "t": 3.0,
      "height": -0.7482033778235505,
      "visible_drop": 1.5032033778235505,
      "desired_blend": 0.38,
      "blend_state": 0.0,
      "health": 0.0,
      "support_margin": -0.017323620315752575,
      "both_feet_contact": true,
      "foot_slip_distance": 0.3632001066857884,
      "vertical_velocity": -0.20602617022280612,
      "up_z": -0.9819512901670415
    },
    {
      "t": 3.2,