{
  "target_drop": 0.03,
  "params_path": "C:\\Users\\yusun\\projects\\physical-ai\\experiments\\49-g1-command-conditioned-squat-policy\\verify\\target-0p03\\train\\params.pkl",
  "start_height": 0.755,
  "min_height": 0.5014229036098936,
  "visible_drop": 0.2535770963901064,
  "first_visible_at": 5.78,
  "fell_at": null,
  "final_height": 0.5014229036098936,
  "return_to_stand": false,
  "foot_contact_ratio": 0.37333333333333335,
  "foot_slip_distance": 3.0279465351845127,
  "min_support_margin": -0.41301106289255984,
  "first_support_breach_at": 1.38,
  "max_joint_limit_violation": 0.030306330808556547,
  "max_lr_normal_imbalance": 1.0,
  "max_lower_inverse_torque": 16154.523970569613,
  "max_action_norm": 2.5637786388397217,
  "pass_gate": false,
  "verdict": "RETURN_PENDING",
  "samples": [
    {
      "t": 0.0,
      "height": 0.7540662301695861,
      "visible_drop": 0.000933769830413933,
      "command": [
        0.0,
        0.0,
        0.0
      ],
      "support_margin": 0.08655211460556744,
      "both_feet_contact": true,
      "foot_slip_distance": 9.727434995496425e-05,
      "lr_normal_imbalance": 0.2711901863653754,
      "inverse_torque": 10.055586153412762,
      "up_z": 0.9999916602932126,
      "action_norm": 1.2604984045028687
    },
    {
      "t": 0.2,
      "height": 0.7507328777711545,
      "visible_drop": 0.00426712222884551,
      "command": [
        0.07692307233810425,
        0.0,
        0.019230768084526062
      ],
      "support_margin": 0.08696438761590135,
      "both_feet_contact": true,
      "foot_slip_distance": 0.0006357912861406484,
      "lr_normal_imbalance": 0.056533389524141,
      "inverse_torque": 12.833428223709092,
      "up_z": 0.9995686449463407,
      "action_norm": 0.8942647576332092
    },
    {
      "t": 0.4,
      "height": 0.7489382475153739,
      "visible_drop": 0.006061752484626148,
      "command": [
        0.1538461446762085,
        0.0,
        0.038461536169052124
      ],
      "support_margin": 0.08760091458696453,
      "both_feet_contact": true,
      "foot_slip_distance": 0.001169375659268956,
      "lr_normal_imbalance": 0.017566416629538333,
      "inverse_torque": 14.211270132290672,
      "up_z": 0.9993939013828983,
      "action_norm": 0.7563151717185974
    },
    {
      "t": 0.6,
      "height": 0.7489084313123165,
      "visible_drop": 0.006091568687683457,
      "command": [
        0.23076923191547394,
        0.0,
        0.057692307978868484
      ],
      "support_margin": 0.08675126763963556,
      "both_feet_contact": true,
      "foot_slip_distance": 0.0016472186013009324,
      "lr_normal_imbalance": 0.0632063487726876,
      "inverse_torque": 13.412791148932543,
      "up_z": 0.999678491338929,
      "action_norm": 0.7858198285102844
    },
    {
      "t": 0.8,
      "height": 0.7498313769550939,
      "visible_drop": 0.005168623044906062,
      "command": [
        0.307692289352417,
        0.0,
        0.07692307233810425
      ],
      "support_margin": 0.07448837595366653,
      "both_feet_contact": true,
      "foot_slip_distance": 0.0021415957520984877,
      "lr_normal_imbalance": 0.007939421166803575,
      "inverse_torque": 11.893022055457578,
      "up_z": 0.9999389502546737,
      "action_norm": 0.9405971169471741
    },
    {
      "t": 1.0,
      "height": 0.7503383677654948,
      "visible_drop": 0.00466163223450522,
      "command": [
        0.38461539149284363,
        0.0,
        0.09615384787321091
      ],
      "support_margin": 0.05673461074539775,
      "both_feet_contact": true,
      "foot_slip_distance": 0.0027397158991565116,
      "lr_normal_imbalance": 0.01628939305432155,
      "inverse_torque": 9.933634694647028,
      "up_z": 0.9994406346470346,
      "action_norm": 1.1886261701583862
    },
    {
      "t": 1.2,
      "height": 0.7488489970533023,
      "visible_drop": 0.006151002946697681,
      "command": [
        0.4615384638309479,
        0.0,
        0.11538461595773697
      ],
      "support_margin": 0.031617204005157176,
      "both_feet_contact": true,
      "foot_slip_distance": 0.0033201600124481254,
      "lr_normal_imbalance": 0.028186023483353244,
      "inverse_torque": 11.653119311804408,
      "up_z": 0.9968783302641115,
      "action_norm": 1.3648993968963623
    },
    {
      "t": 1.4,
      "height": 0.7419466898223321,
      "visible_drop": 0.013053310177667865,
      "command": [
        0.5384615659713745,
        0.0,
        0.13461539149284363
      ],
      "support_margin": -0.007403321679383901,
      "both_feet_contact": true,
      "foot_slip_distance": 0.0038944622480492027,
      "lr_normal_imbalance": 0.02726246586189853,
      "inverse_torque": 13.786075395311377,
      "up_z": 0.989258065215945,
      "action_norm": 1.4515209197998047
    },
    {
      "t": 1.6,
      "height": 0.716528450244053,
      "visible_drop": 0.03847154975594702,
      "command": [
        0.615384578704834,
        0.0,
        0.1538461446762085
      ],
      "support_margin": -0.07370505572355501,
      "both_feet_contact": true,
      "foot_slip_distance": 0.007685474654535975,
      "lr_normal_imbalance": 0.3797412556762387,
      "inverse_torque": 30.518181062351957,
      "up_z": 0.9792387684308961,
      "action_norm": 1.8636045455932617
    },
    {
      "t": 1.8,
      "height": 0.6970782567427781,
      "visible_drop": 0.05792174325722188,
      "command": [
        0.692307710647583,
        0.0,
        0.17307692766189575
      ],
      "support_margin": 0.059198612896597114,
      "both_feet_contact": false,
      "foot_slip_distance": 0.29130010251496097,
      "lr_normal_imbalance": 1.0,
      "inverse_torque": 40.385589340703255,
      "up_z": 0.9605030661797072,
      "action_norm": 2.1206352710723877
    },
    {
      "t": 2.0,
      "height": 0.7275321532170241,
      "visible_drop": 0.02746784678297587,
      "command": [
        0.7692307829856873,
        0.0,
        0.19230769574642181
      ],
      "support_margin": 0.07958249420415882,
      "both_feet_contact": false,
      "foot_slip_distance": 0.6684792170670694,
      "lr_normal_imbalance": 1.0,
      "inverse_torque": 357.3669015201998,
      "up_z": 0.9801147640593196,
      "action_norm": 1.684324026107788
    },
    {
      "t": 2.2,
      "height": 0.7639962946853643,
      "visible_drop": -0.008996294685364337,
      "command": [
        0.8461539149284363,
        0.0,
        0.21153847873210907
      ],
      "support_margin": 0.048719788413988,
      "both_feet_contact": false,
      "foot_slip_distance": 0.9325602089067936,
      "lr_normal_imbalance": 1.0,
      "inverse_torque": 23.305361404129968,
      "up_z": 0.9803775091224908,
      "action_norm": 1.6558011770248413
    },
    {
      "t": 2.4,
      "height": 0.7330728690739404,
      "visible_drop": 0.02192713092605958,
      "command": [
        0.9230769276618958,
        0.0,
        0.23076923191547394
      ],
      "support_margin": 0.06516956369443204,
      "both_feet_contact": false,
      "foot_slip_distance": 1.2774542353996885,
      "lr_normal_imbalance": 1.0,
      "inverse_torque": 44.535423246959766,
      "up_z": 0.9907553375835362,
      "action_norm": 1.8380330801010132
    },
    {
      "t": 2.6,
      "height": 0.7589231778864293,
      "visible_drop": -0.003923177886429263,
      "command": [
        1.0,
        0.0,
        0.25
      ],
      "support_margin": 0.09736341977539098,
      "both_feet_contact": false,
      "foot_slip_distance": 1.27810331649283,
      "lr_normal_imbalance": 1.0,
      "inverse_torque": 45.276787199672725,
      "up_z": 0.9988579490827811,
      "action_norm": 0.9387102127075195
    },
    {
      "t": 2.8,
      "height": 0.753707603543167,
      "visible_drop": 0.0012923964568329893,
      "command": [
        1.0,
        0.0,
        0.25
      ],
      "support_margin": 0.0565417373922954,
      "both_feet_contact": false,
      "foot_slip_distance": 1.3960583532353916,