{
  "attempt": "ik-drop-0p08-blend-0p25",
  "source_params": "C:\\Users\\yusun\\projects\\physical-ai\\experiments\\22-g1-squat-depth-finetune\\verify\\train\\params.pkl",
  "native": {
    "drop": 0.08,
    "max_blend": 0.25,
    "policy_weight": 1.0,
    "descend_s": 3.0,
    "hold_s": 0.2,
    "return_s": 2.4,
    "seconds": 6.0,
    "params_path": "C:\\Users\\yusun\\projects\\physical-ai\\experiments\\22-g1-squat-depth-finetune\\verify\\train\\params.pkl",
    "ik": {
      "drop": 0.08,
      "start_height": 0.755,
      "target_height": 0.675,
      "success": true,
      "cost": 0.07527746714403195,
      "nfev": 6,
      "rms_foot_error": 0.0006108590297431658,
      "max_foot_error": 0.0006108590424735445,
      "lower_body_target": [
        -0.575114476925352,
        -0.0003914080673100065,
        -0.00037249026131839743,
        1.2168642879959017,
        -0.35307724934194473,
        -1.8902048011641678e-17,
        -0.5751144768987575,
        0.0003914087744053887,
        0.0003724908824383186,
        1.2168642877780107,
        -0.3530772461397548,
        2.482051673038081e-17,
        0.0,
        0.0,
        0.073
      ]
    },
    "start_height": 0.755,
    "min_height": 0.7325539203759245,
    "visible_drop": 0.02244607962407552,
    "fell_at": null,
    "upright_s": 6.0,
    "final_height": 0.749428592257027,
    "return_to_stand": true,
    "torso_up_min_observed": 0.9942458737408845,
    "foot_contact_ratio": 1.0,
    "foot_slip_distance": 0.013342127763561832,
    "stance_ok": true,
    "max_joint_limit_violation": 0.0,
    "max_observed_blend": 0.25,
    "pass_gate": false,
    "verdict": "DEPTH_PENDING",
    "samples": [
      {
        "t": 0.0,
        "base_height": 0.755,
        "visible_drop": 0.0,
        "up_z": 1.0,
        "both_feet_contact": true,
        "foot_slip_distance": 0.0,
        "controller_blend": 0.0
      },
      {
        "t": 0.2,
        "base_height": 0.7534002246026585,
        "visible_drop": 0.001599775397341463,
        "up_z": 0.9997735102568239,
        "both_feet_contact": true,
        "foot_slip_distance": 0.0005544366082952697,
        "controller_blend": 0.016666666666666666
      },
      {
        "t": 0.4,
        "base_height": 0.7510671241486717,
        "visible_drop": 0.003932875851328288,
        "up_z": 0.9994823481067205,
        "both_feet_contact": true,
        "foot_slip_distance": 0.0010163265819071582,
        "controller_blend": 0.03333333333333333
      },
      {
        "t": 0.6,
        "base_height": 0.7490668564829935,
        "visible_drop": 0.005933143517006467,
        "up_z": 0.9993334691435719,
        "both_feet_contact": true,
        "foot_slip_distance": 0.001494685672135414,
        "controller_blend": 0.049999999999999996
      },
      {
        "t": 0.8,
        "base_height": 0.7476224421291512,
        "visible_drop": 0.0073775578708488165,
        "up_z": 0.9992390902903903,
        "both_feet_contact": true,
        "foot_slip_distance": 0.0019239774690893677,
        "controller_blend": 0.06666666666666667
      },
      {
        "t": 1.0,
        "base_height": 0.7463413909163005,
        "visible_drop": 0.008658609083699531,
        "up_z": 0.9991966824514577,
        "both_feet_contact": true,
        "foot_slip_distance": 0.0023484999938217024,
        "controller_blend": 0.08333333333333333
      },
      {
        "t": 1.2,
        "base_height": 0.7451378192211564,
        "visible_drop": 0.009862180778843599,
        "up_z": 0.9991885839843543,
        "both_feet_contact": true,
        "foot_slip_distance": 0.0027547284940873146,
        "controller_blend": 0.09999999999999999
      },
      {
        "t": 1.4,
        "base_height": 0.7439625243231685,
        "visible_drop": 0.011037475676831554,
        "up_z": 0.9991754373106223,
        "both_feet_contact": true,
        "foot_slip_distance": 0.003139559043571052,
        "controller_blend": 0.11666666666666668
      },
      {
        "t": 1.6,
        "base_height": 0.7427022335292366,
        "visible_drop": 0.012297766470763416,
        "up_z": 0.9991504408532387,
        "both_feet_contact": true,
        "foot_slip_distance": 0.0035079484271836815,
        "controller_blend": 0.13333333333333333
      },
      {
        "t": 1.8,
        "base_height": 0.74139625431301,
        "visible_drop": 0.013603745686989965,
        "up_z": 0.9991089720198822,
        "both_feet_contact": true,
        "foot_slip_distance": 0.003861948861981144,
        "controller_blend": 0.15
      },
      {
        "t": 2.0,
        "base_height": 0.740021958926846,
        "visible_drop": 0.014978041073154036,
        "up_z": 0.9990512620758913,
        "both_feet_contact": true,
        "foot_slip_distance": 0.004205700848706194,
        "controller_blend": 0.16666666666666666
      },
      {
        "t": 2.2,
        "base_height": 0.7386005933506437,
        "visible_drop": 0.01639940664935635,
        "up_z": 0.9989683307387557,
        "both_feet_contact": true,
        "foot_slip_distance": 0.004544608482160697,
        "controller_blend": 0.18333333333333335
      },
      {
        "t": 2.4,
        "base_height": 0.7380383776550712,
        "visible_drop": 0.016961622344928817,
        "up_z": 0.9988721755514091,
        "both_feet_contact": true,
        "foot_slip_distance": 0.005000705131315937,
        "controller_blend": 0.19999999999999998
      },
      {
        "t": 2.6,
        "base_height": 0.7366883282665461,
        "visible_drop": 0.018311671733453938,
        "up_z": 0.9985851198788944,
        "both_feet_contact": true,
        "foot_slip_distance": 0.005462031852615536,
        "controller_blend": 0.21666666666666667
      },
      {
        "t": 2.8,
        "base_height": 0.7349329269685086,
        "visible_drop": 0.020067073031491356,
        "up_z": 0.9982151636075619,
        "both_feet_contact": true,
        "foot_slip_distance": 0.005799497578831927,
        "controller_blend": 0.23333333333333336
      },
      {
        "t": 3.0,
        "base_height": 0.7332568028588462,
        "visible_drop": 0.021743197141153803,
        "up_z": 0.9977636290031973,
        "both_feet_contact": true,
        "foot_slip_distance": 0.0062437529633422055,
        "controller_blend": 0.25
      },
      {
        "t": 3.2,
        "base_height": 0.73262688628736,
        "visible_drop": 0.022373113712640058,
        "up_z": 0.9970573768918702,
        "both_feet_contact": true,
        "foot_slip_distance": 0.006775304170007791,
        "controller_blend": 0.24999999999999997
      },
      {
        "t": 3.4,
        "base_height": 0.7337779817260579,
        "visible_drop": 0.0212220182739421,
        "up_z": 0.9959263992156882,
        "both_feet_contact": true,
        "foot_slip_distance": 0.007393814243856808,
        "controller_blend": 0.22916666666666669
      },
      {
        "t": 3.6,
        "base_height": 0.7358602569821555,
        "visible_drop": 0.01913974301784449,
        "up_z": 0.9948231041349006,
        "both_feet_contact": true,
        "foot_slip_distance": 0.008048545720788407,
        "controller_blend": 0.20833333333333331
      },
      {
        "t": 3.8,
        "base_height": 0.7377955017075053,
        "visible_drop": 0.017204498292494708,
        "up_z": 0.9942682578024304,
        "both_feet_contact": true,
        "foot_slip_distance": 0.008758717244119306,
        "controller_blend": 0.18749999999999994
      },
      {
        "t": 4.0,
        "base_height": 0.7393505619145447,
        "visible_drop": 0.01564943808545527,
        "up_z": 0.9944238690986281,
        "both_feet_contact": true,
        "foot_slip_distance": 0.009483701133798428,
        "controller_blend": 0.16666666666666666
      },
      {
        "t": 4.2,
        "base_height": 0.7403799535619898,
        "visible_drop": 0.014620046438010181,
        "up_z": 0.995252048116046,
        "both_feet_contact": true,