{
  "attempt": "mjlab-obs-scaled-knees-bent",
  "variant": {
    "attempt": "mjlab-obs-scaled-knees-bent",
    "anchor_index": 7,
    "velocity_order": "lin_ang",
    "target_mode": "mjlab_scaled",
    "default_name": "mjlab_knees_bent"
  },
  "default_name": "mjlab_knees_bent",
  "start_height": 0.810932993888855,
  "min_height": -0.7654191071118068,
  "visible_drop": 1.5763521010006618,
  "fell_at": 0.36,
  "final_height": 0.6623219025802777,
  "return_to_stand": false,
  "max_knee_delta_rad": 10797.211698099,
  "max_hip_pitch_delta_rad": 1212.6323608479415,
  "foot_slip_distance": 20.392986262499786,
  "action_min": -587944.6875,
  "action_max": 439764.65625,
  "target_min": -257859.0,
  "target_max": 192870.609375,
  "obs_abs_max": 18065534.0,
  "first_action29": [
    1.9013452529907227,
    0.11265002936124802,
    -0.20895937085151672,
    -1.4878361225128174,
    2.5197930335998535,
    0.2393968254327774,
    -0.7562377452850342,
    0.6585416197776794,
    -0.6674638390541077,
    -1.9964923858642578,
    1.512784481048584,
    0.27143406867980957,
    0.19412657618522644,
    0.6920508742332458,
    -1.5127387046813965,
    -1.0106570720672607,
    0.4484075903892517,
    -0.768943727016449,
    0.4635418653488159,
    -0.2275002896785736,
    -0.8647953271865845,
    0.0825854018330574,
    -1.2970565557479858,
    -0.8220846056938171,
    0.9374657273292542,
    0.7558485269546509,
    0.06936833262443542,
    1.1595520973205566,
    0.3910079896450043
  ],
  "first_target29": [
    0.7290748357772827,
    0.03950202465057373,
    -0.11441496014595032,
    0.1472732424736023,
    0.742124080657959,
    0.1049940213561058,
    -0.726075291633606,
    0.23092515766620636,
    -0.36546745896339417,
    -0.03109288215637207,
    0.3004729449748993,
    0.11904482543468475,
    0.10629331320524216,
    0.30351781845092773,
    -0.6634528636932373,
    -0.2432512789964676,
    0.3966614007949829,
    -0.3372412919998169,
    0.8032989501953125,
    -0.09977646917104721,
    -0.06442800909280777,
    0.006152684800326824,
    -0.36885958909988403,
    -0.5605476498603821,
    0.4111512005329132,
    0.9314980506896973,
    0.030423378571867943,
    0.08638764172792435,
    0.02913043648004532
  ],
  "samples": [
    {
      "t": 0.0,
      "height": 0.8083757911532419,
      "drop": 0.0025572027356131066,
      "knee": 0.07214011974635687,
      "hip": 0.09214279648367346,
      "slip": 0.009244136636676205,
      "up_z": 0.9907072655180111
    },
    {
      "t": 0.2,
      "height": 0.7236811317728099,
      "drop": 0.08725186211604508,
      "knee": 2.886877525449577,
      "hip": 0.7782542466127946,
      "slip": 0.5120381366518613,
      "up_z": 0.9156709307493451
    },
    {
      "t": 0.4,
      "height": 0.5847627139563261,
      "drop": 0.22617027993252892,
      "knee": 2.8974876514007106,
      "hip": 1.158308353991699,
      "slip": 0.9013901837030127,
      "up_z": -0.2878084404115315
    },
    {
      "t": 0.6,
      "height": 0.2005982239853837,
      "drop": 0.6103347699034712,
      "knee": 2.8974876514007106,
      "hip": 1.158308353991699,
      "slip": 1.1378665793101623,
      "up_z": -0.743494211229084
    },
    {
      "t": 0.8,
      "height": -0.6179529108283547,
      "drop": 1.4288859047172098,
      "knee": 2.8974876514007106,
      "hip": 1.1681996877116279,
      "slip": 1.1378665793101623,
      "up_z": -0.8949850798743688
    },
    {
      "t": 1.0,
      "height": 0.7353788140160312,
      "drop": 0.07555417987282376,
      "knee": 21.69815810983077,
      "hip": 14.390465610299433,
      "slip": 1.1378665793101623,
      "up_z": 0.9251278173172262
    },
    {
      "t": 1.2,
      "height": 0.5661516261024747,
      "drop": 0.24478136778638027,
      "knee": 21.69815810983077,
      "hip": 14.390465610299433,
      "slip": 1.1378665793101623,
      "up_z": 0.7647687718500094
    },
    {
      "t": 1.4,
      "height": 0.09787854112461268,
      "drop": 0.7130544527642423,
      "knee": 21.69815810983077,
      "hip": 14.390465610299433,
      "slip": 1.1378665793101623,
      "up_z": -0.5736974232478886
    },
    {
      "t": 1.6,
      "height": 0.6205965820337013,
      "drop": 0.1903364118551537,
      "knee": 10797.211698099,
      "hip": 293.59673677422427,
      "slip": 20.392986262499786,
      "up_z": 0.7426156241494024
    },
    {
      "t": 1.8,
      "height": 0.7264637835212404,
      "drop": 0.08446921036761457,
      "knee": 10797.211698099,
      "hip": 293.59673677422427,
      "slip": 20.392986262499786,
      "up_z": 0.9972628319512988
    },
    {
      "t": 2.0,
      "height": 0.6903784504395327,
      "drop": 0.12055454344932226,
      "knee": 10797.211698099,
      "hip": 293.59673677422427,
      "slip": 20.392986262499786,
      "up_z": 0.9788314189912943
    },
    {
      "t": 2.2,
      "height": 0.5283089826597028,
      "drop": 0.28262401122915215,
      "knee": 10797.211698099,
      "hip": 293.59673677422427,
      "slip": 20.392986262499786,
      "up_z": 0.9724824580449044
    },
    {
      "t": 2.4,
      "height": 0.27588449250570163,
      "drop": 0.5350485013831534,
      "knee": 10797.211698099,
      "hip": 293.59673677422427,
      "slip": 20.392986262499786,
      "up_z": 0.7160766639684524
    },
    {
      "t": 2.6,
      "height": -0.20626270646961,
      "drop": 1.017195700358465,
      "knee": 10797.211698099,
      "hip": 293.59673677422427,
      "slip": 20.392986262499786,
      "up_z": -0.34612200917702174
    },
    {
      "t": 2.8,
      "height": 0.6547560199659351,
      "drop": 0.15617697392291985,
      "knee": 10797.211698099,
      "hip": 293.59673677422427,
      "slip": 20.392986262499786,
      "up_z": 0.996563528928138
    },
    {
      "t": 3.0,
      "height": 0.37220732693864456,
      "drop": 0.4387256669502104,
      "knee": 10797.211698099,
      "hip": 293.59673677422427,
      "slip": 20.392986262499786,
      "up_z": 0.6912854020806822
    },
    {
      "t": 3.2,
      "height": -0.040234649035248794,
      "drop": 0.8511676429241037,
      "knee": 10797.211698099,
      "hip": 293.59673677422427,
      "slip": 20.392986262499786,
      "up_z": -0.9265857620479812
    },
    {
      "t": 3.4,
      "height": 0.7891622055632304,
      "drop": 0.021770788325624624,
      "knee": 10797.211698099,
      "hip": 293.59673677422427,
      "slip": 20.392986262499786,
      "up_z": 0.9361325811418179
    },
    {
      "t": 3.6,
      "height": 0.5823902935259383,
      "drop": 0.22854270036291668,
      "knee": 10797.211698099,
      "hip": 293.59673677422427,
      "slip": 20.392986262499786,
      "up_z": 0.9821114806504918
    },
    {
      "t": 3.8,
      "height": 0.723369389318219,
      "drop": 0.08756360457063594,
      "knee": 10797.211698099,
      "hip": 293.59673677422427,
      "slip": 20.392986262499786,
      "up_z": 0.894646159487809
    },
    {
      "t": 4.0,
      "height": 0.7484334421065019,
      "drop": 0.06249955178235311,
      "knee": 10797.211698099,
      "hip": 293.59673677422427,
      "slip": 20.392986262499786,
      "up_z": 0.9047135575098015
    },
    {
      "t": 4.2,
      "height": 0.5162893644171201,
      "drop": 0.29464362947173484,
      "knee": 10797.211698099,
      "hip": 293.59673677422427,
      "slip": 20.392986262499786,
      "up_z": 0.9499648160426185
    },
    {
      "t": 4.4,
      "height": 0.6572956913830572,
      "drop": 0.15363730250579777,
      "knee": 10797.211698099,
      "hip": 293.59673677422427,
      "slip": 20.392986262499786,
      "up_z": 0.9686711030087937
    },
    {
      "t": 4.6,
      "height": 0.7802643519834855,
      "drop": 0.030668641905369443,
      "knee": 10797.211698099,
      "hip": 293.59673677422427,
      "slip": 20.392986262499786,
      "up_z": 0.9358830974335257
    },
    {
      "t": 4.8,
      "height": 0.530749428220274,
      "drop": 0.28018356566858094,
      "knee": 10797.211698099,
      "hip": 293.59673677422427,