{
  "attempt": "drop0p08-blend0p25-adapt0p08-policy1p0",
  "drop": 0.08,
  "max_blend": 0.25,
  "policy_weight": 1.0,
  "adapt_gain": 0.08,
  "support_floor": -0.005,
  "slip_limit": 0.08,
  "ik": {
    "drop": 0.08,
    "start_height": 0.755,
    "target_height": 0.675,
    "success": true,
    "cost": 0.07527746714403195,
    "nfev": 6,
    "rms_foot_error": 0.0006108590297431658,
    "max_foot_error": 0.0006108590424735445,
    "lower_body_target": [
      -0.575114476925352,
      -0.0003914080673100065,
      -0.00037249026131839743,
      1.2168642879959017,
      -0.35307724934194473,
      -1.8902048011641678e-17,
      -0.5751144768987575,
      0.0003914087744053887,
      0.0003724908824383186,
      1.2168642877780107,
      -0.3530772461397548,
      2.482051673038081e-17,
      0.0,
      0.0,
      0.073
    ]
  },
  "start_height": 0.755,
  "min_height": 0.7337779366936338,
  "visible_drop": 0.021222063306366223,
  "first_visible_at": null,
  "fell_at": null,
  "final_height": 0.7483001652496407,
  "return_to_stand": true,
  "foot_contact_ratio": 1.0,
  "foot_slip_distance": 0.012634200864561955,
  "min_support_margin": 0.038618756503259605,
  "first_support_breach_at": null,
  "first_slip_breach_at": null,
  "max_joint_limit_violation": 0.0,
  "max_knee_delta_rad": 0.20097652059221294,
  "max_hip_pitch_delta_rad": 0.11930743502492319,
  "max_blend_observed": 0.2296127801295936,
  "pass_gate": false,
  "samples": [
    {
      "t": 0.0,
      "height": 0.755,
      "visible_drop": 0.0,
      "desired_blend": 0.0,
      "blend_state": 0.0,
      "health": 1.0,
      "support_margin": 0.08631053913643147,
      "both_feet_contact": true,
      "foot_slip_distance": 0.0,
      "vertical_velocity": 0.0,
      "up_z": 1.0
    },
    {
      "t": 0.2,
      "height": 0.751655813961041,
      "visible_drop": 0.0033441860389590294,
      "desired_blend": 0.019230769230769232,
      "blend_state": 0.015923909778386723,
      "health": 0.9930929210265945,
      "support_margin": 0.08649387750052592,
      "both_feet_contact": true,
      "foot_slip_distance": 0.0005525663178724375,
      "vertical_velocity": -0.0165120547067521,
      "up_z": 0.999674342914315
    },
    {
      "t": 0.4,
      "height": 0.7494530926131732,
      "visible_drop": 0.005546907386826838,
      "desired_blend": 0.038461538461538464,
      "blend_state": 0.031765234270911546,
      "health": 0.9873025849941365,
      "support_margin": 0.08248606642571052,
      "both_feet_contact": true,
      "foot_slip_distance": 0.0010157932004690793,
      "vertical_velocity": -0.009752248382960405,
      "up_z": 0.9993379740252423
    },
    {
      "t": 0.6,
      "height": 0.7477185754979748,
      "visible_drop": 0.00728142450202518,
      "desired_blend": 0.05769230769230769,
      "blend_state": 0.047505491662100954,
      "health": 0.9809097946588168,
      "support_margin": 0.07810203280989078,
      "both_feet_contact": true,
      "foot_slip_distance": 0.001527216427294653,
      "vertical_velocity": -0.007490032013285353,
      "up_z": 0.9992036393568332
    },
    {
      "t": 0.8,
      "height": 0.7464928219017564,
      "visible_drop": 0.00850717809824364,
      "desired_blend": 0.07692307692307693,
      "blend_state": 0.06314689760671298,
      "health": 0.9749282715065198,
      "support_margin": 0.07476647255428262,
      "both_feet_contact": true,
      "foot_slip_distance": 0.002005738279478416,
      "vertical_velocity": -0.0053885155139432594,
      "up_z": 0.9991212079540843
    },
    {
      "t": 1.0,
      "height": 0.7454319221209194,
      "visible_drop": 0.00956807787908065,
      "desired_blend": 0.09615384615384615,
      "blend_state": 0.07869414344623601,
      "health": 0.9690615010504925,
      "support_margin": 0.07238393542239412,
      "both_feet_contact": true,
      "foot_slip_distance": 0.002475079915960605,
      "vertical_velocity": -0.005339296998069232,
      "up_z": 0.99908690492665
    },
    {
      "t": 1.2,
      "height": 0.7444146072431286,
      "visible_drop": 0.010585392756871426,
      "desired_blend": 0.11538461538461538,
      "blend_state": 0.09414862191190376,
      "health": 0.9633730302791138,
      "support_margin": 0.07056530429677159,
      "both_feet_contact": true,
      "foot_slip_distance": 0.0029301575776708995,
      "vertical_velocity": -0.004839849621213199,
      "up_z": 0.999090877094888
    },
    {
      "t": 1.4,
      "height": 0.7434310558730648,
      "visible_drop": 0.01156894412693521,
      "desired_blend": 0.13461538461538464,
      "blend_state": 0.10951445617738101,
      "health": 0.9579307219392168,
      "support_margin": 0.06897430778796437,
      "both_feet_contact": true,
      "foot_slip_distance": 0.00336554224486266,
      "vertical_velocity": -0.005119082630883343,
      "up_z": 0.9990927696583205
    },
    {
      "t": 1.6,
      "height": 0.7423668353018101,
      "visible_drop": 0.01263316469818987,
      "desired_blend": 0.15384615384615385,
      "blend_state": 0.12479501244288162,
      "health": 0.9527011038486911,
      "support_margin": 0.06732561695521404,
      "both_feet_contact": true,
      "foot_slip_distance": 0.003783911692104711,
      "vertical_velocity": -0.005420947732959203,
      "up_z": 0.9990842286466426
    },
    {
      "t": 1.8,
      "height": 0.7412613628197341,
      "visible_drop": 0.013738637180265911,
      "desired_blend": 0.17307692307692307,
      "blend_state": 0.13999393295111626,
      "health": 0.9476984351148133,
      "support_margin": 0.06549802018707146,
      "both_feet_contact": true,
      "foot_slip_distance": 0.004184125190814931,
      "vertical_velocity": -0.0056422345964590725,
      "up_z": 0.999062758611688
    },
    {
      "t": 2.0,
      "height": 0.7401024632774184,
      "visible_drop": 0.01489753672258165,
      "desired_blend": 0.1923076923076923,
      "blend_state": 0.15511450976859872,
      "health": 0.9428839274000265,
      "support_margin": 0.0634440777616207,
      "both_feet_contact": true,
      "foot_slip_distance": 0.004569285807997883,
      "vertical_velocity": -0.00589883849880235,
      "up_z": 0.9990294116328359
    },
    {
      "t": 2.2,
      "height": 0.7389047874994882,
      "visible_drop": 0.016095212500511824,
      "desired_blend": 0.21153846153846154,
      "blend_state": 0.17015953023642819,
      "health": 0.9382333835672415,
      "support_margin": 0.061152881256468075,
      "both_feet_contact": true,
      "foot_slip_distance": 0.00494132931462068,
      "vertical_velocity": -0.006073161118486103,
      "up_z": 0.9989824369111191
    },
    {
      "t": 2.4,
      "height": 0.7376808651429996,
      "visible_drop": 0.01731913485700043,
      "desired_blend": 0.23076923076923075,
      "blend_state": 0.1851312866189556,
      "health": 0.9337054749757988,
      "support_margin": 0.0586185577205131,
      "both_feet_contact": true,
      "foot_slip_distance": 0.005303562001936097,
      "vertical_velocity": -0.006099716477353523,
      "up_z": 0.9989134821780082
    },
    {
      "t": 2.6,
      "height": 0.7364134153291366,
      "visible_drop": 0.018586584670863382,
      "desired_blend": 0.25,
      "blend_state": 0.20003121168211868,
      "health": 0.9292405494892781,
      "support_margin": 0.05583668233211618,
      "both_feet_contact": true,
      "foot_slip_distance": 0.0056607560408577446,
      "vertical_velocity": -0.006404701081336173,
      "up_z": 0.99882606052131
    },
    {
      "t": 2.8,
      "height": 0.7351129721816597,
      "visible_drop": 0.019887027818340286,
      "desired_blend": 0.25,
      "blend_state": 0.21485985568021895,
      "health": 0.9247838831784789,
      "support_margin": 0.05281396141933545,
      "both_feet_contact": true,
      "foot_slip_distance": 0.006017289345721684,
      "vertical_velocity": -0.00657046696043162,
      "up_z": 0.9987050628251296
    },
    {
      "t": 3.0,
      "height": 0.7338669135225595,