{
  "attempt": "default-stage-0p74",
  "mode": "default-offset",
  "stage_height": 0.74,
  "reference_gain": 1.0,
  "ramp_s": 0.0,
  "residual_scale": 1.0,
  "params_path": "C:\\Users\\yusun\\projects\\physical-ai\\experiments\\22-g1-squat-depth-finetune\\verify\\train\\params.pkl",
  "seconds": 6.0,
  "start_height": 0.755,
  "min_height": 0.7497910624508577,
  "visible_drop": 0.005208937549142312,
  "first_visible_at": null,
  "fell_at": null,
  "upright_s": 6.0,
  "hold_duration_at_or_below_stage": 0.0,
  "final_height": 0.7497910624508577,
  "return_to_stand": true,
  "foot_contact_ratio": 1.0,
  "foot_slip_distance": 0.01218114505259837,
  "min_support_margin": 0.07372937161349313,
  "first_support_breach_at": null,
  "max_downward_velocity": -0.039663726320710024,
  "max_reference_error": 0.0023037458394451252,
  "max_height_error": 0.00019896292850717846,
  "max_joint_limit_violation": 0.0,
  "pass_gate": false,
  "verdict": "DEPTH_PENDING",
  "samples": [
    {
      "t": 0.0,
      "base_height": 0.755,
      "visible_drop": 0.0,
      "target_height": 0.7549999952316284,
      "up_z": 1.0,
      "both_feet_contact": true,
      "foot_slip_distance": 0.0,
      "support_margin": 0.08631053913643147,
      "vertical_velocity": 0.0,
      "reference_error": 1.2614786223382194e-16,
      "height_error": 2.2737367586674853e-17
    },
    {
      "t": 0.2,
      "base_height": 0.7538865080320373,
      "visible_drop": 0.001113491967962732,
      "target_height": 0.7400000095367432,
      "up_z": 0.9997453515307088,
      "both_feet_contact": true,
      "foot_slip_distance": 0.0005519078417118255,
      "support_margin": 0.08618432352999712,
      "vertical_velocity": -0.010946172947334798,
      "reference_error": 0.0003382523081432617,
      "height_error": 0.00019283484045980553
    },
    {
      "t": 0.4,
      "base_height": 0.7522937451565894,
      "visible_drop": 0.0027062548434105826,
      "target_height": 0.7400000095367432,
      "up_z": 0.9993848132943697,
      "both_feet_contact": true,
      "foot_slip_distance": 0.0010205554343834854,
      "support_margin": 0.08214691997176055,
      "vertical_velocity": -0.00713103811512128,
      "reference_error": 0.0004641258635441825,
      "height_error": 0.00015113593549067665
    },
    {
      "t": 0.6,
      "base_height": 0.7512209200882257,
      "visible_drop": 0.0037790799117742857,
      "target_height": 0.7400000095367432,
      "up_z": 0.9991691908409099,
      "both_feet_contact": true,
      "foot_slip_distance": 0.0015179505039303622,
      "support_margin": 0.0781227761233371,
      "vertical_velocity": -0.003704776112123387,
      "reference_error": 0.0004802601024319621,
      "height_error": 0.00012590883360437253
    },
    {
      "t": 0.8,
      "base_height": 0.7507891480641,
      "visible_drop": 0.004210851935899984,
      "target_height": 0.7400000095367432,
      "up_z": 0.9990477909791345,
      "both_feet_contact": true,
      "foot_slip_distance": 0.001981684852794455,
      "support_margin": 0.07557850607087357,
      "vertical_velocity": -0.0012175191845431588,
      "reference_error": 0.0005975722653770186,
      "height_error": 0.00011640551016249608
    },
    {
      "t": 1.0,
      "base_height": 0.7506331524285736,
      "visible_drop": 0.004366847571426358,
      "target_height": 0.7400000095367432,
      "up_z": 0.999016304800511,
      "both_feet_contact": true,
      "foot_slip_distance": 0.00245628413672719,
      "support_margin": 0.0744887075868709,
      "vertical_velocity": -0.0004896105229190706,
      "reference_error": 0.0008789662369989119,
      "height_error": 0.00011306372775808512
    },
    {
      "t": 1.2,
      "base_height": 0.750594609794226,
      "visible_drop": 0.004405390205774018,
      "target_height": 0.7400000095367432,
      "up_z": 0.9990323666507441,
      "both_feet_contact": true,
      "foot_slip_distance": 0.0029233788030482185,
      "support_margin": 0.0743301137344172,
      "vertical_velocity": 2.22404819005817e-06,
      "reference_error": 0.0013181810696997636,
      "height_error": 0.0001122455546158551
    },
    {
      "t": 1.4,
      "base_height": 0.7506144080169953,
      "visible_drop": 0.0043855919830047,
      "target_height": 0.7400000095367432,
      "up_z": 0.9990565927335543,
      "both_feet_contact": true,
      "foot_slip_distance": 0.0033814348472797017,
      "support_margin": 0.07453457761559754,
      "vertical_velocity": 7.525894242799147e-05,
      "reference_error": 0.0019348238315410997,
      "height_error": 0.00011266545509757896
    },
    {
      "t": 1.6,
      "base_height": 0.7506189866041182,
      "visible_drop": 0.0043810133958818165,
      "target_height": 0.7400000095367432,
      "up_z": 0.9990766404348402,
      "both_feet_contact": true,
      "foot_slip_distance": 0.0038376963221134898,
      "support_margin": 0.07476356441972262,
      "vertical_velocity": -6.097019006334747e-06,
      "reference_error": 0.0022990021136998213,
      "height_error": 0.00011276267395743667
    },
    {
      "t": 1.8,
      "base_height": 0.7506100203997009,
      "visible_drop": 0.0043899796002990765,
      "target_height": 0.7400000095367432,
      "up_z": 0.9990871649450357,
      "both_feet_contact": true,
      "foot_slip_distance": 0.004286605936300381,
      "support_margin": 0.07491575998670993,
      "vertical_velocity": -7.77405854579527e-05,
      "reference_error": 0.002290693441480367,
      "height_error": 0.00011257233051208175
    },
    {
      "t": 2.0,
      "base_height": 0.7505851997747144,
      "visible_drop": 0.00441480022528562,
      "target_height": 0.7400000095367432,
      "up_z": 0.9990883464858619,
      "both_feet_contact": true,
      "foot_slip_distance": 0.004728140742046404,
      "support_margin": 0.07497157457159229,
      "vertical_velocity": -0.0001723902261885346,
      "reference_error": 0.0022817997723487467,
      "height_error": 0.00011204625237404123
    },
    {
      "t": 2.2,
      "base_height": 0.7505405153338562,
      "visible_drop": 0.004459484666143765,
      "target_height": 0.7400000095367432,
      "up_z": 0.9990826400453882,
      "both_feet_contact": true,
      "foot_slip_distance": 0.005163497886816367,
      "support_margin": 0.07495579660037378,
      "vertical_velocity": -0.0002563726143489653,
      "reference_error": 0.002269830767394143,
      "height_error": 0.00011110226245897435
    },
    {
      "t": 2.4,
      "base_height": 0.7504845919435945,
      "visible_drop": 0.00451540805640549,
      "target_height": 0.7400000095367432,
      "up_z": 0.9990738533396869,
      "both_feet_contact": true,
      "foot_slip_distance": 0.005592723824337992,
      "support_margin": 0.07490063725993414,
      "vertical_velocity": -0.00029248748910637445,
      "reference_error": 0.002256086325896685,
      "height_error": 0.00010992646824605686
    },
    {
      "t": 2.6,
      "base_height": 0.7504253904396756,
      "visible_drop": 0.004574609560324405,
      "target_height": 0.7400000095367432,
      "up_z": 0.9990650946341223,
      "both_feet_contact": true,
      "foot_slip_distance": 0.006015272813533832,
      "support_margin": 0.07483464496581689,
      "vertical_velocity": -0.00029500523389125455,
      "reference_error": 0.0018741597521507718,
      "height_error": 0.00010868856697122832
    },
    {
      "t": 2.8,
      "base_height": 0.7503679628233713,
      "visible_drop": 0.004632037176628745,
      "target_height": 0.7400000095367432,
      "up_z": 0.9990579722863325,
      "both_feet_contact": true,
      "foot_slip_distance": 0.006430884015482542,
      "support_margin": 0.07477322673276778,
      "vertical_velocity": -0.0002789434550010128,
      "reference_error": 0.001251299847170568,
      "height_error": 0.00010749445535370232
    },
    {
      "t": 3.0,
      "base_height": 0.750314603605302,
      "visible_drop": 0.004685396394698005,
      "target_height": 0.7400000095367432,