{
  "attempt": "lower-gain1p5",
  "drop": 0.08,
  "max_blend": 0.38,
  "policy_weight": 1.0,
  "adapt_gain": 0.11,
  "support_floor": -0.005,
  "slip_limit": 0.08,
  "ik": {
    "drop": 0.08,
    "start_height": 0.755,
    "target_height": 0.675,
    "success": true,
    "cost": 0.07527746714403195,
    "nfev": 6,
    "rms_foot_error": 0.0006108590297431658,
    "max_foot_error": 0.0006108590424735445,
    "lower_body_target": [
      -0.575114476925352,
      -0.0003914080673100065,
      -0.00037249026131839743,
      1.2168642879959017,
      -0.35307724934194473,
      -1.8902048011641678e-17,
      -0.5751144768987575,
      0.0003914087744053887,
      0.0003724908824383186,
      1.2168642877780107,
      -0.3530772461397548,
      2.482051673038081e-17,
      0.0,
      0.0,
      0.073
    ]
  },
  "start_height": 0.755,
  "min_height": 0.7359410931558323,
  "visible_drop": 0.019058906844167667,
  "first_visible_at": null,
  "fell_at": null,
  "final_height": 0.753263174293464,
  "return_to_stand": true,
  "foot_contact_ratio": 1.0,
  "foot_slip_distance": 0.019221628006693497,
  "min_support_margin": 0.04176652657333073,
  "first_support_breach_at": null,
  "first_slip_breach_at": null,
  "max_joint_limit_violation": 0.0,
  "max_knee_delta_rad": 0.17435785027651085,
  "max_hip_pitch_delta_rad": 0.12038599126780253,
  "max_blend_observed": 0.30629930804629807,
  "pass_gate": false,
  "samples": [
    {
      "t": 0.0,
      "height": 0.755,
      "visible_drop": 0.0,
      "desired_blend": 0.0,
      "blend_state": 0.0,
      "health": 1.0,
      "support_margin": 0.08631053913643147,
      "both_feet_contact": true,
      "foot_slip_distance": 0.0,
      "vertical_velocity": 0.0,
      "up_z": 1.0
    },
    {
      "t": 0.2,
      "height": 0.7548903375699446,
      "visible_drop": 0.00010966243005539056,
      "desired_blend": 0.029230769230769234,
      "blend_state": 0.021774724953108095,
      "health": 0.985013162130254,
      "support_margin": 0.08271925662389917,
      "both_feet_contact": true,
      "foot_slip_distance": 0.0011989470295796804,
      "vertical_velocity": -0.021327506820184583,
      "up_z": 0.9997716368772226
    },
    {
      "t": 0.4,
      "height": 0.7520987395706583,
      "visible_drop": 0.00290126042934169,
      "desired_blend": 0.05846153846153847,
      "blend_state": 0.04335317237067473,
      "health": 0.9776135944345286,
      "support_margin": 0.07459402443747139,
      "both_feet_contact": true,
      "foot_slip_distance": 0.001790912445237714,
      "vertical_velocity": -0.01216335055124751,
      "up_z": 0.99943253068113
    },
    {
      "t": 0.6,
      "height": 0.7503460724462327,
      "visible_drop": 0.004653927553767256,
      "desired_blend": 0.0876923076923077,
      "blend_state": 0.06478812924175487,
      "health": 0.9714321329014886,
      "support_margin": 0.06894868251190049,
      "both_feet_contact": true,
      "foot_slip_distance": 0.0022854293678809187,
      "vertical_velocity": -0.005364071338587184,
      "up_z": 0.9992445100322112
    },
    {
      "t": 0.8,
      "height": 0.751321600534145,
      "visible_drop": 0.00367839946585502,
      "desired_blend": 0.11692307692307694,
      "blend_state": 0.08598094302300163,
      "health": 0.957306561890124,
      "support_margin": 0.06694740375809981,
      "both_feet_contact": true,
      "foot_slip_distance": 0.0034154750487900864,
      "vertical_velocity": 0.009725036829988376,
      "up_z": 0.9986976092012052
    },
    {
      "t": 1.0,
      "height": 0.7495085111374299,
      "visible_drop": 0.005491488862570115,
      "desired_blend": 0.14615384615384613,
      "blend_state": 0.10701720532584781,
      "health": 0.954810142320318,
      "support_margin": 0.06710870625388943,
      "both_feet_contact": true,
      "foot_slip_distance": 0.00361518861437456,
      "vertical_velocity": -0.009845560542559584,
      "up_z": 0.9990631631009833
    },
    {
      "t": 1.2,
      "height": 0.7486815597733459,
      "visible_drop": 0.006318440226654065,
      "desired_blend": 0.1753846153846154,
      "blend_state": 0.1279214358094336,
      "health": 0.9454159982347393,
      "support_margin": 0.06765980304965118,
      "both_feet_contact": true,
      "foot_slip_distance": 0.004366720141220851,
      "vertical_velocity": 0.007084943848884029,
      "up_z": 0.9992101264366806
    },
    {
      "t": 1.4,
      "height": 0.7476562560298823,
      "visible_drop": 0.007343743970117722,
      "desired_blend": 0.20461538461538464,
      "blend_state": 0.14862674127615436,
      "health": 0.9376328790102504,
      "support_margin": 0.0672832528587975,
      "both_feet_contact": true,
      "foot_slip_distance": 0.0049893696791799705,
      "vertical_velocity": -0.003766056793280681,
      "up_z": 0.9992594751110941
    },
    {
      "t": 1.6,
      "height": 0.7462378644877831,
      "visible_drop": 0.00876213551221694,
      "desired_blend": 0.23384615384615387,
      "blend_state": 0.16916174418405627,
      "health": 0.93025737625533,
      "support_margin": 0.06580520924794818,
      "both_feet_contact": true,
      "foot_slip_distance": 0.005579409899573597,
      "vertical_velocity": -0.0035993387554944523,
      "up_z": 0.9993059474846285
    },
    {
      "t": 1.8,
      "height": 0.7455966065148163,
      "visible_drop": 0.009403393485183709,
      "desired_blend": 0.2630769230769231,
      "blend_state": 0.18947819022440227,
      "health": 0.9165217988274853,
      "support_margin": 0.06360623962878899,
      "both_feet_contact": true,
      "foot_slip_distance": 0.006678256093801173,
      "vertical_velocity": -0.007271217990750811,
      "up_z": 0.9992882317803076
    },
    {
      "t": 2.0,
      "height": 0.7440667202984327,
      "visible_drop": 0.010933279701567322,
      "desired_blend": 0.29230769230769227,
      "blend_state": 0.2095321394283157,
      "health": 0.9070157191420689,
      "support_margin": 0.06092121654155441,
      "both_feet_contact": true,
      "foot_slip_distance": 0.007438742468634483,
      "vertical_velocity": -0.010949491131390099,
      "up_z": 0.9992070458652885
    },
    {
      "t": 2.2,
      "height": 0.742639339885247,
      "visible_drop": 0.012360660114753008,
      "desired_blend": 0.32153846153846155,
      "blend_state": 0.22936517012251842,
      "health": 0.8967239671202671,
      "support_margin": 0.05813803800063392,
      "both_feet_contact": true,
      "foot_slip_distance": 0.008262082630378628,
      "vertical_velocity": -0.009665180933454698,
      "up_z": 0.9992337500335894
    },
    {
      "t": 2.4,
      "height": 0.7410964003465439,
      "visible_drop": 0.013903599653456111,
      "desired_blend": 0.3507692307692308,
      "blend_state": 0.24889433582280093,
      "health": 0.8818965477263376,
      "support_margin": 0.05561471746083133,
      "both_feet_contact": true,
      "foot_slip_distance": 0.009448276181892985,
      "vertical_velocity": -0.010200806030724596,
      "up_z": 0.9991206321188743
    },
    {
      "t": 2.6,
      "height": 0.7394858974536115,
      "visible_drop": 0.01551410254638852,
      "desired_blend": 0.38,
      "blend_state": 0.26822429246520835,
      "health": 0.8749550477091894,
      "support_margin": 0.05262970324024102,
      "both_feet_contact": true,
      "foot_slip_distance": 0.010003596183264846,
      "vertical_velocity": -0.011463135555256354,
      "up_z": 0.9991335498350673
    },
    {
      "t": 2.8,
      "height": 0.7378751980959967,
      "visible_drop": 0.01712480190400334,
      "desired_blend": 0.38,
      "blend_state": 0.2873747240630131,
      "health": 0.8657685954957387,
      "support_margin": 0.04931903659556185,
      "both_feet_contact": true,
      "foot_slip_distance": 0.010738512360340902,
      "vertical_velocity": -0.011016762478771591,
      "up_z": 0.9990071467077013
    },
    {
      "t": 3.0,
      "height": 0.736244050937462,
      "visible_drop": 0.01875594906253797,