{
  "attempt": "velocity-guard-0p45",
  "drop": 0.08,
  "max_blend": 0.45,
  "policy_weight": 1.0,
  "guard": true,
  "margin_min": -0.01,
  "vertical_velocity_min": -0.25,
  "descend_s": 3.0,
  "hold_s": 0.2,
  "return_s": 2.4,
  "seconds": 6.0,
  "params_path": "C:\\Users\\yusun\\projects\\physical-ai\\experiments\\22-g1-squat-depth-finetune\\verify\\train\\params.pkl",
  "ik": {
    "drop": 0.08,
    "start_height": 0.755,
    "target_height": 0.675,
    "success": true,
    "cost": 0.07527746714403195,
    "nfev": 6,
    "rms_foot_error": 0.0006108590297431658,
    "max_foot_error": 0.0006108590424735445,
    "lower_body_target": [
      -0.575114476925352,
      -0.0003914080673100065,
      -0.00037249026131839743,
      1.2168642879959017,
      -0.35307724934194473,
      -1.8902048011641678e-17,
      -0.5751144768987575,
      0.0003914087744053887,
      0.0003724908824383186,
      1.2168642877780107,
      -0.3530772461397548,
      2.482051673038081e-17,
      0.0,
      0.0,
      0.073
    ]
  },
  "start_height": 0.755,
  "min_height": -0.7581874943551974,
  "visible_drop": 1.5131874943551975,
  "first_visible_at": 3.08,
  "fell_at": 3.44,
  "upright_s": 3.44,
  "final_height": -0.7374484152146293,
  "return_to_stand": false,
  "torso_up_min_observed": -0.9999385080802216,
  "foot_contact_ratio": 0.8766666666666667,
  "foot_slip_distance": 0.8072037051557887,
  "stance_ok": false,
  "max_joint_limit_violation": 0.03637997770950707,
  "min_support_margin": -0.6128102949792452,
  "first_support_breach_at": 2.6,
  "first_fast_drop_at": 3.14,
  "max_downward_velocity": -3.820556641231343,
  "first_guard_at": 2.68,
  "guard_trip_count": 1,
  "max_observed_blend": 0.423,
  "pass_gate": false,
  "verdict": "FAIL_FALL",
  "samples": [
    {
      "t": 0.0,
      "base_height": 0.755,
      "visible_drop": 0.0,
      "vertical_velocity": 0.0,
      "up_z": 1.0,
      "both_feet_contact": true,
      "foot_slip_distance": 0.0,
      "support_margin": 0.08631053913643147,
      "inside_support": true,
      "controller_blend": 0.0,
      "guard_reason": null
    },
    {
      "t": 0.2,
      "base_height": 0.7530120511984926,
      "visible_drop": 0.001987948801507433,
      "vertical_velocity": -0.017463660757022215,
      "up_z": 0.9997895128972175,
      "both_feet_contact": true,
      "foot_slip_distance": 0.0005549856039296498,
      "support_margin": 0.08621309910757391,
      "inside_support": true,
      "controller_blend": 0.03,
      "guard_reason": null
    },
    {
      "t": 0.4,
      "base_height": 0.7500582650004328,
      "visible_drop": 0.004941734999567182,
      "vertical_velocity": -0.013795139105238219,
      "up_z": 0.9995542837165823,
      "both_feet_contact": true,
      "foot_slip_distance": 0.0010115452403827486,
      "support_margin": 0.08190203349027927,
      "inside_support": true,
      "controller_blend": 0.06,
      "guard_reason": null
    },
    {
      "t": 0.6,
      "base_height": 0.7473280131980208,
      "visible_drop": 0.007671986801979225,
      "vertical_velocity": -0.012824644270514884,
      "up_z": 0.9994554190144349,
      "both_feet_contact": true,
      "foot_slip_distance": 0.0014753520834916319,
      "support_margin": 0.07660459266494948,
      "inside_support": true,
      "controller_blend": 0.09,
      "guard_reason": null
    },
    {
      "t": 0.8,
      "base_height": 0.7449958500870638,
      "visible_drop": 0.010004149912936189,
      "vertical_velocity": -0.011262281657153927,
      "up_z": 0.9993690603014644,
      "both_feet_contact": true,
      "foot_slip_distance": 0.001876354964315817,
      "support_margin": 0.07180190133153072,
      "inside_support": true,
      "controller_blend": 0.12,
      "guard_reason": null
    },
    {
      "t": 1.0,
      "base_height": 0.7425880239289607,
      "visible_drop": 0.012411976071039277,
      "vertical_velocity": -0.012583212714506464,
      "up_z": 0.9992970577335227,
      "both_feet_contact": true,
      "foot_slip_distance": 0.0022664786912427793,
      "support_margin": 0.0674009402164863,
      "inside_support": true,
      "controller_blend": 0.15,
      "guard_reason": null
    },
    {
      "t": 1.2,
      "base_height": 0.7401290726454754,
      "visible_drop": 0.014870927354524555,
      "vertical_velocity": -0.01204425704557921,
      "up_z": 0.9992430454456923,
      "both_feet_contact": true,
      "foot_slip_distance": 0.0026360207849581646,
      "support_margin": 0.06314365110788263,
      "inside_support": true,
      "controller_blend": 0.18,
      "guard_reason": null
    },
    {
      "t": 1.4,
      "base_height": 0.737646493844691,
      "visible_drop": 0.01735350615530895,
      "vertical_velocity": -0.013004466254717961,
      "up_z": 0.9991458407254733,
      "both_feet_contact": true,
      "foot_slip_distance": 0.0029902874286285444,
      "support_margin": 0.058763424374859666,
      "inside_support": true,
      "controller_blend": 0.21000000000000002,
      "guard_reason": null
    },
    {
      "t": 1.6,
      "base_height": 0.7352076278887482,
      "visible_drop": 0.019792372111251844,
      "vertical_velocity": -0.005088017147480972,
      "up_z": 0.9990022186374137,
      "both_feet_contact": true,
      "foot_slip_distance": 0.0033904489713711882,
      "support_margin": 0.053820551099901616,
      "inside_support": true,
      "controller_blend": 0.24,
      "guard_reason": null
    },
    {
      "t": 1.8,
      "base_height": 0.733193449005471,
      "visible_drop": 0.021806550994528995,
      "vertical_velocity": -0.0164194442069443,
      "up_z": 0.9986830269893422,
      "both_feet_contact": true,
      "foot_slip_distance": 0.0038756401295739944,
      "support_margin": 0.04700924998924967,
      "inside_support": true,
      "controller_blend": 0.27,
      "guard_reason": null
    },
    {
      "t": 2.0,
      "base_height": 0.7295760569482438,
      "visible_drop": 0.025423943051756215,
      "vertical_velocity": -0.016547979614389696,
      "up_z": 0.9980057304893866,
      "both_feet_contact": true,
      "foot_slip_distance": 0.004352854595473847,
      "support_margin": 0.03879402091440354,
      "inside_support": true,
      "controller_blend": 0.3,
      "guard_reason": null
    },
    {
      "t": 2.2,
      "base_height": 0.7253861470827643,
      "visible_drop": 0.029613852917235728,
      "vertical_velocity": -0.020285395304175946,
      "up_z": 0.9967089152585928,
      "both_feet_contact": true,
      "foot_slip_distance": 0.004983627367669183,
      "support_margin": 0.029147535970984524,
      "inside_support": true,
      "controller_blend": 0.33,
      "guard_reason": null
    },
    {
      "t": 2.4,
      "base_height": 0.7200708532283685,
      "visible_drop": 0.0349291467716315,
      "vertical_velocity": -0.02852226549472925,
      "up_z": 0.9938432558440018,
      "both_feet_contact": true,
      "foot_slip_distance": 0.005650189429525744,
      "support_margin": 0.0168444434158802,
      "inside_support": true,
      "controller_blend": 0.36,
      "guard_reason": null
    },
    {
      "t": 2.6,
      "base_height": 0.7132004831053094,
      "visible_drop": 0.041799516894690636,
      "vertical_velocity": -0.0388051426239544,
      "up_z": 0.9881869123262198,
      "both_feet_contact": true,
      "foot_slip_distance": 0.006337611520238623,
      "support_margin": -0.0009427794313156129,
      "inside_support": false,
      "controller_blend": 0.39,
      "guard_reason": null
    },
    {
      "t": 2.8,
      "base_height": 0.702775133728611,
      "visible_drop": 0.052224866271389,
      "vertical_velocity": -0.06848328306697793,
      "up_z": 0.9764361562938222,
      "both_feet_contact": true,
      "foot_slip_distance": 0.006954614816048994,
      "support_margin": -0.031129027032799433,
      "inside_support": false,
      "controller_blend": 0.42000000000000004,
      "guard_reason": null
    },
    {
      "t": 3.0,