{
  "variant": {
    "name": "ankle-damped-support-slip",
    "support_floor": -0.005,
    "slip_start": 0.025,
    "min_scale": 0.2,
    "ankle_scale": 0.25,
    "return_on_breach": false,
    "contact_scale": 0.6,
    "early_guard_s": 0.0
  },
  "params_path": "C:\\Users\\yusun\\projects\\physical-ai\\experiments\\103-g1-explicit-reference-command-tracker\\verify\\target-0p090-slip-0p08\\train\\params.pkl",
  "start_height": 0.755,
  "min_height": -0.7812858644856612,
  "visible_drop": 1.5362858644856612,
  "first_visible_at": 0.98,
  "max_knee_delta_rad": 0.6006497197374373,
  "max_hip_pitch_delta_rad": 0.20639334204733542,
  "fell_at": 1.28,
  "final_height": -0.7554113939159903,
  "return_to_stand": false,
  "foot_contact_ratio": 0.9133333333333333,
  "foot_slip_distance": 0.9945867383437295,
  "min_support_margin": -0.6471538036676638,
  "first_support_breach_at": 0.72,
  "first_slip_breach_at": 1.34,
  "max_joint_limit_violation": 0.03780945545746217,
  "min_wrapper_scale": 0.2,
  "samples": [
    {
      "t": 0.0,
      "height": 0.75396513121481,
      "visible_drop": 0.0010348687851899907,
      "knee_delta": 0.022688112455730547,
      "hip_delta": 0.014459469128834668,
      "support_margin": 0.08676947409713408,
      "both_feet_contact": true,
      "foot_slip_distance": 0.0001732382970373638,
      "up_z": 0.9999956858944581,
      "action_norm": 1.221620798110962,
      "wrapper_scale": 1.0
    },
    {
      "t": 0.2,
      "height": 0.7479727113273281,
      "visible_drop": 0.007027288672671883,
      "knee_delta": 0.09692201804433265,
      "hip_delta": 0.02555238811456173,
      "support_margin": 0.08367151197600414,
      "both_feet_contact": true,
      "foot_slip_distance": 0.0005586292755013152,
      "up_z": 0.9992411863150115,
      "action_norm": 1.245052695274353,
      "wrapper_scale": 1.0
    },
    {
      "t": 0.4,
      "height": 0.7462631980219301,
      "visible_drop": 0.008736801978069919,
      "knee_delta": 0.09754029504792339,
      "hip_delta": 0.04285330284288258,
      "support_margin": 0.06402686009061176,
      "both_feet_contact": true,
      "foot_slip_distance": 0.0011754223308380453,
      "up_z": 0.9998269547764919,
      "action_norm": 1.407412052154541,
      "wrapper_scale": 1.0
    },
    {
      "t": 0.6,
      "height": 0.742037026834657,
      "visible_drop": 0.012962973165343006,
      "knee_delta": 0.11492242602899239,
      "hip_delta": 0.05489385362275023,
      "support_margin": 0.026030150517165257,
      "both_feet_contact": true,
      "foot_slip_distance": 0.0019550357088341233,
      "up_z": 0.9988560401568243,
      "action_norm": 1.474385380744934,
      "wrapper_scale": 1.0
    },
    {
      "t": 0.8,
      "height": 0.7189245308914047,
      "visible_drop": 0.03607546910859527,
      "knee_delta": 0.18274264410929297,
      "hip_delta": 0.058781904384450634,
      "support_margin": -0.045165891986557904,
      "both_feet_contact": true,
      "foot_slip_distance": 0.0023166500884663674,
      "up_z": 0.989676217009757,
      "action_norm": 1.9681726694107056,
      "wrapper_scale": 0.2
    },
    {
      "t": 1.0,
      "height": 0.6672362601286369,
      "visible_drop": 0.0877637398713631,
      "knee_delta": 0.17565363226340858,
      "hip_delta": 0.047583118436344385,
      "support_margin": -0.1703346845434407,
      "both_feet_contact": true,
      "foot_slip_distance": 0.004293467853793623,
      "up_z": 0.9322863701154578,
      "action_norm": 1.8053007125854492,
      "wrapper_scale": 0.2
    },
    {
      "t": 1.2,
      "height": 0.5548436946824671,
      "visible_drop": 0.20015630531753292,
      "knee_delta": 0.06931340121534868,
      "hip_delta": 0.0385861236388686,
      "support_margin": -0.377209633705088,
      "both_feet_contact": true,
      "foot_slip_distance": 0.01619399264625216,
      "up_z": 0.6837879449485627,
      "action_norm": 1.9368202686309814,
      "wrapper_scale": 0.2
    },
    {
      "t": 1.4,
      "height": 0.16321797018928494,
      "visible_drop": 0.591782029810715,
      "knee_delta": 0.06846496908237287,
      "hip_delta": 0.11442900666788083,
      "support_margin": -0.6471538036676638,
      "both_feet_contact": false,
      "foot_slip_distance": 0.15843965764887605,
      "up_z": 0.15750393886338154,
      "action_norm": 2.113426446914673,
      "wrapper_scale": 0.2
    },
    {
      "t": 1.6,
      "height": -0.5864169935609342,
      "visible_drop": 1.3414169935609341,
      "knee_delta": 0.02495340002991442,
      "hip_delta": 0.1428840560662327,
      "support_margin": -0.3179629678123995,
      "both_feet_contact": false,
      "foot_slip_distance": 0.6703796417461936,
      "up_z": -0.712203370429964,
      "action_norm": 2.22420597076416,
      "wrapper_scale": 0.2
    },
    {
      "t": 1.8,
      "height": -0.752998864119739,
      "visible_drop": 1.507998864119739,
      "knee_delta": 0.36182342965962344,
      "hip_delta": 0.07354747388553984,
      "support_margin": -0.0415502488793994,
      "both_feet_contact": true,
      "foot_slip_distance": 0.9942307182962749,
      "up_z": -0.9132932957107878,
      "action_norm": 1.7120780944824219,
      "wrapper_scale": 0.2
    },
    {
      "t": 2.0,
      "height": -0.6048147713652741,
      "visible_drop": 1.359814771365274,
      "knee_delta": 0.22521266482077124,
      "hip_delta": 0.028595886340821886,
      "support_margin": -0.28327639487554024,
      "both_feet_contact": false,
      "foot_slip_distance": 0.9687708721448669,
      "up_z": -0.7442541271263617,
      "action_norm": 1.2587614059448242,
      "wrapper_scale": 0.2
    },
    {
      "t": 2.2,
      "height": -0.592261037089024,
      "visible_drop": 1.347261037089024,
      "knee_delta": 0.20677919906909376,
      "hip_delta": 0.10896828957883786,
      "support_margin": -0.2866084403869893,
      "both_feet_contact": true,
      "foot_slip_distance": 0.8990854280504915,
      "up_z": -0.7130235263087049,
      "action_norm": 1.8270289897918701,
      "wrapper_scale": 0.2
    },
    {
      "t": 2.4,
      "height": -0.7110470792944865,
      "visible_drop": 1.4660470792944866,
      "knee_delta": 0.26824085501161676,
      "hip_delta": 0.06574535449908303,
      "support_margin": -0.10831214049778648,
      "both_feet_contact": true,
      "foot_slip_distance": 0.8231854682139375,
      "up_z": -0.8802042548767935,
      "action_norm": 1.9795781373977661,
      "wrapper_scale": 0.2
    },
    {
      "t": 2.6,
      "height": -0.7569777576708503,
      "visible_drop": 1.5119777576708504,
      "knee_delta": 0.18013906886803716,
      "hip_delta": 0.010828459415503089,
      "support_margin": 0.09009305538986778,
      "both_feet_contact": true,
      "foot_slip_distance": 0.8210650321826156,
      "up_z": -0.9993928722598825,
      "action_norm": 1.311564326286316,
      "wrapper_scale": 0.2
    },
    {
      "t": 2.8,
      "height": -0.690036277677143,
      "visible_drop": 1.445036277677143,
      "knee_delta": 0.1269853778260599,
      "hip_delta": 0.05711772685379052,
      "support_margin": -0.14928362066654355,
      "both_feet_contact": true,
      "foot_slip_distance": 0.8250531384782019,
      "up_z": -0.9106151531812654,
      "action_norm": 1.370142936706543,
      "wrapper_scale": 0.2
    },
    {
      "t": 3.0,
      "height": -0.633882626454572,
      "visible_drop": 1.388882626454572,
      "knee_delta": 0.049238533226909964,
      "hip_delta": 0.11106555301665799,
      "support_margin": -0.23853376337672016,
      "both_feet_contact": true,
      "foot_slip_distance": 0.831361500294892,
      "up_z": -0.8048829687030066,
      "action_norm": 1.5848486423492432,
      "wrapper_scale": 0.2
    },
    {
      "t": 3.2,
      "height": -0.687599206031951,
      "visible_drop": 1.442599206031951,
      "knee_delta": 0.15670875239438453,
      "hip_delta": 0.09508762460748446,
      "support_margin": -0.17443437898645886,
      "both_feet_contact": true,