{
  "variant": {
    "name": "direct-exp103",
    "support_floor": -0.005,
    "slip_start": 0.04,
    "min_scale": 1.0,
    "ankle_scale": 1.0,
    "return_on_breach": false,
    "contact_scale": 1.0,
    "early_guard_s": 0.0
  },
  "params_path": "C:\\Users\\yusun\\projects\\physical-ai\\experiments\\103-g1-explicit-reference-command-tracker\\verify\\target-0p090-slip-0p08\\train\\params.pkl",
  "start_height": 0.755,
  "min_height": 0.697848990080748,
  "visible_drop": 0.05715100991925204,
  "first_visible_at": null,
  "max_knee_delta_rad": 0.583025445001681,
  "max_hip_pitch_delta_rad": 0.49177316437942936,
  "fell_at": null,
  "final_height": 0.7408125533738038,
  "return_to_stand": true,
  "foot_contact_ratio": 0.39,
  "foot_slip_distance": 3.090069863055762,
  "min_support_margin": -0.10418926883970953,
  "first_support_breach_at": 1.44,
  "first_slip_breach_at": 1.74,
  "max_joint_limit_violation": 0.01475689604321534,
  "min_wrapper_scale": 1.0,
  "samples": [
    {
      "t": 0.0,
      "height": 0.7540900932510075,
      "visible_drop": 0.000909906748992495,
      "knee_delta": 0.02014987823975345,
      "hip_delta": 0.015394558096649413,
      "support_margin": 0.08658056175932438,
      "both_feet_contact": true,
      "foot_slip_distance": 0.0001147600835473558,
      "up_z": 0.9999940352163482,
      "action_norm": 1.221620798110962,
      "wrapper_scale": 1.0
    },
    {
      "t": 0.2,
      "height": 0.7507662412040956,
      "visible_drop": 0.004233758795904374,
      "knee_delta": 0.07780301475660789,
      "hip_delta": 0.005183782833434347,
      "support_margin": 0.08726398409869437,
      "both_feet_contact": true,
      "foot_slip_distance": 0.0006228247122052678,
      "up_z": 0.9995065870425451,
      "action_norm": 0.9028245806694031,
      "wrapper_scale": 1.0
    },
    {
      "t": 0.4,
      "height": 0.7493126574442479,
      "visible_drop": 0.005687342555752095,
      "knee_delta": 0.09330179706373687,
      "hip_delta": 0.0075243096622436,
      "support_margin": 0.08786351623297411,
      "both_feet_contact": true,
      "foot_slip_distance": 0.001170998396292437,
      "up_z": 0.9993276691584357,
      "action_norm": 0.7655786871910095,
      "wrapper_scale": 1.0
    },
    {
      "t": 0.6,
      "height": 0.7493624599848255,
      "visible_drop": 0.005637540015174469,
      "knee_delta": 0.09289113341951039,
      "hip_delta": 0.007097367549786626,
      "support_margin": 0.0869170538776298,
      "both_feet_contact": true,
      "foot_slip_distance": 0.0017309068484268554,
      "up_z": 0.9996140568299575,
      "action_norm": 0.7930449843406677,
      "wrapper_scale": 1.0
    },
    {
      "t": 0.8,
      "height": 0.7504040686828339,
      "visible_drop": 0.004595931317166069,
      "knee_delta": 0.0789313058511587,
      "hip_delta": 0.0073196133373832906,
      "support_margin": 0.07571272549866866,
      "both_feet_contact": true,
      "foot_slip_distance": 0.0022858506112280606,
      "up_z": 0.9999496082314664,
      "action_norm": 0.9571850895881653,
      "wrapper_scale": 1.0
    },
    {
      "t": 1.0,
      "height": 0.7511433232001955,
      "visible_drop": 0.0038566767998045037,
      "knee_delta": 0.060170456327042654,
      "hip_delta": 0.005982302247499682,
      "support_margin": 0.059662690058251686,
      "both_feet_contact": true,
      "foot_slip_distance": 0.0028621557503341714,
      "up_z": 0.9995355245466414,
      "action_norm": 1.1832311153411865,
      "wrapper_scale": 1.0
    },
    {
      "t": 1.2,
      "height": 0.7504302624658519,
      "visible_drop": 0.004569737534148133,
      "knee_delta": 0.050364683309159,
      "hip_delta": 0.004154719469854462,
      "support_margin": 0.037292250870101545,
      "both_feet_contact": true,
      "foot_slip_distance": 0.0033057698376562565,
      "up_z": 0.9969436099206436,
      "action_norm": 1.3498777151107788,
      "wrapper_scale": 1.0
    },
    {
      "t": 1.4,
      "height": 0.7459419668064914,
      "visible_drop": 0.009058033193508619,
      "knee_delta": 0.06168812061263307,
      "hip_delta": 0.020047617046558164,
      "support_margin": 0.002814235476571475,
      "both_feet_contact": true,
      "foot_slip_distance": 0.003702279567409859,
      "up_z": 0.9887674187859865,
      "action_norm": 1.4356812238693237,
      "wrapper_scale": 1.0
    },
    {
      "t": 1.6,
      "height": 0.7264899283576817,
      "visible_drop": 0.028510071642318335,
      "knee_delta": 0.1143969734351381,
      "hip_delta": 0.05258652694046251,
      "support_margin": -0.05648917091382097,
      "both_feet_contact": true,
      "foot_slip_distance": 0.004949803736585416,
      "up_z": 0.9769215175119711,
      "action_norm": 1.5301353931427002,
      "wrapper_scale": 1.0
    },
    {
      "t": 1.8,
      "height": 0.7048244247227157,
      "visible_drop": 0.050175575277284334,
      "knee_delta": 0.48606657820581134,
      "hip_delta": 0.405797043240913,
      "support_margin": 0.031031514787483838,
      "both_feet_contact": true,
      "foot_slip_distance": 0.2394919004712943,
      "up_z": 0.9723079229590363,
      "action_norm": 1.7740007638931274,
      "wrapper_scale": 1.0
    },
    {
      "t": 2.0,
      "height": 0.7369756489956285,
      "visible_drop": 0.018024351004371497,
      "knee_delta": 0.45599453066812523,
      "hip_delta": 0.29375656152969876,
      "support_margin": 0.007926774621096033,
      "both_feet_contact": false,
      "foot_slip_distance": 0.4498890102482275,
      "up_z": 0.9780166845579263,
      "action_norm": 1.8890085220336914,
      "wrapper_scale": 1.0
    },
    {
      "t": 2.2,
      "height": 0.7625366906082067,
      "visible_drop": -0.00753669060820672,
      "knee_delta": 0.4087553378790394,
      "hip_delta": 0.18822147510503068,
      "support_margin": 0.002772494104258949,
      "both_feet_contact": false,
      "foot_slip_distance": 0.7313436342039239,
      "up_z": 0.9783291611758921,
      "action_norm": 2.1305625438690186,
      "wrapper_scale": 1.0
    },
    {
      "t": 2.4,
      "height": 0.7297402226765121,
      "visible_drop": 0.025259777323487942,
      "knee_delta": 0.37250360405658967,
      "hip_delta": 0.4659069512528153,
      "support_margin": 0.027937720556847567,
      "both_feet_contact": false,
      "foot_slip_distance": 1.2743059702541086,
      "up_z": 0.9828211523454728,
      "action_norm": 1.806251883506775,
      "wrapper_scale": 1.0
    },
    {
      "t": 2.6,
      "height": 0.7619775222693408,
      "visible_drop": -0.006977522269340786,
      "knee_delta": 0.020737362030456064,
      "hip_delta": 0.20365940293126333,
      "support_margin": 0.10076817073053257,
      "both_feet_contact": false,
      "foot_slip_distance": 1.3400462006416554,
      "up_z": 0.999606203088903,
      "action_norm": 1.170166254043579,
      "wrapper_scale": 1.0
    },
    {
      "t": 2.8,
      "height": 0.7654101323196908,
      "visible_drop": -0.01041013231969079,
      "knee_delta": 0.4617996350645286,
      "hip_delta": 0.14234175001485266,
      "support_margin": 0.106793974086969,
      "both_feet_contact": false,
      "foot_slip_distance": 1.4592708477809686,
      "up_z": 0.9987156493619654,
      "action_norm": 1.6658191680908203,
      "wrapper_scale": 1.0
    },
    {
      "t": 3.0,
      "height": 0.7676666360861263,
      "visible_drop": -0.012666636086126282,
      "knee_delta": 0.2896499256841313,
      "hip_delta": 0.09540887729859987,
      "support_margin": 0.08531000049658033,
      "both_feet_contact": false,
      "foot_slip_distance": 1.5903966459960106,
      "up_z": 0.996820608428938,
      "action_norm": 1.705424189567566,
      "wrapper_scale": 1.0
    },
    {
      "t": 3.2,
      "height": 0.7512140192587492,
      "visible_drop": 0.003785980741250805,
      "knee_delta": 0.3389584077300083,
      "hip_delta": 0.20909326078797058,
      "support_margin": 0.07120043069327808,
      "both_feet_contact": false,