{
  "variant": {
    "name": "early-conservative-scale",
    "support_floor": -0.005,
    "slip_start": 0.015,
    "min_scale": 0.05,
    "ankle_scale": 0.2,
    "return_on_breach": false,
    "contact_scale": 0.35,
    "early_guard_s": 1.0
  },
  "params_path": "C:\\Users\\yusun\\projects\\physical-ai\\experiments\\103-g1-explicit-reference-command-tracker\\verify\\target-0p090-slip-0p08\\train\\params.pkl",
  "start_height": 0.755,
  "min_height": -0.7765032800049837,
  "visible_drop": 1.5315032800049837,
  "first_visible_at": 0.94,
  "max_knee_delta_rad": 0.6096047864456193,
  "max_hip_pitch_delta_rad": 0.18973292560662042,
  "fell_at": 1.22,
  "final_height": -0.7465907041823847,
  "return_to_stand": false,
  "foot_contact_ratio": 0.91,
  "foot_slip_distance": 1.0322976077607273,
  "min_support_margin": -0.6465903581371795,
  "first_support_breach_at": 0.66,
  "first_slip_breach_at": 1.28,
  "max_joint_limit_violation": 0.03431238871849862,
  "min_wrapper_scale": 0.05,
  "samples": [
    {
      "t": 0.0,
      "height": 0.7540015921429272,
      "visible_drop": 0.000998407857072836,
      "knee_delta": 0.020727473153247078,
      "hip_delta": 0.011024137543851509,
      "support_margin": 0.08663194131628281,
      "both_feet_contact": true,
      "foot_slip_distance": 4.0079417513505e-05,
      "up_z": 0.9999995803503763,
      "action_norm": 1.221620798110962,
      "wrapper_scale": 0.55
    },
    {
      "t": 0.2,
      "height": 0.7417196760846758,
      "visible_drop": 0.013280323915324188,
      "knee_delta": 0.147528747727112,
      "hip_delta": 0.014347661476492524,
      "support_margin": 0.08186984242862368,
      "both_feet_contact": true,
      "foot_slip_distance": 0.0003399592996824817,
      "up_z": 0.9987612453685949,
      "action_norm": 1.3492162227630615,
      "wrapper_scale": 0.55
    },
    {
      "t": 0.4,
      "height": 0.74009173379661,
      "visible_drop": 0.01490826620339003,
      "knee_delta": 0.14606498795146117,
      "hip_delta": 0.031161432577941517,
      "support_margin": 0.05837319034700117,
      "both_feet_contact": true,
      "foot_slip_distance": 0.0006604195840371328,
      "up_z": 0.9997776816657554,
      "action_norm": 1.48915433883667,
      "wrapper_scale": 0.55
    },
    {
      "t": 0.6,
      "height": 0.7352728583437866,
      "visible_drop": 0.019727141656213365,
      "knee_delta": 0.155598378214433,
      "hip_delta": 0.04292997561666456,
      "support_margin": 0.01258798961645985,
      "both_feet_contact": true,
      "foot_slip_distance": 0.0013497394276864234,
      "up_z": 0.9981015295093132,
      "action_norm": 1.5367673635482788,
      "wrapper_scale": 0.55
    },
    {
      "t": 0.8,
      "height": 0.7074801911160011,
      "visible_drop": 0.04751980888399887,
      "knee_delta": 0.2037319376363853,
      "hip_delta": 0.03373606812612223,
      "support_margin": -0.07364263947281874,
      "both_feet_contact": true,
      "foot_slip_distance": 0.001678553983694163,
      "up_z": 0.9809116291310774,
      "action_norm": 2.2415401935577393,
      "wrapper_scale": 0.05
    },
    {
      "t": 1.0,
      "height": 0.6519683545132349,
      "visible_drop": 0.10303164548676513,
      "knee_delta": 0.09031443550543095,
      "hip_delta": 0.012421426520833334,
      "support_margin": -0.22403558038984023,
      "both_feet_contact": true,
      "foot_slip_distance": 0.0015629660884808956,
      "up_z": 0.8642993738078704,
      "action_norm": 1.9906389713287354,
      "wrapper_scale": 0.05
    },
    {
      "t": 1.2,
      "height": 0.47537383436573344,
      "visible_drop": 0.27962616563426657,
      "knee_delta": 0.03264054585740461,
      "hip_delta": 0.0021472474315051837,
      "support_margin": -0.46265260616759457,
      "both_feet_contact": true,
      "foot_slip_distance": 0.03793931813015672,
      "up_z": 0.5177614280659385,
      "action_norm": 2.038464307785034,
      "wrapper_scale": 0.05
    },
    {
      "t": 1.4,
      "height": -0.03622847464690681,
      "visible_drop": 0.7912284746469068,
      "knee_delta": 0.04825381100849557,
      "hip_delta": 0.07643206492240703,
      "support_margin": -0.6084127627460518,
      "both_feet_contact": true,
      "foot_slip_distance": 0.2776117157371493,
      "up_z": -0.1250598226689441,
      "action_norm": 1.9413743019104004,
      "wrapper_scale": 0.05
    },
    {
      "t": 1.6,
      "height": -0.7145799184343002,
      "visible_drop": 1.4695799184343001,
      "knee_delta": 0.5609575772357424,
      "hip_delta": 0.07802637125972847,
      "support_margin": -0.16766178697909362,
      "both_feet_contact": false,
      "foot_slip_distance": 0.81597124170498,
      "up_z": -0.9734219591004308,
      "action_norm": 2.4735260009765625,
      "wrapper_scale": 0.05
    },
    {
      "t": 1.8,
      "height": -0.7018358768309426,
      "visible_drop": 1.4568358768309426,
      "knee_delta": 0.16651909985089364,
      "hip_delta": 0.09497993723287013,
      "support_margin": -0.11394822537388904,
      "both_feet_contact": true,
      "foot_slip_distance": 1.027245877906947,
      "up_z": -0.8753635756108573,
      "action_norm": 1.3981451988220215,
      "wrapper_scale": 0.05
    },
    {
      "t": 2.0,
      "height": -0.5842177519896529,
      "visible_drop": 1.3392177519896529,
      "knee_delta": 0.19838594803570309,
      "hip_delta": 0.0460402377245383,
      "support_margin": -0.30706488295130674,
      "both_feet_contact": false,
      "foot_slip_distance": 0.9470605375414037,
      "up_z": -0.7232444930792409,
      "action_norm": 1.400607943534851,
      "wrapper_scale": 0.05
    },
    {
      "t": 2.2,
      "height": -0.6329158220188837,
      "visible_drop": 1.3879158220188836,
      "knee_delta": 0.17958066662632127,
      "hip_delta": 0.06111940086100287,
      "support_margin": -0.23353378354532411,
      "both_feet_contact": false,
      "foot_slip_distance": 0.8477896081199267,
      "up_z": -0.7796293265390379,
      "action_norm": 2.0024619102478027,
      "wrapper_scale": 0.05
    },
    {
      "t": 2.4,
      "height": -0.7349440505892678,
      "visible_drop": 1.4899440505892678,
      "knee_delta": 0.19151503390774754,
      "hip_delta": 0.013039749263054068,
      "support_margin": -0.04112417528510892,
      "both_feet_contact": true,
      "foot_slip_distance": 0.8017353132237818,
      "up_z": -0.9473574026076411,
      "action_norm": 1.7458791732788086,
      "wrapper_scale": 0.05
    },
    {
      "t": 2.6,
      "height": -0.7461359725310448,
      "visible_drop": 1.5011359725310447,
      "knee_delta": 0.16565901716419373,
      "hip_delta": 0.02950595019453428,
      "support_margin": -0.003523203805311126,
      "both_feet_contact": true,
      "foot_slip_distance": 0.801211878740949,
      "up_z": -0.9906035108419655,
      "action_norm": 1.1226418018341064,
      "wrapper_scale": 0.05
    },
    {
      "t": 2.8,
      "height": -0.6635068828990185,
      "visible_drop": 1.4185068828990186,
      "knee_delta": 0.06727497703966168,
      "hip_delta": 0.06686471267225177,
      "support_margin": -0.19914010416643668,
      "both_feet_contact": true,
      "foot_slip_distance": 0.8037532096862642,
      "up_z": -0.8643804068521304,
      "action_norm": 1.4208405017852783,
      "wrapper_scale": 0.05
    },
    {
      "t": 3.0,
      "height": -0.6379998145612373,
      "visible_drop": 1.3929998145612372,
      "knee_delta": 0.04344337242351948,
      "hip_delta": 0.08641643440672953,
      "support_margin": -0.23611165299037085,
      "both_feet_contact": true,
      "foot_slip_distance": 0.8117929270766003,
      "up_z": -0.818277100461934,
      "action_norm": 1.630858063697815,
      "wrapper_scale": 0.05
    },
    {
      "t": 3.2,
      "height": -0.7101572393144436,
      "visible_drop": 1.4651572393144436,
      "knee_delta": 0.13920027328613682,
      "hip_delta": 0.05223799485069375,
      "support_margin": -0.1198336280825415,
      "both_feet_contact": true,