{
  "variant": {
    "name": "return-on-contact-breach",
    "support_floor": -0.005,
    "slip_start": 0.025,
    "min_scale": 0.0,
    "ankle_scale": 0.2,
    "return_on_breach": true,
    "contact_scale": 0.35,
    "early_guard_s": 0.0
  },
  "params_path": "C:\\Users\\yusun\\projects\\physical-ai\\experiments\\103-g1-explicit-reference-command-tracker\\verify\\target-0p090-slip-0p08\\train\\params.pkl",
  "start_height": 0.755,
  "min_height": -0.7799099063050916,
  "visible_drop": 1.5349099063050917,
  "first_visible_at": 0.96,
  "max_knee_delta_rad": 0.5855903960647889,
  "max_hip_pitch_delta_rad": 0.19511915680814615,
  "fell_at": 1.26,
  "final_height": -0.7517914430418693,
  "return_to_stand": false,
  "foot_contact_ratio": 0.9333333333333333,
  "foot_slip_distance": 0.9996967513127566,
  "min_support_margin": -0.6470957617552503,
  "first_support_breach_at": 0.68,
  "first_slip_breach_at": 1.3,
  "max_joint_limit_violation": 0.03204117349939961,
  "min_wrapper_scale": 0.0,
  "samples": [
    {
      "t": 0.0,
      "height": 0.7539631592840663,
      "visible_drop": 0.0010368407159336845,
      "knee_delta": 0.022956355625258884,
      "hip_delta": 0.014202040444155573,
      "support_margin": 0.08681656511354907,
      "both_feet_contact": true,
      "foot_slip_distance": 0.00020193812516444066,
      "up_z": 0.9999959334719793,
      "action_norm": 1.221620798110962,
      "wrapper_scale": 1.0
    },
    {
      "t": 0.2,
      "height": 0.74767542713873,
      "visible_drop": 0.007324572861269973,
      "knee_delta": 0.09884215155331022,
      "hip_delta": 0.027260576251354474,
      "support_margin": 0.08293302753810189,
      "both_feet_contact": true,
      "foot_slip_distance": 0.0005729370105980121,
      "up_z": 0.9992151639483589,
      "action_norm": 1.2659327983856201,
      "wrapper_scale": 1.0
    },
    {
      "t": 0.4,
      "height": 0.7456226641151231,
      "visible_drop": 0.00937733588487688,
      "knee_delta": 0.09995962889683907,
      "hip_delta": 0.04621163301835818,
      "support_margin": 0.0612584467723082,
      "both_feet_contact": true,
      "foot_slip_distance": 0.001205679870808152,
      "up_z": 0.9998581053905103,
      "action_norm": 1.4290343523025513,
      "wrapper_scale": 1.0
    },
    {
      "t": 0.6,
      "height": 0.740277569785291,
      "visible_drop": 0.014722430214708981,
      "knee_delta": 0.12326760595676445,
      "hip_delta": 0.061210706971190965,
      "support_margin": 0.018885534841939902,
      "both_feet_contact": true,
      "foot_slip_distance": 0.002004313895487276,
      "up_z": 0.9984262603010073,
      "action_norm": 1.483566164970398,
      "wrapper_scale": 1.0
    },
    {
      "t": 0.8,
      "height": 0.7103408899661885,
      "visible_drop": 0.04465911003381151,
      "knee_delta": 0.21727121304009644,
      "hip_delta": 0.03960105432565303,
      "support_margin": -0.0594470250092522,
      "both_feet_contact": true,
      "foot_slip_distance": 0.0022526858507325243,
      "up_z": 0.9868730807608552,
      "action_norm": 2.3439676761627197,
      "wrapper_scale": 0.0
    },
    {
      "t": 1.0,
      "height": 0.6622245607978461,
      "visible_drop": 0.09277543920215392,
      "knee_delta": 0.08816447264646265,
      "hip_delta": 0.009325303668458462,
      "support_margin": -0.19871045265147036,
      "both_feet_contact": true,
      "foot_slip_distance": 0.0028401010298683567,
      "up_z": 0.8887360771628967,
      "action_norm": 2.027125597000122,
      "wrapper_scale": 0.0
    },
    {
      "t": 1.2,
      "height": 0.5176254664646578,
      "visible_drop": 0.2373745335353422,
      "knee_delta": 0.01548202797142928,
      "hip_delta": 0.03210858098603714,
      "support_margin": -0.4214156563638852,
      "both_feet_contact": true,
      "foot_slip_distance": 0.02622555349651476,
      "up_z": 0.5678659992017856,
      "action_norm": 2.129551410675049,
      "wrapper_scale": 0.0
    },
    {
      "t": 1.4,
      "height": 0.0565924862107343,
      "visible_drop": 0.6984075137892657,
      "knee_delta": 0.030578494470639983,
      "hip_delta": 0.062496901364199664,
      "support_margin": -0.6336637797469482,
      "both_feet_contact": false,
      "foot_slip_distance": 0.2225539385017344,
      "up_z": -0.03335402083786073,
      "action_norm": 1.9454678297042847,
      "wrapper_scale": 0.0
    },
    {
      "t": 1.6,
      "height": -0.6972419012510304,
      "visible_drop": 1.4522419012510304,
      "knee_delta": 0.5714735159259164,
      "hip_delta": 0.19511915680814615,
      "support_margin": -0.23563823810622886,
      "both_feet_contact": true,
      "foot_slip_distance": 0.765181502374343,
      "up_z": -0.8972142178108711,
      "action_norm": 2.7049179077148438,
      "wrapper_scale": 0.0
    },
    {
      "t": 1.8,
      "height": -0.7270175126136743,
      "visible_drop": 1.4820175126136743,
      "knee_delta": 0.20144152968702994,
      "hip_delta": 0.09610119187611232,
      "support_margin": -0.09492375285882171,
      "both_feet_contact": true,
      "foot_slip_distance": 0.9978175319261202,
      "up_z": -0.8942819275939471,
      "action_norm": 1.2766306400299072,
      "wrapper_scale": 0.0
    },
    {
      "t": 2.0,
      "height": -0.5867146947361913,
      "visible_drop": 1.3417146947361913,
      "knee_delta": 0.17347025795440574,
      "hip_delta": 0.015937697540999773,
      "support_margin": -0.3010645936602451,
      "both_feet_contact": true,
      "foot_slip_distance": 0.961947323288699,
      "up_z": -0.7373352255216227,
      "action_norm": 1.5219186544418335,
      "wrapper_scale": 0.0
    },
    {
      "t": 2.2,
      "height": -0.6129256806807107,
      "visible_drop": 1.3679256806807107,
      "knee_delta": 0.17381016207560102,
      "hip_delta": 0.045680390930108006,
      "support_margin": -0.27565865946890605,
      "both_feet_contact": false,
      "foot_slip_distance": 0.8595635456081763,
      "up_z": -0.7603052421503397,
      "action_norm": 2.0963363647460938,
      "wrapper_scale": 0.0
    },
    {
      "t": 2.4,
      "height": -0.7249488205015291,
      "visible_drop": 1.4799488205015292,
      "knee_delta": 0.2088493147048317,
      "hip_delta": 0.012020216087913538,
      "support_margin": -0.09165079434307477,
      "both_feet_contact": true,
      "foot_slip_distance": 0.808246268734611,
      "up_z": -0.9262949438840005,
      "action_norm": 1.8054442405700684,
      "wrapper_scale": 0.0
    },
    {
      "t": 2.6,
      "height": -0.7527004607178854,
      "visible_drop": 1.5077004607178854,
      "knee_delta": 0.14811781325947726,
      "hip_delta": 0.031057460381462842,
      "support_margin": 0.015802279037323563,
      "both_feet_contact": true,
      "foot_slip_distance": 0.8070917283384886,
      "up_z": -0.9962811149024061,
      "action_norm": 1.141890048980713,
      "wrapper_scale": 0.0
    },
    {
      "t": 2.8,
      "height": -0.6669238597975862,
      "visible_drop": 1.421923859797586,
      "knee_delta": 0.0705909296566204,
      "hip_delta": 0.06127453936276922,
      "support_margin": -0.20718099980334248,
      "both_feet_contact": true,
      "foot_slip_distance": 0.8097411256862289,
      "up_z": -0.8721977869331733,
      "action_norm": 1.4431649446487427,
      "wrapper_scale": 0.0
    },
    {
      "t": 3.0,
      "height": -0.6215784726542518,
      "visible_drop": 1.3765784726542518,
      "knee_delta": 0.01249892412299336,
      "hip_delta": 0.06883905641774463,
      "support_margin": -0.2693774463318819,
      "both_feet_contact": true,
      "foot_slip_distance": 0.8169734558720773,
      "up_z": -0.7945961397337316,
      "action_norm": 1.6198227405548096,
      "wrapper_scale": 0.0
    },
    {
      "t": 3.2,
      "height": -0.691615127545151,
      "visible_drop": 1.4466151275451509,
      "knee_delta": 0.07974143281847823,
      "hip_delta": 0.049280668159259355,
      "support_margin": -0.1697667119194627,
      "both_feet_contact": true,