{
  "variant": {
    "name": "support-slip-scale",
    "support_floor": -0.005,
    "slip_start": 0.025,
    "min_scale": 0.2,
    "ankle_scale": 1.0,
    "return_on_breach": false,
    "contact_scale": 0.6,
    "early_guard_s": 0.0
  },
  "params_path": "C:\\Users\\yusun\\projects\\physical-ai\\experiments\\103-g1-explicit-reference-command-tracker\\verify\\target-0p090-slip-0p08\\train\\params.pkl",
  "start_height": 0.755,
  "min_height": -0.7808115244026737,
  "visible_drop": 1.5358115244026735,
  "first_visible_at": 1.76,
  "max_knee_delta_rad": 0.6092412142204504,
  "max_hip_pitch_delta_rad": 0.24220295738534084,
  "fell_at": 2.08,
  "final_height": -0.7579783626250267,
  "return_to_stand": false,
  "foot_contact_ratio": 0.9133333333333333,
  "foot_slip_distance": 0.9852545276479089,
  "min_support_margin": -0.6455727158125092,
  "first_support_breach_at": 1.44,
  "first_slip_breach_at": 2.14,
  "max_joint_limit_violation": 0.030490665402771344,
  "min_wrapper_scale": 0.2,
  "samples": [
    {
      "t": 0.0,
      "height": 0.7540900932510075,
      "visible_drop": 0.000909906748992495,
      "knee_delta": 0.02014987823975345,
      "hip_delta": 0.015394558096649413,
      "support_margin": 0.08658056175932438,
      "both_feet_contact": true,
      "foot_slip_distance": 0.0001147600835473558,
      "up_z": 0.9999940352163482,
      "action_norm": 1.221620798110962,
      "wrapper_scale": 1.0
    },
    {
      "t": 0.2,
      "height": 0.7507662412040956,
      "visible_drop": 0.004233758795904374,
      "knee_delta": 0.07780301475660789,
      "hip_delta": 0.005183782833434347,
      "support_margin": 0.08726398409869437,
      "both_feet_contact": true,
      "foot_slip_distance": 0.0006228247122052678,
      "up_z": 0.9995065870425451,
      "action_norm": 0.9028245806694031,
      "wrapper_scale": 1.0
    },
    {
      "t": 0.4,
      "height": 0.7493126574442479,
      "visible_drop": 0.005687342555752095,
      "knee_delta": 0.09330179706373687,
      "hip_delta": 0.0075243096622436,
      "support_margin": 0.08786351623297411,
      "both_feet_contact": true,
      "foot_slip_distance": 0.001170998396292437,
      "up_z": 0.9993276691584357,
      "action_norm": 0.7655786871910095,
      "wrapper_scale": 1.0
    },
    {
      "t": 0.6,
      "height": 0.7493624599848255,
      "visible_drop": 0.005637540015174469,
      "knee_delta": 0.09289113341951039,
      "hip_delta": 0.007097367549786626,
      "support_margin": 0.0869170538776298,
      "both_feet_contact": true,
      "foot_slip_distance": 0.0017309068484268554,
      "up_z": 0.9996140568299575,
      "action_norm": 0.7930449843406677,
      "wrapper_scale": 1.0
    },
    {
      "t": 0.8,
      "height": 0.7504040686828339,
      "visible_drop": 0.004595931317166069,
      "knee_delta": 0.0789313058511587,
      "hip_delta": 0.0073196133373832906,
      "support_margin": 0.07571272549866866,
      "both_feet_contact": true,
      "foot_slip_distance": 0.0022858506112280606,
      "up_z": 0.9999496082314664,
      "action_norm": 0.9571850895881653,
      "wrapper_scale": 1.0
    },
    {
      "t": 1.0,
      "height": 0.7511433232001955,
      "visible_drop": 0.0038566767998045037,
      "knee_delta": 0.060170456327042654,
      "hip_delta": 0.005982302247499682,
      "support_margin": 0.059662690058251686,
      "both_feet_contact": true,
      "foot_slip_distance": 0.0028621557503341714,
      "up_z": 0.9995355245466414,
      "action_norm": 1.1832311153411865,
      "wrapper_scale": 1.0
    },
    {
      "t": 1.2,
      "height": 0.7504302624658519,
      "visible_drop": 0.004569737534148133,
      "knee_delta": 0.050364683309159,
      "hip_delta": 0.004154719469854462,
      "support_margin": 0.037292250870101545,
      "both_feet_contact": true,
      "foot_slip_distance": 0.0033057698376562565,
      "up_z": 0.9969436099206436,
      "action_norm": 1.3498777151107788,
      "wrapper_scale": 1.0
    },
    {
      "t": 1.4,
      "height": 0.7459419668064914,
      "visible_drop": 0.009058033193508619,
      "knee_delta": 0.06168812061263307,
      "hip_delta": 0.020047617046558164,
      "support_margin": 0.002814235476571475,
      "both_feet_contact": true,
      "foot_slip_distance": 0.003702279567409859,
      "up_z": 0.9887674187859865,
      "action_norm": 1.4356812238693237,
      "wrapper_scale": 1.0
    },
    {
      "t": 1.6,
      "height": 0.7143846362910798,
      "visible_drop": 0.04061536370892016,
      "knee_delta": 0.18839012204658578,
      "hip_delta": 0.016630546568105642,
      "support_margin": -0.06128884085178046,
      "both_feet_contact": true,
      "foot_slip_distance": 0.004039357609467842,
      "up_z": 0.9811931527335633,
      "action_norm": 2.1113007068634033,
      "wrapper_scale": 0.2
    },
    {
      "t": 1.8,
      "height": 0.6642579928147501,
      "visible_drop": 0.09074200718524994,
      "knee_delta": 0.14897157680006567,
      "hip_delta": 0.03806990449699654,
      "support_margin": -0.18672026448231058,
      "both_feet_contact": true,
      "foot_slip_distance": 0.004054910503042886,
      "up_z": 0.9126716872421025,
      "action_norm": 2.1607956886291504,
      "wrapper_scale": 0.2
    },
    {
      "t": 2.0,
      "height": 0.5397572375931465,
      "visible_drop": 0.21524276240685347,
      "knee_delta": 0.05413192522025312,
      "hip_delta": 0.0418788974330897,
      "support_margin": -0.3915537878701749,
      "both_feet_contact": true,
      "foot_slip_distance": 0.020045657509673825,
      "up_z": 0.6516628792780399,
      "action_norm": 2.056532621383667,
      "wrapper_scale": 0.2
    },
    {
      "t": 2.2,
      "height": 0.12849506079768017,
      "visible_drop": 0.6265049392023199,
      "knee_delta": 0.04921764088955227,
      "hip_delta": 0.11551614772157928,
      "support_margin": -0.6455727158125092,
      "both_feet_contact": false,
      "foot_slip_distance": 0.17018548577039,
      "up_z": 0.09345780453632148,
      "action_norm": 2.017486572265625,
      "wrapper_scale": 0.2
    },
    {
      "t": 2.4,
      "height": -0.6327636079803971,
      "visible_drop": 1.3877636079803972,
      "knee_delta": 0.18256104864909384,
      "hip_delta": 0.19945186662499348,
      "support_margin": -0.2836580475241631,
      "both_feet_contact": true,
      "foot_slip_distance": 0.7011173854921134,
      "up_z": -0.7695132110061362,
      "action_norm": 2.3146512508392334,
      "wrapper_scale": 0.2
    },
    {
      "t": 2.6,
      "height": -0.7421491733794106,
      "visible_drop": 1.4971491733794107,
      "knee_delta": 0.32230908545031256,
      "hip_delta": 0.09343045344946177,
      "support_margin": -0.07118370379446903,
      "both_feet_contact": true,
      "foot_slip_distance": 0.9847657668023652,
      "up_z": -0.8979373715509748,
      "action_norm": 1.6735714673995972,
      "wrapper_scale": 0.2
    },
    {
      "t": 2.8,
      "height": -0.5892234260632128,
      "visible_drop": 1.3442234260632127,
      "knee_delta": 0.24334609824022185,
      "hip_delta": 0.04223509888462118,
      "support_margin": -0.2976903387651222,
      "both_feet_contact": false,
      "foot_slip_distance": 0.9594358904811061,
      "up_z": -0.7247229138638905,
      "action_norm": 1.327931523323059,
      "wrapper_scale": 0.2
    },
    {
      "t": 3.0,
      "height": -0.596365795534928,
      "visible_drop": 1.351365795534928,
      "knee_delta": 0.20656267809807827,
      "hip_delta": 0.0974000067202837,
      "support_margin": -0.27921264848989674,
      "both_feet_contact": false,
      "foot_slip_distance": 0.8611228963353071,
      "up_z": -0.7162381554426219,
      "action_norm": 1.9536306858062744,
      "wrapper_scale": 0.2
    },
    {
      "t": 3.2,
      "height": -0.7159279697558658,
      "visible_drop": 1.470927969755866,
      "knee_delta": 0.263728121877742,
      "hip_delta": 0.060169579471107626,
      "support_margin": -0.08951472683204098,
      "both_feet_contact": true,