{
  "native": {
    "attempt": "ref-stage-0p67-reference-only",
    "mode": "reference-only",
    "stage_height": 0.67,
    "reference_gain": 1.0,
    "ramp_s": 0.0,
    "residual_scale": 0.0,
    "params_path": "C:\\Users\\yusun\\projects\\physical-ai\\experiments\\22-g1-squat-depth-finetune\\verify\\train\\params.pkl",
    "seconds": 6.0,
    "start_height": 0.755,
    "min_height": -0.7660880393405577,
    "visible_drop": 1.5210880393405577,
    "first_visible_at": 0.92,
    "fell_at": 1.24,
    "upright_s": 1.24,
    "hold_duration_at_or_below_stage": 4.58,
    "final_height": -0.748761537352203,
    "return_to_stand": false,
    "foot_contact_ratio": 0.9166666666666666,
    "foot_slip_distance": 0.9928666867986662,
    "min_support_margin": -0.6488785620805815,
    "first_support_breach_at": 0.66,
    "max_downward_velocity": -4.370457669193187,
    "max_reference_error": 0.1906552066756692,
    "max_height_error": 2.28906878971803,
    "max_joint_limit_violation": 0.02983259607559452,
    "pass_gate": false,
    "verdict": "FAIL_FALL",
    "samples": [
      {
        "t": 0.0,
        "base_height": 0.755,
        "visible_drop": 0.0,
        "target_height": 0.7549999952316284,
        "up_z": 1.0,
        "both_feet_contact": true,
        "foot_slip_distance": 0.0,
        "support_margin": 0.08631053913643147,
        "vertical_velocity": 0.0,
        "reference_error": 1.2614786223382194e-16,
        "height_error": 2.2737367586674853e-17
      },
      {
        "t": 0.2,
        "base_height": 0.7213856603719483,
        "visible_drop": 0.033614339628051715,
        "target_height": 0.7369999885559082,
        "up_z": 0.9950684615576729,
        "both_feet_contact": true,
        "foot_slip_distance": 0.00013204372983557453,
        "support_margin": 0.0802307996653949,
        "vertical_velocity": -0.11664202622934661,
        "reference_error": 0.013986871924195617,
        "height_error": 0.0002438072446364049
      },
      {
        "t": 0.4,
        "base_height": 0.7176447898456958,
        "visible_drop": 0.03735521015430421,
        "target_height": 0.718999981880188,
        "up_z": 0.9962090018374649,
        "both_feet_contact": true,
        "foot_slip_distance": 7.075286502206284e-05,
        "support_margin": 0.05646855552400622,
        "vertical_velocity": 0.0006239291733156627,
        "reference_error": 0.017394583146783067,
        "height_error": 1.8365454503510863e-06
      },
      {
        "t": 0.6,
        "base_height": 0.7163187516859427,
        "visible_drop": 0.03868124831405728,
        "target_height": 0.7009999752044678,
        "up_z": 0.9997462839966921,
        "both_feet_contact": true,
        "foot_slip_distance": 0.0003224141510166965,
        "support_margin": 0.01714143841316336,
        "vertical_velocity": -0.008685910074895942,
        "reference_error": 0.016692063484078073,
        "height_error": 0.00023466491288939002
      },
      {
        "t": 0.8,
        "base_height": 0.7035442510088967,
        "visible_drop": 0.05145574899110328,
        "target_height": 0.6830000281333923,
        "up_z": 0.9805814920828437,
        "both_feet_contact": true,
        "foot_slip_distance": 0.001038610969895656,
        "support_margin": -0.06366818641552557,
        "vertical_velocity": -0.14336575467869817,
        "reference_error": 0.022790153172040882,
        "height_error": 0.00042206509355839796
      },
      {
        "t": 1.0,
        "base_height": 0.6566009673863844,
        "visible_drop": 0.0983990326136156,
        "target_height": 0.6700000166893005,
        "up_z": 0.8721433268862276,
        "both_feet_contact": true,
        "foot_slip_distance": 0.0005877930788457346,
        "support_margin": -0.2085815256363923,
        "vertical_velocity": -0.25611161288286444,
        "reference_error": 0.032569234898167265,
        "height_error": 0.0001795345222219773
      },
      {
        "t": 1.2,
        "base_height": 0.49850461882513547,
        "visible_drop": 0.25649538117486453,
        "target_height": 0.6700000166893005,
        "up_z": 0.5489207600469185,
        "both_feet_contact": true,
        "foot_slip_distance": 0.02994167113053503,
        "support_margin": -0.43511396947549613,
        "vertical_velocity": -1.4015333676130308,
        "reference_error": 0.026371516870726967,
        "height_error": 0.029410671488588273
      },
      {
        "t": 1.4,
        "base_height": 0.018652589549514795,
        "visible_drop": 0.7363474104504852,
        "target_height": 0.6700000166893005,
        "up_z": -0.09063520133544366,
        "both_feet_contact": false,
        "foot_slip_distance": 0.23772694485473622,
        "support_margin": -0.6239461918157825,
        "vertical_velocity": -3.259459602391532,
        "reference_error": 0.002108683830140666,
        "height_error": 0.4242534708416185
      },
      {
        "t": 1.6,
        "base_height": -0.7161088206829288,
        "visible_drop": 1.4711088206829288,
        "target_height": 0.6700000166893005,
        "up_z": -0.9520232688508933,
        "both_feet_contact": true,
        "foot_slip_distance": 0.7740698929430201,
        "support_margin": -0.22007781668714155,
        "vertical_velocity": -1.2608440589094438,
        "reference_error": 0.1906552066756692,
        "height_error": 1.9212977090413936
      },
      {
        "t": 1.8,
        "base_height": -0.7129049931836487,
        "visible_drop": 1.4679049931836488,
        "target_height": 0.6700000166893005,
        "up_z": -0.8797182355654538,
        "both_feet_contact": true,
        "foot_slip_distance": 0.9906318533208215,
        "support_margin": -0.11083323124575306,
        "vertical_velocity": 0.8510530662959093,
        "reference_error": 0.014479763581382572,
        "height_error": 1.9124262663317018
      },
      {
        "t": 2.0,
        "base_height": -0.5748246272030274,
        "visible_drop": 1.3298246272030274,
        "target_height": 0.6700000166893005,
        "up_z": -0.7263708997118162,
        "both_feet_contact": false,
        "foot_slip_distance": 0.9454246880810034,
        "support_margin": -0.3058806652236592,
        "vertical_velocity": 0.3232771773468035,
        "reference_error": 0.010390942653697537,
        "height_error": 1.5495883940416608
      },
      {
        "t": 2.2,
        "base_height": -0.6173321502614811,
        "visible_drop": 1.3723321502614811,
        "target_height": 0.6700000166893005,
        "up_z": -0.7631347992938254,
        "both_feet_contact": true,
        "foot_slip_distance": 0.8382062960238239,
        "support_margin": -0.25921061374065135,
        "vertical_velocity": -0.5990527931671763,
        "reference_error": 0.011767984256763816,
        "height_error": 1.6572241080661956
      },
      {
        "t": 2.4,
        "base_height": -0.721638703970593,
        "visible_drop": 1.476638703970593,
        "target_height": 0.6700000166893005,
        "up_z": -0.9309316301523575,
        "both_feet_contact": true,
        "foot_slip_distance": 0.7946468051975328,
        "support_margin": -0.07999336946290769,
        "vertical_velocity": -0.3389704063900101,
        "reference_error": 0.010366379114945404,
        "height_error": 1.936658328839905
      },
      {
        "t": 2.6,
        "base_height": -0.7388822890460841,
        "visible_drop": 1.493882289046084,
        "target_height": 0.6700000166893005,
        "up_z": -0.9944648460690881,
        "both_feet_contact": true,
        "foot_slip_distance": 0.7938038288368672,
        "support_margin": -0.006176875693214012,
        "vertical_velocity": 0.22624958550193086,
        "reference_error": 0.01248801896758909,
        "height_error": 1.9849493514142542
      },
      {
        "t": 2.8,
        "base_height": -0.6485749750821057,
        "visible_drop": 1.4035749750821056,
        "target_height": 0.6700000166893005,
        "up_z": -0.8655225859272063,
        "both_feet_contact": true,