{
  "attempt": "rowmajor-ablation",
  "variant": {
    "seconds": 6.0,
    "attempt": "rowmajor-ablation",
    "init_mode": "upstream_motion",
    "anchor_index": 0,
    "ori_order": "row_major",
    "vel_source": "upstream_raw",
    "control_mode": "position",
    "action_step": 1.0
  },
  "start_height": 0.810932993888855,
  "min_height": -625.5211506893187,
  "visible_drop": 626.3320836832075,
  "fell_at": 0.58,
  "final_height": 0.7703561077454918,
  "return_to_stand": true,
  "foot_contact_ratio": 0.07666666666666666,
  "foot_slip_distance": 4.866745210837943,
  "min_support_margin": -0.32325935386636045,
  "max_joint_limit_violation": 28744.653030321602,
  "max_knee_delta_rad": 885.5382345001357,
  "max_hip_pitch_delta_rad": 5529.811054115177,
  "action_min": -133480.8125,
  "action_max": 118367.234375,
  "obs_abs_max": 5800519.0,
  "first_obs80": [
    -0.010680999606847763,
    0.1911800056695938,
    0.04810100048780441,
    0.1289830058813095,
    -0.07358700037002563,
    -0.09355799853801727,
    0.02390800043940544,
    -0.04573500156402588,
    -0.14741599559783936,
    0.15351800620555878,
    -0.04085199907422066,
    0.09421999752521515,
    0.04326299950480461,
    0.08253800123929977,
    -0.05077899992465973,
    -0.0350940003991127,
    0.1971379965543747,
    -0.36746400594711304,
    0.9631109833717346,
    -0.22308999300003052,
    0.09718400239944458,
    0.10523399710655212,
    -0.1067039966583252,
    -0.42543599009513855,
    0.5734019875526428,
    1.325984001159668,
    0.28869500756263733,
    0.1454859972000122,
    -0.08019900321960449,
    -0.20033998787403107,
    0.03551959618926048,
    -0.005040093790739775,
    -0.12012004107236862,
    0.13679979741573334,
    -0.10212018340826035,
    -0.16830000281333923,
    0.04620015248656273,
    0.03923982009291649,
    -0.20070074498653412,
    0.16595987975597382,
    0.12774018943309784,
    -0.09899988025426865,
    0.09588002413511276,
    -0.1005600318312645,
    -0.2712600529193878,
    -0.35849955677986145,
    0.44729945063591003,
    -0.20381926000118256,
    0.1391395777463913,
    -0.5386800765991211,
    -0.19043995440006256,
    -0.4651799499988556,
    0.0653386041522026,
    0.3052818477153778,
    0.7069229483604431,
    0.14694033563137054,
    -0.49721983075141907,
    0.12834011018276215,
    0.0,
    0.0,
    0.0,
    1.000000238418579,
    5.25283094798823e-10,
    5.25283094798823e-10,
    1.000000238418579,
    -7.974378490871459e-09,
    1.2865921661386892e-08,
    0.00917359534651041,
    0.018420768901705742,
    0.999788224697113,
    0.0,
    0.0,
    0.0,
    -0.010680999606847763,
    0.1911800056695938,
    0.04810100048780441,
    0.1289830058813095,
    -0.07358700037002563,
    -0.09355799853801727,
    0.02390800043940544
  ],
  "first_action29": [
    0.35082176327705383,
    0.2996308207511902,
    0.01999433897435665,
    -0.7437698841094971,
    0.15538924932479858,
    0.054973818361759186,
    0.08731922507286072,
    -0.008128628134727478,
    -0.0881623774766922,
    -1.1402100324630737,
    0.11425946652889252,
    0.04872198402881622,
    0.05175640434026718,
    0.008253179490566254,
    -0.014632228761911392,
    -0.40537649393081665,
    0.053774647414684296,
    -0.641834020614624,
    0.6527014970779419,
    -0.37368735671043396,
    -0.4497097432613373,
    -0.1589161455631256,
    -0.35221052169799805,
    -0.5127611756324768,
    1.0516293048858643,
    1.4609709978103638,
    0.28070396184921265,
    0.32777389883995056,
    0.2460159957408905
  ],
  "samples": [
    {
      "t": 0.0,
      "frame": 0,
      "height": 0.8085253861397698,
      "visible_drop": 0.0024076077490852166,
      "both_feet_contact": false,
      "foot_slip_distance": 0.004666682187327069,
      "support_margin": 0.06760353912947568,
      "knee_delta": 0.07305412947049537,
      "hip_delta": 0.11626141107485394,
      "up_z": 0.9939780557161253,
      "action_min": -1.1402100324630737,
      "action_max": 1.4609709978103638
    },
    {
      "t": 0.2,
      "frame": 12,
      "height": 0.6060895776918453,
      "visible_drop": 0.20484341619700963,
      "both_feet_contact": false,
      "foot_slip_distance": 0.20058681951125124,
      "support_margin": 0.0303605539394425,
      "knee_delta": 2.9143393231132686,
      "hip_delta": 0.8192123285409908,
      "up_z": 0.8028963352758955,
      "action_min": -4.189352512359619,
      "action_max": 5.35381555557251
    },
    {
      "t": 0.4,
      "frame": 24,
      "height": 0.727103151028724,
      "visible_drop": 0.08382984286013095,
      "both_feet_contact": false,
      "foot_slip_distance": 0.5748354272685843,
      "support_margin": 0.2822006319536542,
      "knee_delta": 2.9143393231132686,
      "hip_delta": 2.193037959279275,
      "up_z": 0.8947315553462077,
      "action_min": -4.088711738586426,
      "action_max": 5.261824607849121
    },
    {
      "t": 0.6,
      "frame": 36,
      "height": 0.35811019265552146,
      "visible_drop": 0.4528228012333335,
      "both_feet_contact": false,
      "foot_slip_distance": 0.4129619159494027,
      "support_margin": 0.0162897296096157,
      "knee_delta": 2.9143393231132686,
      "hip_delta": 2.193037959279275,
      "up_z": 0.7430853787959832,
      "action_min": -6.824952602386475,
      "action_max": 8.077553749084473
    },
    {
      "t": 0.8,
      "frame": 48,
      "height": 0.019415693167492223,
      "visible_drop": 0.7915173007213627,
      "both_feet_contact": true,
      "foot_slip_distance": 0.47923111099460963,
      "support_margin": 0.035032642288883975,
      "knee_delta": 2.9143393231132686,
      "hip_delta": 2.193037959279275,
      "up_z": 0.36744328731071535,
      "action_min": -4.370425701141357,
      "action_max": 7.717632293701172
    },
    {
      "t": 1.0,
      "frame": 60,
      "height": 0.6889837793984342,
      "visible_drop": 0.12194921449042073,
      "both_feet_contact": false,
      "foot_slip_distance": 0.32723877019959047,
      "support_margin": -0.21861332509622938,
      "knee_delta": 2.9143393231132686,
      "hip_delta": 7.21031502393881,
      "up_z": 0.8808409439491351,
      "action_min": -14.799814224243164,
      "action_max": 15.713080406188965
    },
    {
      "t": 1.2,
      "frame": 72,
      "height": 0.7932555560973554,
      "visible_drop": 0.01767743779149955,
      "both_feet_contact": true,
      "foot_slip_distance": 0.2859098717196504,
      "support_margin": 0.07034495589270957,
      "knee_delta": 783.9552120348063,
      "hip_delta": 1918.6442894453255,
      "up_z": 0.9999996389716842,
      "action_min": -64330.125,
      "action_max": 45720.55078125
    },
    {
      "t": 1.4,
      "frame": 84,
      "height": 0.6101285321556996,
      "visible_drop": 0.20080446173315536,
      "both_feet_contact": false,
      "foot_slip_distance": 0.27237769688358615,
      "support_margin": -0.0973428193168183,
      "knee_delta": 783.9552120348063,
      "hip_delta": 1918.6442894453255,
      "up_z": 0.9269909130665146,
      "action_min": -11.06104850769043,
      "action_max": 8.65694522857666
    },
    {
      "t": 1.6,
      "frame": 96,
      "height": 0.25076664137096355,
      "visible_drop": 0.5601663525178915,
      "both_feet_contact": false,
      "foot_slip_distance": 0.4142821376624472,
      "support_margin": 0.13489283660840432,
      "knee_delta": 783.9552120348063,
      "hip_delta": 1918.6442894453255,
      "up_z": -0.3789726576632551,
      "action_min": -7.041153430938721,
      "action_max": 7.635967254638672
    },
    {
      "t": 1.8,
      "frame": 108,
      "height": 0.7288331472353213,
      "visible_drop": 0.08209984665353365,
      "both_feet_contact": false,
      "foot_slip_distance": 0.3222116151526037,
      "support_margin": -0.13075866309971235,
      "knee_delta": 783.9552120348063,
      "hip_delta": 1918.6442894453255,
      "up_z": 0.7341193825038224,
      "action_min": -9.949600219726562,