{
  "start_height": 0.755,
  "min_height": 0.7266992661053417,
  "visible_drop": 0.02830073389465826,
  "first_visible_at": null,
  "max_knee_delta_rad": 0.549072397531154,
  "max_hip_pitch_delta_rad": 0.35525702072120297,
  "fell_at": null,
  "final_height": 0.7308157277506651,
  "return_to_stand": false,
  "foot_contact_ratio": 0.48,
  "foot_slip_distance": 3.0888447705899664,
  "min_support_margin": -0.0020539631255134805,
  "first_support_breach_at": null,
  "first_slip_breach_at": 1.08,
  "max_joint_limit_violation": 0.011844845818742122,
  "samples": [
    {
      "t": 0.0,
      "height": 0.7541381697654601,
      "visible_drop": 0.0008618302345398954,
      "knee_delta": 0.020424404292636367,
      "hip_delta": 0.014744262342454184,
      "command": [
        0.0,
        0.14666666090488434,
        0.0
      ],
      "support_margin": 0.08653642397730092,
      "both_feet_contact": true,
      "foot_slip_distance": 0.00010142494696745326,
      "up_z": 0.9999947222214676,
      "action_norm": 1.4209569692611694
    },
    {
      "t": 0.2,
      "height": 0.7516755329124465,
      "visible_drop": 0.0033244670875535176,
      "knee_delta": 0.0641215344897278,
      "hip_delta": 0.009758750098035951,
      "command": [
        0.06666666269302368,
        0.21333332359790802,
        0.0
      ],
      "support_margin": 0.08967398846760201,
      "both_feet_contact": true,
      "foot_slip_distance": 0.0006411288241551332,
      "up_z": 0.9997223214511788,
      "action_norm": 0.8818010091781616
    },
    {
      "t": 0.4,
      "height": 0.7522000874337069,
      "visible_drop": 0.0027999125662930835,
      "knee_delta": 0.05850735214461078,
      "hip_delta": 0.01549646248774822,
      "command": [
        0.13333332538604736,
        0.2800000011920929,
        0.0
      ],
      "support_margin": 0.08234194321916471,
      "both_feet_contact": true,
      "foot_slip_distance": 0.001286937828209476,
      "up_z": 0.9999589327755458,
      "action_norm": 0.9179437160491943
    },
    {
      "t": 0.6,
      "height": 0.7531589405633047,
      "visible_drop": 0.0018410594366953248,
      "knee_delta": 0.05746325789297191,
      "hip_delta": 0.03621895320453972,
      "command": [
        0.19999998807907104,
        0.3466666638851166,
        0.0
      ],
      "support_margin": 0.06637652473651005,
      "both_feet_contact": true,
      "foot_slip_distance": 0.0020224596128147008,
      "up_z": 0.9986336014436239,
      "action_norm": 1.1587245464324951
    },
    {
      "t": 0.8,
      "height": 0.7498920440135989,
      "visible_drop": 0.005107955986401125,
      "knee_delta": 0.08815653559628267,
      "hip_delta": 0.09901983025745859,
      "command": [
        0.2666666507720947,
        0.41333332657814026,
        0.0
      ],
      "support_margin": 0.04210814561138633,
      "both_feet_contact": true,
      "foot_slip_distance": 0.0026802418990028052,
      "up_z": 0.9902819216043058,
      "action_norm": 1.404392957687378
    },
    {
      "t": 1.0,
      "height": 0.7384303785682054,
      "visible_drop": 0.016569621431794634,
      "knee_delta": 0.2041110995530646,
      "hip_delta": 0.0994107247178595,
      "command": [
        0.3333333432674408,
        0.47999998927116394,
        0.0
      ],
      "support_margin": 0.002454816111456315,
      "both_feet_contact": true,
      "foot_slip_distance": 0.010878434467116734,
      "up_z": 0.9865209248790245,
      "action_norm": 2.054516553878784
    },
    {
      "t": 1.2,
      "height": 0.7469771309513084,
      "visible_drop": 0.00802286904869165,
      "knee_delta": 0.3352450738180981,
      "hip_delta": 0.21402956363976983,
      "command": [
        0.3999999761581421,
        0.54666668176651,
        0.0
      ],
      "support_margin": 0.11655906067121202,
      "both_feet_contact": false,
      "foot_slip_distance": 0.25931703709250825,
      "up_z": 0.9938728452729425,
      "action_norm": 1.9382030963897705
    },
    {
      "t": 1.4,
      "height": 0.7672613911947582,
      "visible_drop": -0.01226139119475822,
      "knee_delta": 0.21155328426146247,
      "hip_delta": 0.1954454527813812,
      "command": [
        0.46666666865348816,
        0.6133332848548889,
        0.0
      ],
      "support_margin": 0.13961237454941583,
      "both_feet_contact": true,
      "foot_slip_distance": 0.503603697728386,
      "up_z": 0.999341736362266,
      "action_norm": 1.406947374343872
    },
    {
      "t": 1.6,
      "height": 0.7486540941808008,
      "visible_drop": 0.006345905819199249,
      "knee_delta": 0.021492430790445605,
      "hip_delta": 0.193790610275774,
      "command": [
        0.5333333015441895,
        0.6800000071525574,
        0.0
      ],
      "support_margin": 0.13051434736730452,
      "both_feet_contact": true,
      "foot_slip_distance": 0.531667704367556,
      "up_z": 0.9996644490565524,
      "action_norm": 1.3940298557281494
    },
    {
      "t": 1.8,
      "height": 0.7469239313058038,
      "visible_drop": 0.008076068694196192,
      "knee_delta": 0.20453718434444434,
      "hip_delta": 0.24644014848095436,
      "command": [
        0.5999999642372131,
        0.746666669845581,
        0.0
      ],
      "support_margin": 0.09631869447943509,
      "both_feet_contact": false,
      "foot_slip_distance": 0.5323448000954616,
      "up_z": 0.9935743591115344,
      "action_norm": 1.4936312437057495
    },
    {
      "t": 2.0,
      "height": 0.7483766241217336,
      "visible_drop": 0.0066233758782664465,
      "knee_delta": 0.37172210316214516,
      "hip_delta": 0.1736405270057369,
      "command": [
        0.6666666865348816,
        0.8133333325386047,
        0.0
      ],
      "support_margin": 0.07501666936683771,
      "both_feet_contact": false,
      "foot_slip_distance": 0.5552831533579715,
      "up_z": 0.9954967302627749,
      "action_norm": 2.0139496326446533
    },
    {
      "t": 2.2,
      "height": 0.7417607649879304,
      "visible_drop": 0.013239235012069583,
      "knee_delta": 0.3633224207038839,
      "hip_delta": 0.06212184926210146,
      "command": [
        0.7333333492279053,
        0.8799999356269836,
        0.0
      ],
      "support_margin": 0.08187140130815618,
      "both_feet_contact": false,
      "foot_slip_distance": 0.6871201575941357,
      "up_z": 0.9943436995659699,
      "action_norm": 1.782381296157837
    },
    {
      "t": 2.4,
      "height": 0.746254484218071,
      "visible_drop": 0.008745515781929059,
      "knee_delta": 0.39670474837303327,
      "hip_delta": 0.1836011236462683,
      "command": [
        0.7999999523162842,
        0.9466666579246521,
        0.0
      ],
      "support_margin": 0.13689694911542116,
      "both_feet_contact": false,
      "foot_slip_distance": 0.882399765826708,
      "up_z": 0.9918757995939576,
      "action_norm": 2.210275888442993
    },
    {
      "t": 2.6,
      "height": 0.7351675671323099,
      "visible_drop": 0.019832432867690097,
      "knee_delta": 0.24032332527027633,
      "hip_delta": 0.2236503116186302,
      "command": [
        0.8666666150093079,
        1.0,
        0.0
      ],
      "support_margin": 0.14603755670603757,
      "both_feet_contact": false,
      "foot_slip_distance": 1.122687474327108,
      "up_z": 0.9932812519070038,
      "action_norm": 1.7846648693084717
    },
    {
      "t": 2.8,
      "height": 0.749008222245926,
      "visible_drop": 0.005991777754074001,
      "knee_delta": 0.1338018840990416,
      "hip_delta": 0.24471950243108043,
      "command": [
        0.9333333373069763,
        1.0,
        0.0
      ],
      "support_margin": 0.08810300031153218,
      "both_feet_contact": true,
      "foot_slip_distance": 1.4224950345667116,
      "up_z": 0.99769831699042,
      "action_norm": 1.448520302772522
    },
    {
      "t": 3.0,
      "height": 0.7616380720198295,
      "visible_drop": -0.006638072019829466,
      "knee_delta": 0.395996876626739,