{
  "start_height": 0.755,
  "min_height": 0.734312803104397,
  "visible_drop": 0.020687196895603055,
  "first_visible_at": null,
  "max_knee_delta_rad": 0.48392883079153703,
  "max_hip_pitch_delta_rad": 0.33931009538253315,
  "fell_at": null,
  "final_height": 0.7378542952325756,
  "return_to_stand": false,
  "foot_contact_ratio": 0.42,
  "foot_slip_distance": 3.219200760268922,
  "min_support_margin": 0.010382068269921621,
  "first_support_breach_at": null,
  "first_slip_breach_at": 0.96,
  "max_joint_limit_violation": 0.010716215833771525,
  "samples": [
    {
      "t": 0.0,
      "height": 0.7544305683453174,
      "visible_drop": 0.000569431654682595,
      "knee_delta": 0.017487411609996895,
      "hip_delta": 0.012905783023135109,
      "command": [
        0.0,
        0.21333332359790802,
        0.0
      ],
      "support_margin": 0.08655939419353424,
      "both_feet_contact": true,
      "foot_slip_distance": 0.0003744222468760432,
      "up_z": 0.9999967542049576,
      "action_norm": 1.4980833530426025
    },
    {
      "t": 0.2,
      "height": 0.7525929936578603,
      "visible_drop": 0.0024070063421397503,
      "knee_delta": 0.05228934958472253,
      "hip_delta": 0.012555621669904038,
      "command": [
        0.06666666269302368,
        0.2800000011920929,
        0.0
      ],
      "support_margin": 0.08993126390975364,
      "both_feet_contact": true,
      "foot_slip_distance": 0.0006446969018944464,
      "up_z": 0.9998029960929883,
      "action_norm": 0.9019879698753357
    },
    {
      "t": 0.4,
      "height": 0.7532617563421122,
      "visible_drop": 0.0017382436578877725,
      "knee_delta": 0.0530052785679872,
      "hip_delta": 0.014754203191268633,
      "command": [
        0.13333332538604736,
        0.3466666638851166,
        0.0
      ],
      "support_margin": 0.07967871842145066,
      "both_feet_contact": true,
      "foot_slip_distance": 0.0013206845478382688,
      "up_z": 0.9999150302117191,
      "action_norm": 0.9851762056350708
    },
    {
      "t": 0.6,
      "height": 0.7528380934329033,
      "visible_drop": 0.002161906567096694,
      "knee_delta": 0.06370191172220241,
      "hip_delta": 0.06670121470105511,
      "command": [
        0.19999998807907104,
        0.41333332657814026,
        0.0
      ],
      "support_margin": 0.06156802003801767,
      "both_feet_contact": true,
      "foot_slip_distance": 0.0019190302986856775,
      "up_z": 0.9963978632803265,
      "action_norm": 1.2536048889160156
    },
    {
      "t": 0.8,
      "height": 0.7456857180019472,
      "visible_drop": 0.009314281998052842,
      "knee_delta": 0.12075684507888429,
      "hip_delta": 0.12847450220363954,
      "command": [
        0.2666666507720947,
        0.47999998927116394,
        0.0
      ],
      "support_margin": 0.03453947339637212,
      "both_feet_contact": true,
      "foot_slip_distance": 0.002158989672055474,
      "up_z": 0.9859385692516626,
      "action_norm": 1.5012081861495972
    },
    {
      "t": 1.0,
      "height": 0.748070475856247,
      "visible_drop": 0.00692952414375303,
      "knee_delta": 0.13984715608803155,
      "hip_delta": 0.19024959751810927,
      "command": [
        0.3333333432674408,
        0.54666668176651,
        0.0
      ],
      "support_margin": 0.09128887220294535,
      "both_feet_contact": false,
      "foot_slip_distance": 0.16152341121087985,
      "up_z": 0.9954194906198025,
      "action_norm": 1.352203130722046
    },
    {
      "t": 1.2,
      "height": 0.768569082583829,
      "visible_drop": -0.01356908258382905,
      "knee_delta": 0.32206192392597877,
      "hip_delta": 0.12056806034007905,
      "command": [
        0.3999999761581421,
        0.6133332848548889,
        0.0
      ],
      "support_margin": 0.10672539741295212,
      "both_feet_contact": false,
      "foot_slip_distance": 0.2325257899243591,
      "up_z": 0.9992134970484444,
      "action_norm": 1.6324135065078735
    },
    {
      "t": 1.4,
      "height": 0.7505639122306212,
      "visible_drop": 0.00443608776937876,
      "knee_delta": 0.1252152066193828,
      "hip_delta": 0.21890325532686966,
      "command": [
        0.46666666865348816,
        0.6800000071525574,
        0.0
      ],
      "support_margin": 0.15116665665553203,
      "both_feet_contact": false,
      "foot_slip_distance": 0.47190796912858646,
      "up_z": 0.9989733753566233,
      "action_norm": 1.6138849258422852
    },
    {
      "t": 1.6,
      "height": 0.7609975157472303,
      "visible_drop": -0.0059975157472302865,
      "knee_delta": 0.30678369982541664,
      "hip_delta": 0.1721706352253864,
      "command": [
        0.5333333015441895,
        0.746666669845581,
        0.0
      ],
      "support_margin": 0.1273832862195789,
      "both_feet_contact": false,
      "foot_slip_distance": 0.44866565341511394,
      "up_z": 0.9998693832655026,
      "action_norm": 1.8107527494430542
    },
    {
      "t": 1.8,
      "height": 0.7525016504194895,
      "visible_drop": 0.0024983495805105393,
      "knee_delta": 0.08738986807175919,
      "hip_delta": 0.26907501073986967,
      "command": [
        0.5999999642372131,
        0.8133333325386047,
        0.0
      ],
      "support_margin": 0.15914624362230967,
      "both_feet_contact": false,
      "foot_slip_distance": 0.6255264997278955,
      "up_z": 0.9899614188281917,
      "action_norm": 1.5736202001571655
    },
    {
      "t": 2.0,
      "height": 0.7600630781906539,
      "visible_drop": -0.00506307819065388,
      "knee_delta": 0.1691245040737402,
      "hip_delta": 0.1690590229072681,
      "command": [
        0.6666666865348816,
        0.8799999356269836,
        0.0
      ],
      "support_margin": 0.12088078832344867,
      "both_feet_contact": false,
      "foot_slip_distance": 0.7235520789263483,
      "up_z": 0.9962613729800608,
      "action_norm": 2.017073392868042
    },
    {
      "t": 2.2,
      "height": 0.7610598975686355,
      "visible_drop": -0.006059897568635453,
      "knee_delta": 0.22939240345768985,
      "hip_delta": 0.13584668191700572,
      "command": [
        0.7333333492279053,
        0.9466666579246521,
        0.0
      ],
      "support_margin": 0.11772388594341365,
      "both_feet_contact": false,
      "foot_slip_distance": 0.838849074933627,
      "up_z": 0.9987211787525839,
      "action_norm": 1.8561753034591675
    },
    {
      "t": 2.4,
      "height": 0.747473766614118,
      "visible_drop": 0.007526233385881986,
      "knee_delta": 0.41208085463582456,
      "hip_delta": 0.06135644561113868,
      "command": [
        0.7999999523162842,
        1.0,
        0.0
      ],
      "support_margin": 0.11175250222290489,
      "both_feet_contact": false,
      "foot_slip_distance": 0.9585621482030932,
      "up_z": 0.997325913706338,
      "action_norm": 1.890012502670288
    },
    {
      "t": 2.6,
      "height": 0.7506328326524417,
      "visible_drop": 0.004367167347558265,
      "knee_delta": 0.4159058452267528,
      "hip_delta": 0.11536113614551102,
      "command": [
        0.8666666150093079,
        1.0,
        0.0
      ],
      "support_margin": 0.10336490809760612,
      "both_feet_contact": false,
      "foot_slip_distance": 1.0896461718817407,
      "up_z": 0.9965056937678186,
      "action_norm": 2.153233051300049
    },
    {
      "t": 2.8,
      "height": 0.7354575581100251,
      "visible_drop": 0.019542441889974893,
      "knee_delta": 0.26268751286504477,
      "hip_delta": 0.18781686099075207,
      "command": [
        0.9333333373069763,
        0.9500000476837158,
        0.0
      ],
      "support_margin": 0.13057805742414352,
      "both_feet_contact": false,
      "foot_slip_distance": 1.3496884454057234,
      "up_z": 0.993284503902505,
      "action_norm": 1.497067928314209
    },
    {
      "t": 3.0,
      "height": 0.7497373103442857,
      "visible_drop": 0.005262689655714303,
      "knee_delta": 0.1569558965351453,