{
  "attempt": "baseline-gain1p0",
  "drop": 0.08,
  "max_blend": 0.38,
  "policy_weight": 1.0,
  "adapt_gain": 0.11,
  "support_floor": -0.005,
  "slip_limit": 0.08,
  "ik": {
    "drop": 0.08,
    "start_height": 0.755,
    "target_height": 0.675,
    "success": true,
    "cost": 0.07527746714403195,
    "nfev": 6,
    "rms_foot_error": 0.0006108590297431658,
    "max_foot_error": 0.0006108590424735445,
    "lower_body_target": [
      -0.575114476925352,
      -0.0003914080673100065,
      -0.00037249026131839743,
      1.2168642879959017,
      -0.35307724934194473,
      -1.8902048011641678e-17,
      -0.5751144768987575,
      0.0003914087744053887,
      0.0003724908824383186,
      1.2168642877780107,
      -0.3530772461397548,
      2.482051673038081e-17,
      0.0,
      0.0,
      0.073
    ]
  },
  "start_height": 0.755,
  "min_height": -0.7503672974420303,
  "visible_drop": 1.5053672974420302,
  "first_visible_at": 4.38,
  "fell_at": 4.54,
  "final_height": -0.7256723533029515,
  "return_to_stand": false,
  "foot_contact_ratio": 0.81,
  "foot_slip_distance": 0.9087533630728846,
  "min_support_margin": -0.5698696702270853,
  "first_support_breach_at": 3.5,
  "first_slip_breach_at": 4.58,
  "max_joint_limit_violation": 0.04685242618513952,
  "max_knee_delta_rad": 0.6140796865585676,
  "max_hip_pitch_delta_rad": 0.550294746494578,
  "max_blend_observed": 0.3055891855668967,
  "pass_gate": false,
  "samples": [
    {
      "t": 0.0,
      "height": 0.755,
      "visible_drop": 0.0,
      "desired_blend": 0.0,
      "blend_state": 0.0,
      "health": 1.0,
      "support_margin": 0.08631053913643147,
      "both_feet_contact": true,
      "foot_slip_distance": 0.0,
      "vertical_velocity": 0.0,
      "up_z": 1.0
    },
    {
      "t": 0.2,
      "height": 0.75149265988049,
      "visible_drop": 0.0035073401195100384,
      "desired_blend": 0.029230769230769234,
      "blend_state": 0.021895331331011698,
      "health": 0.9930877218164493,
      "support_margin": 0.0864966909411646,
      "both_feet_contact": true,
      "foot_slip_distance": 0.0005529822546840522,
      "vertical_velocity": -0.01771057809923926,
      "up_z": 0.9996851535141245
    },
    {
      "t": 0.4,
      "height": 0.7490247486039682,
      "visible_drop": 0.005975251396031833,
      "desired_blend": 0.05846153846153847,
      "blend_state": 0.04367748789528873,
      "health": 0.9873465462558029,
      "support_margin": 0.08242478815325273,
      "both_feet_contact": true,
      "foot_slip_distance": 0.0010122762995357685,
      "vertical_velocity": -0.01101468906861136,
      "up_z": 0.9993755958684553
    },
    {
      "t": 0.6,
      "height": 0.7469752589998869,
      "visible_drop": 0.008024741000113078,
      "desired_blend": 0.0876923076923077,
      "blend_state": 0.06532253949507667,
      "health": 0.9810551859644474,
      "support_margin": 0.07778949891503155,
      "both_feet_contact": true,
      "foot_slip_distance": 0.0015155851228442064,
      "vertical_velocity": -0.009198065010945777,
      "up_z": 0.999263860524697
    },
    {
      "t": 0.8,
      "height": 0.7453977578515673,
      "visible_drop": 0.00960224214843275,
      "desired_blend": 0.11692307692307694,
      "blend_state": 0.08683468848096576,
      "health": 0.9752489765376091,
      "support_margin": 0.07402125492472723,
      "both_feet_contact": true,
      "foot_slip_distance": 0.0019800818769912724,
      "vertical_velocity": -0.007238417880206516,
      "up_z": 0.9991902207849852
    },
    {
      "t": 1.0,
      "height": 0.7439204592733544,
      "visible_drop": 0.011079540726645631,
      "desired_blend": 0.14615384615384613,
      "blend_state": 0.10822193215991346,
      "health": 0.9696222393434374,
      "support_margin": 0.0709986319188732,
      "both_feet_contact": true,
      "foot_slip_distance": 0.002430220852525006,
      "vertical_velocity": -0.007582466060090942,
      "up_z": 0.9991495935808415
    },
    {
      "t": 1.2,
      "height": 0.7424437260735788,
      "visible_drop": 0.012556273926421224,
      "desired_blend": 0.1753846153846154,
      "blend_state": 0.12948761938181727,
      "health": 0.9642188232998258,
      "support_margin": 0.06838440351015984,
      "both_feet_contact": true,
      "foot_slip_distance": 0.0028624941360139346,
      "vertical_velocity": -0.007165315227886104,
      "up_z": 0.9991401275162627
    },
    {
      "t": 1.4,
      "height": 0.7409805997871991,
      "visible_drop": 0.014019400212800903,
      "desired_blend": 0.20461538461538464,
      "blend_state": 0.1506382986484539,
      "health": 0.9591218918207741,
      "support_margin": 0.06587793922903465,
      "both_feet_contact": true,
      "foot_slip_distance": 0.003270248654338073,
      "vertical_velocity": -0.007590502845161717,
      "up_z": 0.9991213598163707
    },
    {
      "t": 1.6,
      "height": 0.7394004724048627,
      "visible_drop": 0.015599527595137275,
      "desired_blend": 0.23384615384615387,
      "blend_state": 0.1716796990403255,
      "health": 0.9542545703982748,
      "support_margin": 0.06319300460346078,
      "both_feet_contact": true,
      "foot_slip_distance": 0.0036596343681380146,
      "vertical_velocity": -0.008084969676619425,
      "up_z": 0.9990860852950817
    },
    {
      "t": 1.8,
      "height": 0.7377286049332547,
      "visible_drop": 0.017271395066745354,
      "desired_blend": 0.2630769230769231,
      "blend_state": 0.19261628090722102,
      "health": 0.9495598674249318,
      "support_margin": 0.060192227974080525,
      "both_feet_contact": true,
      "foot_slip_distance": 0.004035210606005453,
      "vertical_velocity": -0.008596181901104893,
      "up_z": 0.9990285692223404
    },
    {
      "t": 2.0,
      "height": 0.7359606378864025,
      "visible_drop": 0.01903936211359747,
      "desired_blend": 0.29230769230769227,
      "blend_state": 0.2134506707484821,
      "health": 0.9449392066387904,
      "support_margin": 0.05679435139851849,
      "both_feet_contact": true,
      "foot_slip_distance": 0.004404863468896769,
      "vertical_velocity": -0.009083684436062,
      "up_z": 0.9989363127268425
    },
    {
      "t": 2.2,
      "height": 0.7340796511015774,
      "visible_drop": 0.020920348898422647,
      "desired_blend": 0.32153846153846155,
      "blend_state": 0.23418271789147754,
      "health": 0.9401998164385922,
      "support_margin": 0.05295416188147089,
      "both_feet_contact": true,
      "foot_slip_distance": 0.004784014684912622,
      "vertical_velocity": -0.009813811951558948,
      "up_z": 0.9987935320479479
    },
    {
      "t": 2.4,
      "height": 0.732840851708274,
      "visible_drop": 0.02215914829172605,
      "desired_blend": 0.3507692307692308,
      "blend_state": 0.2548010317910342,
      "health": 0.9348066406910136,
      "support_margin": 0.04822026620790468,
      "both_feet_contact": true,
      "foot_slip_distance": 0.005215468744718915,
      "vertical_velocity": -0.0020888654159278985,
      "up_z": 0.998629085087545
    },
    {
      "t": 2.6,
      "height": 0.7308421891543362,
      "visible_drop": 0.02415781084566382,
      "desired_blend": 0.38,
      "blend_state": 0.2752840600053707,
      "health": 0.9280006864702218,
      "support_margin": 0.04171703372764727,
      "both_feet_contact": true,
      "foot_slip_distance": 0.0057599450823822545,
      "vertical_velocity": -0.016259969057697,
      "up_z": 0.9981457438039802
    },
    {
      "t": 2.8,
      "height": 0.7284143487752965,
      "visible_drop": 0.026585651224703466,
      "desired_blend": 0.38,
      "blend_state": 0.29444609661055043,
      "health": 0.796645653722366,
      "support_margin": 0.03392061287077243,
      "both_feet_contact": true,
      "foot_slip_distance": 0.006313484247464276,
      "vertical_velocity": -0.015771559180521866,
      "up_z": 0.9973726306128022
    },
    {
      "t": 3.0,
      "height": 0.7259079568944939,
      "visible_drop": 0.02909204310550606,