{
  "attempt": "fixed-0p25",
  "mode": "fixed",
  "drop": 0.08,
  "max_blend": 0.25,
  "policy_weight": 1.0,
  "support_lo": 0.0,
  "support_hi": 0.05,
  "velocity_lo": -0.45,
  "velocity_hi": -0.1,
  "ik": {
    "drop": 0.08,
    "start_height": 0.755,
    "target_height": 0.675,
    "success": true,
    "cost": 0.07527746714403195,
    "nfev": 6,
    "rms_foot_error": 0.0006108590297431658,
    "max_foot_error": 0.0006108590424735445,
    "lower_body_target": [
      -0.575114476925352,
      -0.0003914080673100065,
      -0.00037249026131839743,
      1.2168642879959017,
      -0.35307724934194473,
      -1.8902048011641678e-17,
      -0.5751144768987575,
      0.0003914087744053887,
      0.0003724908824383186,
      1.2168642877780107,
      -0.3530772461397548,
      2.482051673038081e-17,
      0.0,
      0.0,
      0.073
    ]
  },
  "start_height": 0.755,
  "min_height": 0.7325539203759245,
  "visible_drop": 0.02244607962407552,
  "first_visible_at": null,
  "fell_at": null,
  "final_height": 0.749428592257027,
  "return_to_stand": true,
  "foot_contact_ratio": 1.0,
  "foot_slip_distance": 0.013342127763561832,
  "min_support_margin": 0.022663380660919125,
  "first_support_breach_at": null,
  "max_downward_velocity": -0.039663726320710024,
  "max_joint_limit_violation": 0.0,
  "max_desired_blend": 0.25,
  "max_effective_blend": 0.25,
  "min_blend_factor": 1.0,
  "pass_gate": false,
  "verdict": "DEPTH_PENDING",
  "samples": [
    {
      "t": 0.0,
      "base_height": 0.755,
      "visible_drop": 0.0,
      "vertical_velocity": 0.0,
      "up_z": 1.0,
      "both_feet_contact": true,
      "foot_slip_distance": 0.0,
      "support_margin": 0.08631053913643147,
      "desired_blend": 0.0,
      "effective_blend": 0.0,
      "support_factor": 1.0,
      "velocity_factor": 1.0,
      "blend_factor": 1.0
    },
    {
      "t": 0.2,
      "base_height": 0.7534002246026585,
      "visible_drop": 0.001599775397341463,
      "vertical_velocity": -0.014560602265073497,
      "up_z": 0.9997735102568239,
      "both_feet_contact": true,
      "foot_slip_distance": 0.0005544366082952697,
      "support_margin": 0.08620286148954022,
      "desired_blend": 0.016666666666666666,
      "effective_blend": 0.016666666666666666,
      "support_factor": 1.0,
      "velocity_factor": 1.0,
      "blend_factor": 1.0
    },
    {
      "t": 0.4,
      "base_height": 0.7510671241486717,
      "visible_drop": 0.003932875851328288,
      "vertical_velocity": -0.011017377289057606,
      "up_z": 0.9994823481067205,
      "both_feet_contact": true,
      "foot_slip_distance": 0.0010163265819071582,
      "support_margin": 0.0819952103683032,
      "desired_blend": 0.03333333333333333,
      "effective_blend": 0.03333333333333333,
      "support_factor": 1.0,
      "velocity_factor": 1.0,
      "blend_factor": 1.0
    },
    {
      "t": 0.6,
      "base_height": 0.7490668564829935,
      "visible_drop": 0.005933143517006467,
      "vertical_velocity": -0.00872289097693102,
      "up_z": 0.9993334691435719,
      "both_feet_contact": true,
      "foot_slip_distance": 0.001494685672135414,
      "support_margin": 0.07727637584886453,
      "desired_blend": 0.049999999999999996,
      "effective_blend": 0.049999999999999996,
      "support_factor": 1.0,
      "velocity_factor": 1.0,
      "blend_factor": 1.0
    },
    {
      "t": 0.8,
      "base_height": 0.7476224421291512,
      "visible_drop": 0.0073775578708488165,
      "vertical_velocity": -0.006445664564852516,
      "up_z": 0.9992390902903903,
      "both_feet_contact": true,
      "foot_slip_distance": 0.0019239774690893677,
      "support_margin": 0.0735508155792602,
      "desired_blend": 0.06666666666666667,
      "effective_blend": 0.06666666666666667,
      "support_factor": 1.0,
      "velocity_factor": 1.0,
      "blend_factor": 1.0
    },
    {
      "t": 1.0,
      "base_height": 0.7463413909163005,
      "visible_drop": 0.008658609083699531,
      "vertical_velocity": -0.006419155423009748,
      "up_z": 0.9991966824514577,
      "both_feet_contact": true,
      "foot_slip_distance": 0.0023484999938217024,
      "support_margin": 0.07076076220931629,
      "desired_blend": 0.08333333333333333,
      "effective_blend": 0.08333333333333333,
      "support_factor": 1.0,
      "velocity_factor": 1.0,
      "blend_factor": 1.0
    },
    {
      "t": 1.2,
      "base_height": 0.7451378192211564,
      "visible_drop": 0.009862180778843599,
      "vertical_velocity": -0.00570786655276212,
      "up_z": 0.9991885839843543,
      "both_feet_contact": true,
      "foot_slip_distance": 0.0027547284940873146,
      "support_margin": 0.0685653103213846,
      "desired_blend": 0.09999999999999999,
      "effective_blend": 0.09999999999999999,
      "support_factor": 1.0,
      "velocity_factor": 1.0,
      "blend_factor": 1.0
    },
    {
      "t": 1.4,
      "base_height": 0.7439625243231685,
      "visible_drop": 0.011037475676831554,
      "vertical_velocity": -0.00610903928880413,
      "up_z": 0.9991754373106223,
      "both_feet_contact": true,
      "foot_slip_distance": 0.003139559043571052,
      "support_margin": 0.06660207039782631,
      "desired_blend": 0.11666666666666668,
      "effective_blend": 0.11666666666666668,
      "support_factor": 1.0,
      "velocity_factor": 1.0,
      "blend_factor": 1.0
    },
    {
      "t": 1.6,
      "base_height": 0.7427022335292366,
      "visible_drop": 0.012297766470763416,
      "vertical_velocity": -0.00643728195671156,
      "up_z": 0.9991504408532387,
      "both_feet_contact": true,
      "foot_slip_distance": 0.0035079484271836815,
      "support_margin": 0.06456185983348746,
      "desired_blend": 0.13333333333333333,
      "effective_blend": 0.13333333333333333,
      "support_factor": 1.0,
      "velocity_factor": 1.0,
      "blend_factor": 1.0
    },
    {
      "t": 1.8,
      "base_height": 0.74139625431301,
      "visible_drop": 0.013603745686989965,
      "vertical_velocity": -0.006738028139724461,
      "up_z": 0.9991089720198822,
      "both_feet_contact": true,
      "foot_slip_distance": 0.003861948861981144,
      "support_margin": 0.06232297787659896,
      "desired_blend": 0.15,
      "effective_blend": 0.15,
      "support_factor": 1.0,
      "velocity_factor": 1.0,
      "blend_factor": 1.0
    },
    {
      "t": 2.0,
      "base_height": 0.740021958926846,
      "visible_drop": 0.014978041073154036,
      "vertical_velocity": -0.006918824012025482,
      "up_z": 0.9990512620758913,
      "both_feet_contact": true,
      "foot_slip_distance": 0.004205700848706194,
      "support_margin": 0.05983520488842108,
      "desired_blend": 0.16666666666666666,
      "effective_blend": 0.16666666666666666,
      "support_factor": 1.0,
      "velocity_factor": 1.0,
      "blend_factor": 1.0
    },
    {
      "t": 2.2,
      "base_height": 0.7386005933506437,
      "visible_drop": 0.01639940664935635,
      "vertical_velocity": -0.006767793223727558,
      "up_z": 0.9989683307387557,
      "both_feet_contact": true,
      "foot_slip_distance": 0.004544608482160697,
      "support_margin": 0.0570833075984649,
      "desired_blend": 0.18333333333333335,
      "effective_blend": 0.18333333333333335,
      "support_factor": 1.0,
      "velocity_factor": 1.0,
      "blend_factor": 1.0
    },
    {
      "t": 2.4,
      "base_height": 0.7380383776550712,
      "visible_drop": 0.016961622344928817,
      "vertical_velocity": 0.007224555002499633,
      "up_z": 0.9988721755514091,
      "both_feet_contact": true,
      "foot_slip_distance": 0.005000705131315937,
      "support_margin": 0.05366235590310213,
      "desired_blend": 0.19999999999999998,
      "effective_blend": 0.19999999999999998,
      "support_factor": 1.0,
      "velocity_factor": 1.0,
      "blend_factor": 1.0
    },
    {
      "t": 2.6,
      "base_height": 0.7366883282665461,
      "visible_drop": 0.018311671733453938,
      "vertical_velocity": -0.006888895775175596,