{
  "attempt": "ref-stage-0p74-resid-0p25",
  "mode": "reference-offset",
  "stage_height": 0.74,
  "reference_gain": 1.0,
  "ramp_s": 0.0,
  "residual_scale": 0.25,
  "params_path": "C:\\Users\\yusun\\projects\\physical-ai\\experiments\\22-g1-squat-depth-finetune\\verify\\train\\params.pkl",
  "seconds": 6.0,
  "start_height": 0.755,
  "min_height": -0.7766388236491125,
  "visible_drop": 1.5316388236491125,
  "first_visible_at": 1.06,
  "fell_at": 1.4,
  "upright_s": 1.4,
  "hold_duration_at_or_below_stage": 5.36,
  "final_height": -0.7544623554641159,
  "return_to_stand": false,
  "foot_contact_ratio": 0.91,
  "foot_slip_distance": 0.9872897500455882,
  "min_support_margin": -0.6301569234706759,
  "first_support_breach_at": 0.8,
  "max_downward_velocity": -4.293094499080399,
  "max_reference_error": 0.17270867427645512,
  "max_height_error": 2.300193350327354,
  "max_joint_limit_violation": 0.036197205260756427,
  "pass_gate": false,
  "verdict": "FAIL_FALL",
  "samples": [
    {
      "t": 0.0,
      "base_height": 0.755,
      "visible_drop": 0.0,
      "target_height": 0.7549999952316284,
      "up_z": 1.0,
      "both_feet_contact": true,
      "foot_slip_distance": 0.0,
      "support_margin": 0.08631053913643147,
      "vertical_velocity": 0.0,
      "reference_error": 1.2614786223382194e-16,
      "height_error": 2.2737367586674853e-17
    },
    {
      "t": 0.2,
      "base_height": 0.7361536694007532,
      "visible_drop": 0.018846330599246786,
      "target_height": 0.7400000095367432,
      "up_z": 0.9984349966411498,
      "both_feet_contact": true,
      "foot_slip_distance": 0.00024908952830586577,
      "support_margin": 0.0851989176496608,
      "vertical_velocity": -0.046178922934886346,
      "reference_error": 0.005292142821580822,
      "height_error": 1.479433244172715e-05
    },
    {
      "t": 0.4,
      "base_height": 0.734220554631914,
      "visible_drop": 0.020779445368085958,
      "target_height": 0.7400000095367432,
      "up_z": 0.9991583460959217,
      "both_feet_contact": true,
      "foot_slip_distance": 0.00036676473333005846,
      "support_margin": 0.07095229694935745,
      "vertical_velocity": -0.008611141715042514,
      "reference_error": 0.005738639804190087,
      "height_error": 3.3402098996953345e-05
    },
    {
      "t": 0.6,
      "base_height": 0.7308738272112201,
      "visible_drop": 0.02412617278877993,
      "target_height": 0.7400000095367432,
      "up_z": 0.9999218006455729,
      "both_feet_contact": true,
      "foot_slip_distance": 0.0005671592455159693,
      "support_margin": 0.04487098311288559,
      "vertical_velocity": -0.02291027514760291,
      "reference_error": 0.007032021593378762,
      "height_error": 8.328720383869006e-05
    },
    {
      "t": 0.8,
      "base_height": 0.7212269386108555,
      "visible_drop": 0.03377306138914449,
      "target_height": 0.7400000095367432,
      "up_z": 0.9952180412826063,
      "both_feet_contact": true,
      "foot_slip_distance": 0.0009815070544363029,
      "support_margin": -0.006238381356349992,
      "vertical_velocity": -0.08235618246539289,
      "reference_error": 0.01225504736455069,
      "height_error": 0.0003524281919884081
    },
    {
      "t": 1.0,
      "base_height": 0.68495587885516,
      "visible_drop": 0.07004412114484004,
      "target_height": 0.7400000095367432,
      "up_z": 0.9675131353960619,
      "both_feet_contact": true,
      "foot_slip_distance": 0.0032582782439387983,
      "support_margin": -0.09699601189732049,
      "vertical_velocity": -0.2687170074937295,
      "reference_error": 0.03267556365266903,
      "height_error": 0.0030298563224912096
    },
    {
      "t": 1.2,
      "base_height": 0.6353372148349287,
      "visible_drop": 0.11966278516507134,
      "target_height": 0.7400000095367432,
      "up_z": 0.8288490514334197,
      "both_feet_contact": true,
      "foot_slip_distance": 0.012934685422069362,
      "support_margin": -0.25276227807422535,
      "vertical_velocity": -0.4168395917098333,
      "reference_error": 0.03122596176887966,
      "height_error": 0.010954300594794169
    },
    {
      "t": 1.4,
      "base_height": 0.4195886356448855,
      "visible_drop": 0.3354113643551145,
      "target_height": 0.7400000095367432,
      "up_z": 0.4961730501539236,
      "both_feet_contact": true,
      "foot_slip_distance": 0.06300622831189699,
      "support_margin": -0.4960953739373224,
      "vertical_velocity": -1.7513165463489437,
      "reference_error": 0.018060707829761435,
      "height_error": 0.1026634485192678
    },
    {
      "t": 1.6,
      "base_height": -0.13665775616875295,
      "visible_drop": 0.891657756168753,
      "target_height": 0.7400000095367432,
      "up_z": -0.21404429771017086,
      "both_feet_contact": false,
      "foot_slip_distance": 0.32603240254009797,
      "support_margin": -0.5546792107716462,
      "vertical_velocity": -3.616731594160992,
      "reference_error": 0.015013237122089256,
      "height_error": 0.7685288381717525
    },
    {
      "t": 1.8,
      "base_height": -0.735123420002003,
      "visible_drop": 1.490123420002003,
      "target_height": 0.7400000095367432,
      "up_z": -0.9998269770232224,
      "both_feet_contact": false,
      "foot_slip_distance": 0.8911923883092169,
      "support_margin": -0.015997323275438013,
      "vertical_velocity": -1.0851208557791536,
      "reference_error": 0.037421681969704454,
      "height_error": 2.1759891323741525
    },
    {
      "t": 2.0,
      "base_height": -0.6620366418961883,
      "visible_drop": 1.4170366418961882,
      "target_height": 0.7400000095367432,
      "up_z": -0.8388687205972132,
      "both_feet_contact": true,
      "foot_slip_distance": 0.9809170797178659,
      "support_margin": -0.17890313276930747,
      "vertical_velocity": 0.9315945625068878,
      "reference_error": 0.01203356613550945,
      "height_error": 1.9657067719612673
    },
    {
      "t": 2.2,
      "base_height": -0.5694596171032703,
      "visible_drop": 1.3244596171032703,
      "target_height": 0.7400000095367432,
      "up_z": -0.6674899204614102,
      "both_feet_contact": false,
      "foot_slip_distance": 0.9064008976517851,
      "support_margin": -0.30851522158842376,
      "vertical_velocity": 0.09767589852632819,
      "reference_error": 0.016144376180049394,
      "height_error": 1.7146845138002038
    },
    {
      "t": 2.4,
      "base_height": -0.6431729973914809,
      "visible_drop": 1.398172997391481,
      "target_height": 0.7400000095367432,
      "up_z": -0.7671113497809057,
      "both_feet_contact": true,
      "foot_slip_distance": 0.7938371135539032,
      "support_margin": -0.21346694712684783,
      "vertical_velocity": -0.6637912216912789,
      "reference_error": 0.014492876291443548,
      "height_error": 1.9131675670948647
    },
    {
      "t": 2.6,
      "base_height": -0.7376458612890215,
      "visible_drop": 1.4926458612890214,
      "target_height": 0.7400000095367432,
      "up_z": -0.9545041026897306,
      "both_feet_contact": true,
      "foot_slip_distance": 0.758011824411776,
      "support_margin": -0.009497210306297466,
      "vertical_velocity": -0.2456948952635596,
      "reference_error": 0.007515645343526767,
      "height_error": 2.1834373195684327
    },
    {
      "t": 2.8,
      "base_height": -0.7276760211179317,
      "visible_drop": 1.4826760211179317,
      "target_height": 0.7400000095367432,
      "up_z": -0.9836894811484912,
      "both_feet_contact": true,
      "foot_slip_distance": 0.7580713739189958,
      "support_margin": -0.046347195358972804,
      "vertical_velocity": 0.32642605658235735,
      "reference_error": 0.0201017555114919,
      "height_error": 2.154072930958262
    },
    {
      "t": 3.0,
      "base_height": -0.6493818908760602,
      "visible_drop": 1.4043818908760604,
      "target_height": 0.7400000095367432,
      "up_z": -0.8552261716097181,
      "both_feet_contact": true,