{
  "native": {
    "attempt": "support-velocity-0p80",
    "mode": "support-velocity",
    "drop": 0.08,
    "max_blend": 0.8,
    "policy_weight": 1.0,
    "support_lo": 0.0,
    "support_hi": 0.06,
    "velocity_lo": -0.35,
    "velocity_hi": -0.05,
    "ik": {
      "drop": 0.08,
      "start_height": 0.755,
      "target_height": 0.675,
      "success": true,
      "cost": 0.07527746714403195,
      "nfev": 6,
      "rms_foot_error": 0.0006108590297431658,
      "max_foot_error": 0.0006108590424735445,
      "lower_body_target": [
        -0.575114476925352,
        -0.0003914080673100065,
        -0.00037249026131839743,
        1.2168642879959017,
        -0.35307724934194473,
        -1.8902048011641678e-17,
        -0.5751144768987575,
        0.0003914087744053887,
        0.0003724908824383186,
        1.2168642877780107,
        -0.3530772461397548,
        2.482051673038081e-17,
        0.0,
        0.0,
        0.073
      ]
    },
    "start_height": 0.755,
    "min_height": -0.7479412507255836,
    "visible_drop": 1.5029412507255837,
    "first_visible_at": 4.48,
    "fell_at": 4.66,
    "final_height": -0.7340158489403635,
    "return_to_stand": false,
    "foot_contact_ratio": 0.8433333333333334,
    "foot_slip_distance": 0.9124812102315996,
    "min_support_margin": -0.5713854779512912,
    "first_support_breach_at": 3.42,
    "max_downward_velocity": -3.9727906213142314,
    "max_joint_limit_violation": 0.03827631698915285,
    "max_desired_blend": 0.8,
    "max_effective_blend": 0.31542981511897333,
    "min_blend_factor": 0.0,
    "pass_gate": false,
    "verdict": "FAIL_FALL",
    "samples": [
      {
        "t": 0.0,
        "base_height": 0.755,
        "visible_drop": 0.0,
        "vertical_velocity": 0.0,
        "up_z": 1.0,
        "both_feet_contact": true,
        "foot_slip_distance": 0.0,
        "support_margin": 0.08631053913643147,
        "desired_blend": 0.0,
        "effective_blend": 0.0,
        "support_factor": 1.0,
        "velocity_factor": 1.0,
        "blend_factor": 1.0
      },
      {
        "t": 0.2,
        "base_height": 0.7523333213647062,
        "visible_drop": 0.0026666786352937955,
        "vertical_velocity": -0.022744796223156394,
        "up_z": 0.9998119036428139,
        "both_feet_contact": true,
        "foot_slip_distance": 0.0005565678605402685,
        "support_margin": 0.08623951148084821,
        "desired_blend": 0.05333333333333334,
        "effective_blend": 0.05333333333333334,
        "support_factor": 1.0,
        "velocity_factor": 1.0,
        "blend_factor": 1.0
      },
      {
        "t": 0.4,
        "base_height": 0.748276074150029,
        "visible_drop": 0.0067239258499710575,
        "vertical_velocity": -0.019319354652519438,
        "up_z": 0.9996648517477328,
        "both_feet_contact": true,
        "foot_slip_distance": 0.0010018085087261212,
        "support_margin": 0.08171599051564062,
        "desired_blend": 0.10666666666666667,
        "effective_blend": 0.10666666666666667,
        "support_factor": 1.0,
        "velocity_factor": 1.0,
        "blend_factor": 1.0
      },
      {
        "t": 0.6,
        "base_height": 0.7441938979835735,
        "visible_drop": 0.010806102016426511,
        "vertical_velocity": -0.020345331753990337,
        "up_z": 0.9996309173558977,
        "both_feet_contact": true,
        "foot_slip_distance": 0.0014415340426981735,
        "support_margin": 0.07536280856423146,
        "desired_blend": 0.16,
        "effective_blend": 0.16,
        "support_factor": 1.0,
        "velocity_factor": 1.0,
        "blend_factor": 1.0
      },
      {
        "t": 0.8,
        "base_height": 0.739993485662812,
        "visible_drop": 0.015006514337188026,
        "vertical_velocity": -0.022499683288718098,
        "up_z": 0.9995404513801399,
        "both_feet_contact": true,
        "foot_slip_distance": 0.0018128050191280247,
        "support_margin": 0.06844764069649198,
        "desired_blend": 0.21333333333333335,
        "effective_blend": 0.21333333333333335,
        "support_factor": 1.0,
        "velocity_factor": 1.0,
        "blend_factor": 1.0
      },
      {
        "t": 1.0,
        "base_height": 0.7350444447888749,
        "visible_drop": 0.01995555521112513,
        "vertical_velocity": -0.026008088337736712,
        "up_z": 0.9993934823393053,
        "both_feet_contact": true,
        "foot_slip_distance": 0.0021759280729751287,
        "support_margin": 0.06069904002004262,
        "desired_blend": 0.26666666666666666,
        "effective_blend": 0.26666666666666666,
        "support_factor": 1.0,
        "velocity_factor": 1.0,
        "blend_factor": 1.0
      },
      {
        "t": 1.2,
        "base_height": 0.73127921075017,
        "visible_drop": 0.02372078924983001,
        "vertical_velocity": -0.010793437955114449,
        "up_z": 0.9989820008998326,
        "both_feet_contact": true,
        "foot_slip_distance": 0.0025545332421361873,
        "support_margin": 0.05195217163006343,
        "desired_blend": 0.32,
        "effective_blend": 0.27707824869367165,
        "support_factor": 0.8658695271677239,
        "velocity_factor": 1.0,
        "blend_factor": 0.8658695271677239
      },
      {
        "t": 1.4,
        "base_height": 0.7308961766798912,
        "visible_drop": 0.024103823320108853,
        "vertical_velocity": 0.016437766148302835,
        "up_z": 0.9981380416928136,
        "both_feet_contact": true,
        "foot_slip_distance": 0.0030743629669704787,
        "support_margin": 0.04221272297999632,
        "desired_blend": 0.3733333333333334,
        "effective_blend": 0.2626569429866438,
        "support_factor": 0.7035453829999387,
        "velocity_factor": 1.0,
        "blend_factor": 0.7035453829999387
      },
      {
        "t": 1.6,
        "base_height": 0.7340328416619962,
        "visible_drop": 0.020967158338003777,
        "vertical_velocity": 0.022258549071663136,
        "up_z": 0.9964156184989139,
        "both_feet_contact": true,
        "foot_slip_distance": 0.003785974495307659,
        "support_margin": 0.031289950336215955,
        "desired_blend": 0.4266666666666667,
        "effective_blend": 0.22250631350198016,
        "support_factor": 0.521499172270266,
        "velocity_factor": 1.0,
        "blend_factor": 0.521499172270266
      },
      {
        "t": 1.8,
        "base_height": 0.7383180910932663,
        "visible_drop": 0.01668190890673371,
        "vertical_velocity": 0.021325743261085828,
        "up_z": 0.994099738126827,
        "both_feet_contact": true,
        "foot_slip_distance": 0.004533067918038832,
        "support_margin": 0.022828995935498517,
        "desired_blend": 0.48,
        "effective_blend": 0.18263196748398813,
        "support_factor": 0.380483265591642,
        "velocity_factor": 1.0,
        "blend_factor": 0.380483265591642
      },
      {
        "t": 2.0,
        "base_height": 0.7402565404574972,
        "visible_drop": 0.01474345954250278,
        "vertical_velocity": 0.0034328793637072863,
        "up_z": 0.993190400068685,
        "both_feet_contact": true,
        "foot_slip_distance": 0.005267725984636909,
        "support_margin": 0.020061233583463157,
        "desired_blend": 0.5333333333333333,
        "effective_blend": 0.17832207629745028,
        "support_factor": 0.3343538930577193,
        "velocity_factor": 1.0,
        "blend_factor": 0.3343538930577193
      },
      {
        "t": 2.2,
        "base_height": 0.7383933112454348,
        "visible_drop": 0.01660668875456517,
        "vertical_velocity": -0.018401295990766453,
        "up_z": 0.993612236702292,
        "both_feet_contact": true,
        "foot_slip_distance": 0.006295523977610789,
        "support_margin": 0.021671334262513414,
        "desired_blend": 0.5866666666666668,
        "effective_blend": 0.21189749056679788,
        "support_factor": 0.3611889043752236,
        "velocity_factor": 1.0,