{
  "native": {
    "attempt": "additive-0p25",
    "command_gain": 0.25,
    "support_gate": false,
    "slip_gate": false,
    "policy_weight": 1.0,
    "descend_s": 3.0,
    "hold_s": 0.2,
    "return_s": 2.6,
    "params_path": "C:\\Users\\yusun\\projects\\physical-ai\\experiments\\46-g1-force-torque-residual\\verify\\stage-0p74\\attempts\\force-torque-20k\\train\\params.pkl",
    "start_height": 0.755,
    "min_height": 0.7318108679749791,
    "visible_drop": 0.02318913202502093,
    "first_visible_at": null,
    "fell_at": null,
    "final_height": 0.7477812481633725,
    "return_to_stand": true,
    "foot_contact_ratio": 1.0,
    "foot_slip_distance": 0.014534415771669584,
    "min_support_margin": 0.03602003051748556,
    "first_support_breach_at": null,
    "max_joint_limit_violation": 0.0,
    "max_total_foot_normal_force": 444.01718506392353,
    "max_lr_normal_imbalance": 0.492830387568532,
    "max_lower_inverse_torque": 1688.4753930542836,
    "max_observed_command_gain": 0.25,
    "pass_gate": false,
    "verdict": "DEPTH_PENDING",
    "samples": [
      {
        "t": 0.0,
        "height": 0.7540916012412127,
        "visible_drop": 0.0009083987587873432,
        "command_gain": 0.0,
        "support_margin": 0.08631053913643147,
        "both_feet_contact": true,
        "foot_slip_distance": 0.0,
        "lr_normal_imbalance": 0.04267986931137306,
        "inverse_torque": 10.853972180302355,
        "up_z": 0.9999906588919871
      },
      {
        "t": 0.2,
        "height": 0.7512542259057958,
        "visible_drop": 0.0037457740942041795,
        "command_gain": 0.016666666666666666,
        "support_margin": 0.08649393374751971,
        "both_feet_contact": true,
        "foot_slip_distance": 0.0005537703513939974,
        "lr_normal_imbalance": 0.019627606136043037,
        "inverse_torque": 11.259331469197125,
        "up_z": 0.9996501825064954
      },
      {
        "t": 0.4,
        "height": 0.748992239869437,
        "visible_drop": 0.0060077601305630335,
        "command_gain": 0.03333333333333333,
        "support_margin": 0.0824225524923727,
        "both_feet_contact": true,
        "foot_slip_distance": 0.0010251096222955252,
        "lr_normal_imbalance": 0.033101818086728074,
        "inverse_torque": 13.122189006245064,
        "up_z": 0.9993799146142683
      },
      {
        "t": 0.6,
        "height": 0.747149483809774,
        "visible_drop": 0.007850516190226031,
        "command_gain": 0.049999999999999996,
        "support_margin": 0.07794267145882465,
        "both_feet_contact": true,
        "foot_slip_distance": 0.0015465538446735756,
        "lr_normal_imbalance": 0.011714474031993466,
        "inverse_torque": 14.013915069070766,
        "up_z": 0.9993054621730609
      },
      {
        "t": 0.8,
        "height": 0.7458170672300615,
        "visible_drop": 0.009182932769938534,
        "command_gain": 0.06666666666666667,
        "support_margin": 0.07453612971605746,
        "both_feet_contact": true,
        "foot_slip_distance": 0.0020349729194663537,
        "lr_normal_imbalance": 0.009076895468778535,
        "inverse_torque": 14.604184892551146,
        "up_z": 0.9992878193944141
      },
      {
        "t": 1.0,
        "height": 0.7446327532911181,
        "visible_drop": 0.010367246708881894,
        "command_gain": 0.08333333333333333,
        "support_margin": 0.07209486913054376,
        "both_feet_contact": true,
        "foot_slip_distance": 0.002515262268199565,
        "lr_normal_imbalance": 0.015882641288627715,
        "inverse_torque": 15.128800609597107,
        "up_z": 0.9993201527110097
      },
      {
        "t": 1.2,
        "height": 0.7435159590539303,
        "visible_drop": 0.011484040946069696,
        "command_gain": 0.09999999999999999,
        "support_margin": 0.07021357896713067,
        "both_feet_contact": true,
        "foot_slip_distance": 0.0029776770107686934,
        "lr_normal_imbalance": 0.014314758089143858,
        "inverse_torque": 15.42264972188962,
        "up_z": 0.9993840773269513
      },
      {
        "t": 1.4,
        "height": 0.7424228315502047,
        "visible_drop": 0.012577168449795284,
        "command_gain": 0.11666666666666668,
        "support_margin": 0.06854599350391295,
        "both_feet_contact": true,
        "foot_slip_distance": 0.0034204237238610975,
        "lr_normal_imbalance": 0.012626015936530174,
        "inverse_torque": 15.743973020991891,
        "up_z": 0.9994425082619531
      },
      {
        "t": 1.6,
        "height": 0.7412623746762348,
        "visible_drop": 0.013737625323765212,
        "command_gain": 0.13333333333333333,
        "support_margin": 0.06680973871920429,
        "both_feet_contact": true,
        "foot_slip_distance": 0.0038443352925286037,
        "lr_normal_imbalance": 0.008856075001588706,
        "inverse_torque": 16.104873792268798,
        "up_z": 0.9994972859178264
      },
      {
        "t": 1.8,
        "height": 0.7400739290412675,
        "visible_drop": 0.014926070958732551,
        "command_gain": 0.15,
        "support_margin": 0.06489839162380155,
        "both_feet_contact": true,
        "foot_slip_distance": 0.0042484245603484185,
        "lr_normal_imbalance": 0.0058760378681702976,
        "inverse_torque": 16.51725459633629,
        "up_z": 0.9995470767474172
      },
      {
        "t": 2.0,
        "height": 0.7388600648227008,
        "visible_drop": 0.01613993517729917,
        "command_gain": 0.16666666666666666,
        "support_margin": 0.06278119146427734,
        "both_feet_contact": true,
        "foot_slip_distance": 0.004634612873931145,
        "lr_normal_imbalance": 0.0027697139907600335,
        "inverse_torque": 16.953017104301566,
        "up_z": 0.9995960663391673
      },
      {
        "t": 2.2,
        "height": 0.7376329582058188,
        "visible_drop": 0.01736704179418125,
        "command_gain": 0.18333333333333335,
        "support_margin": 0.06045534758073978,
        "both_feet_contact": true,
        "foot_slip_distance": 0.005006390966282443,
        "lr_normal_imbalance": 0.000571430277998399,
        "inverse_torque": 17.410055367011907,
        "up_z": 0.9996462780925834
      },
      {
        "t": 2.4,
        "height": 0.7363651748157539,
        "visible_drop": 0.018634825184246084,
        "command_gain": 0.19999999999999998,
        "support_margin": 0.057976133361400256,
        "both_feet_contact": true,
        "foot_slip_distance": 0.005367786110537724,
        "lr_normal_imbalance": 0.005355057042086906,
        "inverse_torque": 18.159918726980163,
        "up_z": 0.9997031149963248
      },
      {
        "t": 2.6,
        "height": 0.7350982529740401,
        "visible_drop": 0.019901747025959926,
        "command_gain": 0.21666666666666667,
        "support_margin": 0.05531082412824265,
        "both_feet_contact": true,
        "foot_slip_distance": 0.005769560851562238,
        "lr_normal_imbalance": 0.08008004168509732,
        "inverse_torque": 22.897957205178255,
        "up_z": 0.9997654410846537
      },
      {
        "t": 2.8,
        "height": 0.7349451719365425,
        "visible_drop": 0.020054828063457486,
        "command_gain": 0.23333333333333336,
        "support_margin": 0.052052450663546884,
        "both_feet_contact": true,
        "foot_slip_distance": 0.006887555667834109,
        "lr_normal_imbalance": 0.2467639091368068,
        "inverse_torque": 28.750301716033075,
        "up_z": 0.9997420799122606
      },
      {
        "t": 3.0,
        "height": 0.7325615780742396,
        "visible_drop": 0.0224384219257604,
        "command_gain": 0.25,
        "support_margin": 0.04725995344395132,
        "both_feet_contact": true,
        "foot_slip_distance": 0.007199156522568455,
        "lr_normal_imbalance": 0.3161707404859378,
        "inverse_torque": 29.23862104194998,
        "up_z": 0.9996970948833935
      },
      {
        "t": 3.2,
        "height": 0.7319221569652139,