{"fps": 30, "qpos": [[0.3067427792297865, -1.2229204860422132], [0.31757791704575566, -1.2687778859815122], [0.32862103239186846, -1.3267427372947698], [0.3379718174496208, -1.3918007268188017], [0.34299102718400204, -1.4607571742746408], [0.34708184968198624, -1.5356619300878556], [0.3508718861764771, -1.6156624980545167], [0.3533132743153593, -1.699267380752104], [0.35600289894441395, -1.7867436173122058], [0.3592379452715516, -1.8772365145320145], [0.3602949324051869, -1.968989781532007], [0.3603364713830474, -2.0620042256330544], [0.360286573837111, -2.155773130585569], [0.3603310485049395, -2.2494457904015377], [0.36049496772903655, -2.342149317876444], [0.3607693417619292, -2.4330522400698866], [0.3611364850589347, -2.5213886767843823], [0.36159356514995517, -2.606476472533757], [0.3621388887697563, -2.6877368807955793], [0.3626898792313082, -2.764711568508905], [0.36323560412834816, -2.837053809804672], [0.36378969580456205, -2.904532845399331], [0.36436475046302663, -2.967036215320867], [0.36686453586225876, -3.0205249010051403], [0.372305625609569, -3.0228606196636854], [0.37351477375290176, -3.020573764425501], [0.3730911787459232, -3.0187427168384406], [0.3717874710483322, -3.0173224719938734], [0.37017967055782036, -3.016217375667975], [0.3688368630541085, -3.0153593245100185], [0.36892108270318236, -3.0147481189047167], [0.3690143086459582, -3.014290194054261], [0.36895249878275616, -3.0139396473977653], [0.3688775449497242, -3.013672929238426], [0.36893794907546446, -3.013475405243529], [0.3689857449081022, -3.0133240159294066], [0.3691068636696156, -3.0132123861855544], [0.3690491052549614, -3.0131204347421576], [0.36903298118603584, -3.013051639192754], [0.36903309026944636, -3.01299944284653], [0.36896202085054053, -3.012956049461207], [0.3690242094090881, -3.012927504944746], [0.3689612830532082, -3.0129020546715255], [0.3691259376942481, -3.0128901363668024], [0.3690195669268149, -3.012871906325341], [0.3690385415274456, -3.0128620237536423], [0.3689356752422121, -3.012850298516543], [0.3689605849515951, -3.012845196216912], [0.36892997588143955, -3.0128390672220955], [0.36898818616889556, -3.0128376007827757], [0.36887993830543697, -3.012831088806035], [0.3688059145146067, -3.012825567229714], [0.3689679779496958, -3.012828719688984], [0.36906857477969385, -3.0128318176427658], [0.36896267265578925, -3.0128266303766806], [0.3690021996299316, -3.0128268097040465], [0.3691120091872765, -3.0128304198311873], [0.36899533215397745, -3.012825112390143], [0.3691075614846551, -3.0128295345461824], [0.36907230941635916, -3.0128273617437102], [0.369003957369685, -3.012825271964931], [0.3690251679838918, -3.0128252967607803], [0.3688348302149725, -3.0128184641499014], [0.3688942732744024, -3.0128200768018627], [0.3688054918839179, -3.012816816665059], [0.36888987199621254, -3.0128196004188177], [0.3688722098909822, -3.012818838110546], [0.36897194356563284, -3.01282250044472], [0.36900319222266764, -3.012823529605645], [0.36911144003871194, -3.0128278595331848], [0.3689943670553395, -3.012823109128985], [0.3691065326083206, -3.012827961876691], [0.3690713444899127, -3.0128261235242584], [0.3690031058815093, -3.0128242950621913], [0.36902444377687577, -3.0128245248272134], [0.3688342258885416, -3.012817853428494], [0.36889377800841855, -3.012819593292287], [0.36880508900282194, -3.0128164335916474], [0.36888954736370355, -3.0128192968342673], [0.3688719490891148, -3.012818597415806], [0.36897173514836107, -3.0128223095951054], [0.3690030258652584, -3.0128233782385014], [0.36911130764228633, -3.0128277394796625], [0.36899426151572157, -3.012823013884055], [0.36910644878389287, -3.012827886324352], [0.3690712778410992, -3.0128260635800883], [0.36900305288246305, -3.0128242475024103], [0.36902440170408923, -3.0128244870921876], [0.3688341923975916, -3.0128178234846645], [0.36889375144805414, -3.0128195695344364]]}