{
  "attempt": "reference-anchor-step0p5-refblend0p15",
  "variant": {
    "seconds": 6.0,
    "quat_mode": "wxyz",
    "attempt": "reference-anchor-step0p5-refblend0p15",
    "start_mode": "reference",
    "anchor_mode": "reference",
    "action_step": 0.5,
    "blend_reference": 0.15
  },
  "start_height": 0.805576,
  "min_height": -0.7529063223068376,
  "visible_drop": 1.5584823223068376,
  "fell_at": 0.56,
  "final_height": -0.6091824465489234,
  "return_to_stand": false,
  "foot_contact_ratio": 0.44333333333333336,
  "foot_slip_distance": 1.2070702235409407,
  "min_support_margin": -0.3009429982800114,
  "max_joint_limit_violation": 0.20153415147785525,
  "max_knee_delta_rad": 2.906912547699951,
  "max_hip_pitch_delta_rad": 2.0628887999894063,
  "action_min": -12.075342178344727,
  "action_max": 17.36847686767578,
  "obs_abs_max": 41.94805908203125,
  "samples": [
    {
      "t": 0.0,
      "motion_idx": 0,
      "height": 0.8049529118657116,
      "visible_drop": 0.0006230881342883521,
      "both_feet_contact": false,
      "foot_slip_distance": 0.009036076816554326,
      "support_margin": 0.10207587443122425,
      "knee_delta": 0.06721494332074937,
      "hip_delta": 0.13636544845034004,
      "up_z": 0.9962718612720306,
      "action_min": -1.9447557926177979,
      "action_max": 1.548161506652832
    },
    {
      "t": 0.2,
      "motion_idx": 12,
      "height": 0.7698044226846759,
      "visible_drop": 0.0357715773153241,
      "both_feet_contact": false,
      "foot_slip_distance": 0.07868858771350669,
      "support_margin": 0.046100042358759766,
      "knee_delta": 0.9164022076952361,
      "hip_delta": 0.6139290869299167,
      "up_z": 0.8985834166578488,
      "action_min": -2.158109664916992,
      "action_max": 3.615920305252075
    },
    {
      "t": 0.4,
      "motion_idx": 24,
      "height": 0.6726103375656156,
      "visible_drop": 0.13296566243438435,
      "both_feet_contact": false,
      "foot_slip_distance": 0.33308031460688053,
      "support_margin": -0.05713724941810572,
      "knee_delta": 2.4331220463534438,
      "hip_delta": 0.9018796479582238,
      "up_z": 0.8191111181519894,
      "action_min": -3.2870330810546875,
      "action_max": 5.292548656463623
    },
    {
      "t": 0.6,
      "motion_idx": 36,
      "height": 0.38434537891747866,
      "visible_drop": 0.4212306210825213,
      "both_feet_contact": false,
      "foot_slip_distance": 0.49960108214642485,
      "support_margin": -0.16720483481163617,
      "knee_delta": 2.906912547699951,
      "hip_delta": 0.9018796479582238,
      "up_z": 0.9167049735265562,
      "action_min": -4.101922035217285,
      "action_max": 7.262838363647461
    },
    {
      "t": 0.8,
      "motion_idx": 48,
      "height": -0.12076514898899701,
      "visible_drop": 0.926341148988997,
      "both_feet_contact": true,
      "foot_slip_distance": 0.49194718029853196,
      "support_margin": -0.16016822123370159,
      "knee_delta": 2.906912547699951,
      "hip_delta": 1.1202897313784557,
      "up_z": 0.37871906269858724,
      "action_min": -5.338286399841309,
      "action_max": 6.734434604644775
    },
    {
      "t": 1.0,
      "motion_idx": 60,
      "height": -0.5698089268037925,
      "visible_drop": 1.3753849268037923,
      "both_feet_contact": false,
      "foot_slip_distance": 0.4375638336337588,
      "support_margin": -0.04349609516419555,
      "knee_delta": 2.906912547699951,
      "hip_delta": 1.44901541633838,
      "up_z": -0.5964766424532032,
      "action_min": -9.494272232055664,
      "action_max": 9.398730278015137
    },
    {
      "t": 1.2,
      "motion_idx": 72,
      "height": -0.710901357474972,
      "visible_drop": 1.516477357474972,
      "both_feet_contact": true,
      "foot_slip_distance": 0.5638242562716373,
      "support_margin": 0.09415187838802828,
      "knee_delta": 2.906912547699951,
      "hip_delta": 1.44901541633838,
      "up_z": -0.9451463776689994,
      "action_min": -3.4312098026275635,
      "action_max": 6.249842166900635
    },
    {
      "t": 1.4,
      "motion_idx": 84,
      "height": -0.6090133595434787,
      "visible_drop": 1.4145893595434786,
      "both_feet_contact": false,
      "foot_slip_distance": 0.560968138973561,
      "support_margin": -0.09676555304968204,
      "knee_delta": 2.906912547699951,
      "hip_delta": 1.44901541633838,
      "up_z": -0.9909293618659198,
      "action_min": -4.556486129760742,
      "action_max": 4.263326168060303
    },
    {
      "t": 1.6,
      "motion_idx": 96,
      "height": -0.6417569219163358,
      "visible_drop": 1.4473329219163358,
      "both_feet_contact": true,
      "foot_slip_distance": 0.564553533601925,
      "support_margin": -0.06074619896060369,
      "knee_delta": 2.906912547699951,
      "hip_delta": 1.44901541633838,
      "up_z": -0.9592464083535955,
      "action_min": -4.456719875335693,
      "action_max": 5.991313457489014
    },
    {
      "t": 1.8,
      "motion_idx": 108,
      "height": -0.6235350083306556,
      "visible_drop": 1.4291110083306555,
      "both_feet_contact": true,
      "foot_slip_distance": 0.5625215189695691,
      "support_margin": 0.032236415114557694,
      "knee_delta": 2.906912547699951,
      "hip_delta": 1.44901541633838,
      "up_z": -0.9045097025944323,
      "action_min": -4.9242377281188965,
      "action_max": 9.19868278503418
    },
    {
      "t": 2.0,
      "motion_idx": 120,
      "height": -0.5574174378003799,
      "visible_drop": 1.3629934378003798,
      "both_feet_contact": true,
      "foot_slip_distance": 0.5620109997968071,
      "support_margin": 0.06547560850058326,
      "knee_delta": 2.906912547699951,
      "hip_delta": 1.44901541633838,
      "up_z": -0.6992347309819966,
      "action_min": -4.868768215179443,
      "action_max": 10.358431816101074
    },
    {
      "t": 2.2,
      "motion_idx": 132,
      "height": -0.4490164307990288,
      "visible_drop": 1.2545924307990288,
      "both_feet_contact": false,
      "foot_slip_distance": 0.5641462739162477,
      "support_margin": -0.03687502481750621,
      "knee_delta": 2.906912547699951,
      "hip_delta": 1.44901541633838,
      "up_z": -0.3957603692331705,
      "action_min": -6.429653167724609,
      "action_max": 14.385374069213867
    },
    {
      "t": 2.4,
      "motion_idx": 144,
      "height": -0.3450583919742223,
      "visible_drop": 1.1506343919742221,
      "both_feet_contact": false,
      "foot_slip_distance": 0.49040198453181344,
      "support_margin": -0.2212762338026074,
      "knee_delta": 2.906912547699951,
      "hip_delta": 1.44901541633838,
      "up_z": -0.460639780665396,
      "action_min": -4.672717571258545,
      "action_max": 8.127495765686035
    },
    {
      "t": 2.6,
      "motion_idx": 156,
      "height": -0.5156262880857885,
      "visible_drop": 1.3212022880857885,
      "both_feet_contact": false,
      "foot_slip_distance": 0.7050250143096366,
      "support_margin": -0.02123765266240568,
      "knee_delta": 2.906912547699951,
      "hip_delta": 1.44901541633838,
      "up_z": -0.4431071170528983,
      "action_min": -5.875323295593262,
      "action_max": 11.003477096557617
    },
    {
      "t": 2.8,
      "motion_idx": 168,
      "height": -0.5856578988426934,
      "visible_drop": 1.3912338988426933,
      "both_feet_contact": false,
      "foot_slip_distance": 0.862840675349447,
      "support_margin": -0.028420341552373496,
      "knee_delta": 2.906912547699951,
      "hip_delta": 1.44901541633838,
      "up_z": -0.9297426442179494,
      "action_min": -3.5341310501098633,
      "action_max": 4.109252452850342
    },
    {
      "t": 3.0,
      "motion_idx": 180,
      "height": -0.6151016217745302,
      "visible_drop": 1.42067762177453,
      "both_feet_contact": true,
      "foot_slip_distance": 1.115103073448172,
      "support_margin": 0.13475809275214357,
      "knee_delta": 2.906912547699951,
      "hip_delta": 1.44901541633838,
      "up_z": -0.97223323779319,