{
  "attempt": "support-slip-gated-0p45",
  "command_gain": 0.45,
  "support_gate": true,
  "slip_gate": true,
  "policy_weight": 1.0,
  "descend_s": 3.2,
  "hold_s": 0.2,
  "return_s": 2.8,
  "params_path": "C:\\Users\\yusun\\projects\\physical-ai\\experiments\\46-g1-force-torque-residual\\verify\\stage-0p74\\attempts\\force-torque-20k\\train\\params.pkl",
  "start_height": 0.755,
  "min_height": -0.7553050015474442,
  "visible_drop": 1.5103050015474442,
  "first_visible_at": 3.86,
  "fell_at": 4.04,
  "final_height": -0.7444123450660263,
  "return_to_stand": false,
  "foot_contact_ratio": 0.8666666666666667,
  "foot_slip_distance": 0.8664812423579813,
  "min_support_margin": -0.5697056432404847,
  "first_support_breach_at": 3.0,
  "max_joint_limit_violation": 0.10073947912427889,
  "max_total_foot_normal_force": 2800.071828139674,
  "max_lr_normal_imbalance": 1.0,
  "max_lower_inverse_torque": 5947.535146759871,
  "max_observed_command_gain": 0.3594424181124489,
  "pass_gate": false,
  "verdict": "FAIL_FALL",
  "samples": [
    {
      "t": 0.0,
      "height": 0.7540916012412127,
      "visible_drop": 0.0009083987587873432,
      "command_gain": 0.0,
      "support_margin": 0.08631053913643147,
      "both_feet_contact": true,
      "foot_slip_distance": 0.0,
      "lr_normal_imbalance": 0.04267986931137306,
      "inverse_torque": 10.853972180302355,
      "up_z": 0.9999906588919871
    },
    {
      "t": 0.2,
      "height": 0.7508266942657665,
      "visible_drop": 0.004173305734233468,
      "command_gain": 0.028125,
      "support_margin": 0.0865067364954459,
      "both_feet_contact": true,
      "foot_slip_distance": 0.0005556640545284475,
      "lr_normal_imbalance": 0.021093657640464378,
      "inverse_torque": 11.279293907468599,
      "up_z": 0.9996720210672569
    },
    {
      "t": 0.4,
      "height": 0.7479882723378037,
      "visible_drop": 0.007011727662196265,
      "command_gain": 0.05625,
      "support_margin": 0.08230277898490766,
      "both_feet_contact": true,
      "foot_slip_distance": 0.0010267331908439252,
      "lr_normal_imbalance": 0.03380242106565211,
      "inverse_torque": 13.13181919407239,
      "up_z": 0.9994869464517404
    },
    {
      "t": 0.6,
      "height": 0.7454869732879571,
      "visible_drop": 0.009513026712042905,
      "command_gain": 0.08437499999999999,
      "support_margin": 0.07728416499075894,
      "both_feet_contact": true,
      "foot_slip_distance": 0.0015402524561016148,
      "lr_normal_imbalance": 0.014093851836492633,
      "inverse_torque": 14.142978541314811,
      "up_z": 0.9994841781415349
    },
    {
      "t": 0.8,
      "height": 0.7434613788276456,
      "visible_drop": 0.01153862117235438,
      "command_gain": 0.1125,
      "support_margin": 0.07299247679105635,
      "both_feet_contact": true,
      "foot_slip_distance": 0.0020048592674247233,
      "lr_normal_imbalance": 0.016382429101885143,
      "inverse_torque": 14.994323820081316,
      "up_z": 0.9995096447817646
    },
    {
      "t": 1.0,
      "height": 0.7414004421694763,
      "visible_drop": 0.01359955783052369,
      "command_gain": 0.140625,
      "support_margin": 0.06928888780241646,
      "both_feet_contact": true,
      "foot_slip_distance": 0.002457567063547212,
      "lr_normal_imbalance": 0.019589465470758332,
      "inverse_torque": 15.819773380336452,
      "up_z": 0.9995721750284788
    },
    {
      "t": 1.2,
      "height": 0.7394376673327576,
      "visible_drop": 0.015562332667242385,
      "command_gain": 0.16874999999999998,
      "support_margin": 0.06588761304712157,
      "both_feet_contact": true,
      "foot_slip_distance": 0.002880877935973169,
      "lr_normal_imbalance": 0.013007015617388536,
      "inverse_torque": 16.372788837565334,
      "up_z": 0.9996541076606464
    },
    {
      "t": 1.4,
      "height": 0.7374647211291613,
      "visible_drop": 0.017535278870838722,
      "command_gain": 0.196875,
      "support_margin": 0.06250496584611594,
      "both_feet_contact": true,
      "foot_slip_distance": 0.0032847551946516944,
      "lr_normal_imbalance": 0.005666547835259727,
      "inverse_torque": 16.9677309493713,
      "up_z": 0.9997336265937247
    },
    {
      "t": 1.6,
      "height": 0.7354424871707494,
      "visible_drop": 0.019557512829250556,
      "command_gain": 0.225,
      "support_margin": 0.05898401168020901,
      "both_feet_contact": true,
      "foot_slip_distance": 0.0036740155311107874,
      "lr_normal_imbalance": 0.0007463246391826112,
      "inverse_torque": 17.509378862658558,
      "up_z": 0.9998162577900914
    },
    {
      "t": 1.8,
      "height": 0.7332678650798738,
      "visible_drop": 0.021732134920126156,
      "command_gain": 0.253125,
      "support_margin": 0.055050288818204396,
      "both_feet_contact": true,
      "foot_slip_distance": 0.0040632917353262766,
      "lr_normal_imbalance": 0.01165261230609069,
      "inverse_torque": 17.94914101941346,
      "up_z": 0.9998865058825456
    },
    {
      "t": 2.0,
      "height": 0.7309695285243469,
      "visible_drop": 0.02403047147565307,
      "command_gain": 0.28125,
      "support_margin": 0.05051128043718479,
      "both_feet_contact": true,
      "foot_slip_distance": 0.0045389666261300785,
      "lr_normal_imbalance": 0.2093982948541189,
      "inverse_torque": 17.956161299508686,
      "up_z": 0.9999348275712988
    },
    {
      "t": 2.2,
      "height": 0.7289781157328411,
      "visible_drop": 0.0260218842671589,
      "command_gain": 0.309375,
      "support_margin": 0.04509560349037475,
      "both_feet_contact": true,
      "foot_slip_distance": 0.006129110280193605,
      "lr_normal_imbalance": 0.23860860296447514,
      "inverse_torque": 19.199020569726763,
      "up_z": 0.9999490110474892
    },
    {
      "t": 2.4,
      "height": 0.7243267753040126,
      "visible_drop": 0.030673224695987433,
      "command_gain": 0.33749999999999997,
      "support_margin": 0.037223138254787236,
      "both_feet_contact": true,
      "foot_slip_distance": 0.007056461282161636,
      "lr_normal_imbalance": 0.15836624469334853,
      "inverse_torque": 22.054329772589057,
      "up_z": 0.9999844441147594
    },
    {
      "t": 2.6,
      "height": 0.7183604943866585,
      "visible_drop": 0.036639505613341505,
      "command_gain": 0.34663064190087334,
      "support_margin": 0.02792198475496734,
      "both_feet_contact": true,
      "foot_slip_distance": 0.008157302893159635,
      "lr_normal_imbalance": 0.18247260261759515,
      "inverse_torque": 21.961976079230066,
      "up_z": 0.999934516315922
    },
    {
      "t": 2.8,
      "height": 0.7233707054647762,
      "visible_drop": 0.031629294535223784,
      "command_gain": 0.24722002006590113,
      "support_margin": 0.015114414736853446,
      "both_feet_contact": true,
      "foot_slip_distance": 0.010373500903048189,
      "lr_normal_imbalance": 0.4549894167856002,
      "inverse_torque": 26.9104487360391,
      "up_z": 0.9984040362525581
    },
    {
      "t": 3.0,
      "height": 0.7438301600054044,
      "visible_drop": 0.011169839994595643,
      "command_gain": 0.08977659082112865,
      "support_margin": -0.0014878491665892835,
      "both_feet_contact": true,
      "foot_slip_distance": 0.011971871075464007,
      "lr_normal_imbalance": 0.008580087569470169,
      "inverse_torque": 21.336872213967833,
      "up_z": 0.9922505735888201
    },
    {
      "t": 3.2,
      "height": 0.7567911506445348,
      "visible_drop": -0.0017911506445348335,
      "command_gain": 0.0,
      "support_margin": -0.01938861600519147,
      "both_feet_contact": true,
      "foot_slip_distance": 0.014569971504357848,
      "lr_normal_imbalance": 0.04304699951253134,
      "inverse_torque": 16.72875432332751,
      "up_z": 0.9864330260210727
    },
    {
      "t": 3.4,
      "height": 0.757813116790666,
      "visible_drop": -0.0028131167906659815,
      "command_gain": 0.0,
      "support_margin": -0.0498072295804664,