{
  "stage_height": 0.67,
  "max_blend": 0.85,
  "target_drop": 0.065,
  "descent_rate_cap": 0.08,
  "slip_abort": 0.03,
  "return_blend": 1.0,
  "return_rate": 0.12,
  "policy_weight": 0.0,
  "freeze_phase": true,
  "reference_scale": 1.0,
  "params_path": "C:\\Users\\yusun\\projects\\physical-ai\\experiments\\22-g1-squat-depth-finetune\\verify\\train\\params.pkl",
  "seconds": 6.0,
  "start_height": 0.755,
  "min_height": -0.7779847869674658,
  "visible_drop": 1.5329847869674658,
  "fell_at": 1.24,
  "upright_s": 1.24,
  "final_height": -0.7504966057238334,
  "return_to_stand": false,
  "torso_up_min_observed": -0.999989708077848,
  "foot_contact_ratio": 0.9166666666666666,
  "visible_contact_ratio": 0.7566666666666667,
  "foot_slip_distance": 0.9884813890150445,
  "stance_ok": false,
  "max_reference_error": 0.18580312892878728,
  "max_height_error": 2.28843815234141,
  "max_joint_limit_violation": 0.035610001188475904,
  "guard_trip_count": 17,
  "max_observed_blend": 0.34944444444444445,
  "max_return_mix": 1.0,
  "trigger_reason": "visible_then_abort",
  "trigger_time": 0.92,
  "mode_counts": {
    "descend": 46,
    "return": 14,
    "abort": 240
  },
  "pass_gate": false,
  "verdict": "FAIL_FALL",
  "samples": [
    {
      "t": 0.0,
      "mode": "descend",
      "base_height": 0.755,
      "target_height": 0.7549999952316284,
      "visible_drop": 0.0,
      "drop_rate": 0.0,
      "up_z": 1.0,
      "both_feet_contact": true,
      "foot_slip_distance": 0.0,
      "controller_blend": 0.0,
      "return_mix": 0.0
    },
    {
      "t": 0.2,
      "mode": "descend",
      "base_height": 0.7236873723699841,
      "target_height": 0.7369999885559082,
      "visible_drop": 0.031312627630015855,
      "drop_rate": 0.09289255913469963,
      "up_z": 0.9949192129192044,
      "both_feet_contact": true,
      "foot_slip_distance": 0.00012382560048989656,
      "controller_blend": 0.0004910988126899403,
      "return_mix": 0.0
    },
    {
      "t": 0.4,
      "mode": "descend",
      "base_height": 0.7234037006797077,
      "target_height": 0.718999981880188,
      "visible_drop": 0.03159629932029229,
      "drop_rate": 0.0,
      "up_z": 0.9963608732425413,
      "both_feet_contact": true,
      "foot_slip_distance": 5.01153778742982e-05,
      "controller_blend": 0.18888888888888888,
      "return_mix": 0.0
    },
    {
      "t": 0.6,
      "mode": "descend",
      "base_height": 0.7234506412851819,
      "target_height": 0.7009999752044678,
      "visible_drop": 0.03154935871481812,
      "drop_rate": 0.0014928499662558714,
      "up_z": 0.9996956166860455,
      "both_feet_contact": true,
      "foot_slip_distance": 0.0003684587297306569,
      "controller_blend": 0.2833333333333333,
      "return_mix": 0.0
    },
    {
      "t": 0.8,
      "mode": "descend",
      "base_height": 0.711308476841621,
      "target_height": 0.6830000281333923,
      "visible_drop": 0.043691523158378986,
      "drop_rate": 0.13646287297888193,
      "up_z": 0.9803786899432285,
      "both_feet_contact": true,
      "foot_slip_distance": 0.0011070427989819164,
      "controller_blend": 0.13042943999999998,
      "return_mix": 0.0
    },
    {
      "t": 1.0,
      "mode": "return",
      "base_height": 0.6569924682653415,
      "target_height": 0.6700000166893005,
      "visible_drop": 0.09800753173465848,
      "drop_rate": 0.3189911149418745,
      "up_z": 0.876454746608261,
      "both_feet_contact": true,
      "foot_slip_distance": 0.0013051637077736162,
      "controller_blend": 0.0,
      "return_mix": 0.48
    },
    {
      "t": 1.2,
      "mode": "abort",
      "base_height": 0.49074198905355254,
      "target_height": 0.6700000166893005,
      "visible_drop": 0.26425801094644746,
      "drop_rate": 1.4455111271986036,
      "up_z": 0.5378897011317558,
      "both_feet_contact": false,
      "foot_slip_distance": 0.027440502925339602,
      "controller_blend": 0.0,
      "return_mix": 1.0
    },
    {
      "t": 1.4,
      "mode": "abort",
      "base_height": -0.001872605516882296,
      "target_height": 0.6700000166893005,
      "visible_drop": 0.7568726055168823,
      "drop_rate": 3.345208205185736,
      "up_z": -0.11067186635890336,
      "both_feet_contact": false,
      "foot_slip_distance": 0.2429413940063724,
      "controller_blend": 0.0,
      "return_mix": 1.0
    },
    {
      "t": 1.6,
      "mode": "abort",
      "base_height": -0.7117597132358091,
      "target_height": 0.6700000166893005,
      "visible_drop": 1.4667597132358092,
      "drop_rate": 0.9888874916250956,
      "up_z": -0.9529960826055549,
      "both_feet_contact": false,
      "foot_slip_distance": 0.7790719730876824,
      "controller_blend": 0.0,
      "return_mix": 1.0
    },
    {
      "t": 1.8,
      "mode": "abort",
      "base_height": -0.7170343308321524,
      "target_height": 0.6700000166893005,
      "visible_drop": 1.4720343308321524,
      "drop_rate": 0.0,
      "up_z": -0.9028783860659813,
      "both_feet_contact": true,
      "foot_slip_distance": 0.9848457824201582,
      "controller_blend": 0.0,
      "return_mix": 1.0
    },
    {
      "t": 2.0,
      "mode": "abort",
      "base_height": -0.5892513731933895,
      "target_height": 0.6700000166893005,
      "visible_drop": 1.3442513731933894,
      "drop_rate": 0.0,
      "up_z": -0.730642952704564,
      "both_feet_contact": true,
      "foot_slip_distance": 0.9175555070292992,
      "controller_blend": 0.0,
      "return_mix": 1.0
    },
    {
      "t": 2.2,
      "mode": "abort",
      "base_height": -0.6182790670779867,
      "target_height": 0.6700000166893005,
      "visible_drop": 1.3732790670779869,
      "drop_rate": 0.5522224745054205,
      "up_z": -0.7687478346769948,
      "both_feet_contact": true,
      "foot_slip_distance": 0.8089751221233556,
      "controller_blend": 0.0,
      "return_mix": 1.0
    },
    {
      "t": 2.4,
      "mode": "abort",
      "base_height": -0.7265113958630951,
      "target_height": 0.6700000166893005,
      "visible_drop": 1.481511395863095,
      "drop_rate": 0.3892825951485934,
      "up_z": -0.9366376877009384,
      "both_feet_contact": true,
      "foot_slip_distance": 0.7620831709103877,
      "controller_blend": 0.0,
      "return_mix": 1.0
    },
    {
      "t": 2.6,
      "mode": "abort",
      "base_height": -0.7517446249469704,
      "target_height": 0.6700000166893005,
      "visible_drop": 1.5067446249469705,
      "drop_rate": 0.0,
      "up_z": -0.9959268264363922,
      "both_feet_contact": true,
      "foot_slip_distance": 0.7611145659327999,
      "controller_blend": 0.0,
      "return_mix": 1.0
    },
    {
      "t": 2.8,
      "mode": "abort",
      "base_height": -0.6671549358502187,
      "target_height": 0.6700000166893005,
      "visible_drop": 1.4221549358502186,
      "drop_rate": 0.0,
      "up_z": -0.8757321137239983,
      "both_feet_contact": true,
      "foot_slip_distance": 0.7642611514520454,
      "controller_blend": 0.0,
      "return_mix": 1.0
    },
    {
      "t": 3.0,
      "mode": "abort",
      "base_height": -0.6257939557381568,
      "target_height": 0.6700000166893005,
      "visible_drop": 1.3807939557381568,
      "drop_rate": 0.07273680385195269,
      "up_z": -0.8086754585534225,
      "both_feet_contact": true,
      "foot_slip_distance": 0.7716043711111779,
      "controller_blend": 0.0,
      "return_mix": 1.0
    },
    {
      "t": 3.2,
      "mode": "abort",
      "base_height": -0.6964696363956064,
      "target_height": 0.6830000281333923,
      "visible_drop": 1.4514696363956063,
      "drop_rate": 0.4546419757292086,
      "up_z": -0.9197745019508079,
      "both_feet_contact": true,
      "foot_slip_distance": 0.7771902412931483,
      "controller_blend": 0.0,
      "return_mix": 1.0
    },
    {
      "t": 3.4,
      "mode": "abort",
      "base_height": -0.7574647739947045,
      "target_height": 0.7009999752044678,
      "visible_drop": 1.5124647739947044,