{
  "attempt": "upstream-exact-position-smooth0p25",
  "variant": {
    "seconds": 6.0,
    "attempt": "upstream-exact-position-smooth0p25",
    "init_mode": "upstream_motion",
    "anchor_index": 0,
    "ori_order": "upstream",
    "vel_source": "upstream_raw",
    "control_mode": "position",
    "action_step": 0.25
  },
  "start_height": 0.810932993888855,
  "min_height": -4.928026392244309,
  "visible_drop": 5.738959386133164,
  "fell_at": 0.3,
  "final_height": 0.7514333073685692,
  "return_to_stand": true,
  "foot_contact_ratio": 0.13666666666666666,
  "foot_slip_distance": 1.2084486595979824,
  "min_support_margin": -0.6544000598834809,
  "max_joint_limit_violation": 1011.8697052758346,
  "max_knee_delta_rad": 71.73007916240168,
  "max_hip_pitch_delta_rad": 101.56729659592946,
  "action_min": -5426.9853515625,
  "action_max": 5304.47607421875,
  "obs_abs_max": 203755.59375,
  "first_obs80": [
    -0.010680999606847763,
    0.1911800056695938,
    0.04810100048780441,
    0.1289830058813095,
    -0.07358700037002563,
    -0.09355799853801727,
    0.02390800043940544,
    -0.04573500156402588,
    -0.14741599559783936,
    0.15351800620555878,
    -0.04085199907422066,
    0.09421999752521515,
    0.04326299950480461,
    0.08253800123929977,
    -0.05077899992465973,
    -0.0350940003991127,
    0.1971379965543747,
    -0.36746400594711304,
    0.9631109833717346,
    -0.22308999300003052,
    0.09718400239944458,
    0.10523399710655212,
    -0.1067039966583252,
    -0.42543599009513855,
    0.5734019875526428,
    1.325984001159668,
    0.28869500756263733,
    0.1454859972000122,
    -0.08019900321960449,
    -0.20033998787403107,
    0.03551959618926048,
    -0.005040093790739775,
    -0.12012004107236862,
    0.13679979741573334,
    -0.10212018340826035,
    -0.16830000281333923,
    0.04620015248656273,
    0.03923982009291649,
    -0.20070074498653412,
    0.16595987975597382,
    0.12774018943309784,
    -0.09899988025426865,
    0.09588002413511276,
    -0.1005600318312645,
    -0.2712600529193878,
    -0.35849955677986145,
    0.44729945063591003,
    -0.20381926000118256,
    0.1391395777463913,
    -0.5386800765991211,
    -0.19043995440006256,
    -0.4651799499988556,
    0.0653386041522026,
    0.3052818477153778,
    0.7069229483604431,
    0.14694033563137054,
    -0.49721983075141907,
    0.12834011018276215,
    0.0,
    0.0,
    0.0,
    1.000000238418579,
    5.25283094798823e-10,
    -7.974378490871459e-09,
    5.25283094798823e-10,
    1.000000238418579,
    1.2865921661386892e-08,
    0.00917359534651041,
    0.018420768901705742,
    0.999788224697113,
    0.0,
    0.0,
    0.0,
    -0.010680999606847763,
    0.1911800056695938,
    0.04810100048780441,
    0.1289830058813095,
    -0.07358700037002563,
    -0.09355799853801727,
    0.02390800043940544
  ],
  "first_action29": [
    1.3595904111862183,
    -0.1706767976284027,
    -0.11328773200511932,
    -0.49303382635116577,
    2.4808058738708496,
    0.0077932607382535934,
    -0.11714673042297363,
    0.41457220911979675,
    -0.6773394346237183,
    -1.690807580947876,
    2.0252792835235596,
    0.11647289991378784,
    0.3792523741722107,
    0.46998879313468933,
    -1.9469995498657227,
    -0.8453171253204346,
    0.6782573461532593,
    -0.6920600533485413,
    0.5935476422309875,
    -0.1969791054725647,
    -1.0407196283340454,
    0.1662265658378601,
    -1.3183212280273438,
    -0.9462580680847168,
    0.9123299717903137,
    0.7747032046318054,
    -0.09178734570741653,
    1.1015594005584717,
    0.5062964558601379
  ],
  "samples": [
    {
      "t": 0.0,
      "frame": 0,
      "height": 0.808800721925818,
      "visible_drop": 0.0021322719630370024,
      "both_feet_contact": false,
      "foot_slip_distance": 0.005629306214865969,
      "support_margin": 0.0665602999265191,
      "knee_delta": 0.07242898191020879,
      "hip_delta": 0.02842633114689464,
      "up_z": 0.9937667353798205,
      "action_min": -1.9469995498657227,
      "action_max": 2.4808058738708496
    },
    {
      "t": 0.2,
      "frame": 12,
      "height": 0.7219206150603623,
      "visible_drop": 0.08901237882849267,
      "both_feet_contact": false,
      "foot_slip_distance": 0.19116891138928122,
      "support_margin": 0.16089809716821457,
      "knee_delta": 1.7408729313031743,
      "hip_delta": 1.1372392534502211,
      "up_z": 0.9809680946463172,
      "action_min": -4.726055145263672,
      "action_max": 8.539213180541992
    },
    {
      "t": 0.4,
      "frame": 24,
      "height": 0.8050172702998525,
      "visible_drop": 0.005915723589002497,
      "both_feet_contact": false,
      "foot_slip_distance": 0.41994252432896373,
      "support_margin": 0.07351446502816691,
      "knee_delta": 10.258125965364565,
      "hip_delta": 12.005513150711858,
      "up_z": 0.9452170240000243,
      "action_min": -23.808998107910156,
      "action_max": 15.384461402893066
    },
    {
      "t": 0.6,
      "frame": 36,
      "height": 0.792865825961373,
      "visible_drop": 0.018067167927481975,
      "both_feet_contact": true,
      "foot_slip_distance": 0.27597401230000823,
      "support_margin": 0.08064683031537509,
      "knee_delta": 10.258125965364565,
      "hip_delta": 12.005513150711858,
      "up_z": 0.9979602798508429,
      "action_min": -13.779759407043457,
      "action_max": 14.691764831542969
    },
    {
      "t": 0.8,
      "frame": 48,
      "height": 0.7441020214079871,
      "visible_drop": 0.06683097248086789,
      "both_feet_contact": true,
      "foot_slip_distance": 0.25143782811260745,
      "support_margin": 0.15917942566031432,
      "knee_delta": 10.258125965364565,
      "hip_delta": 12.005513150711858,
      "up_z": 0.9748610282925498,
      "action_min": -1.809126853942871,
      "action_max": 3.923550605773926
    },
    {
      "t": 1.0,
      "frame": 60,
      "height": 0.5882222836491388,
      "visible_drop": 0.22271071023971623,
      "both_feet_contact": false,
      "foot_slip_distance": 0.3294932003928277,
      "support_margin": 0.06274695803315004,
      "knee_delta": 10.258125965364565,
      "hip_delta": 12.005513150711858,
      "up_z": 0.9437603408412437,
      "action_min": -4.767193794250488,
      "action_max": 3.815617322921753
    },
    {
      "t": 1.2,
      "frame": 72,
      "height": 0.7794125236172398,
      "visible_drop": 0.0315204702716152,
      "both_feet_contact": false,
      "foot_slip_distance": 0.26252828354069807,
      "support_margin": 0.14160377372693164,
      "knee_delta": 10.258125965364565,
      "hip_delta": 12.005513150711858,
      "up_z": 0.9276673518436477,
      "action_min": -1.9417637586593628,
      "action_max": 2.3509838581085205
    },
    {
      "t": 1.4,
      "frame": 84,
      "height": 0.6616562300894269,
      "visible_drop": 0.1492767637994281,
      "both_feet_contact": false,
      "foot_slip_distance": 0.3536364786464395,
      "support_margin": 0.05170663930382023,
      "knee_delta": 10.258125965364565,
      "hip_delta": 12.005513150711858,
      "up_z": 0.8561036871883162,
      "action_min": -4.114004135131836,
      "action_max": 3.4990503787994385
    },
    {
      "t": 1.6,
      "frame": 96,
      "height": 0.7872104256987997,
      "visible_drop": 0.02372256819005525,
      "both_feet_contact": false,
      "foot_slip_distance": 0.25064582313892564,
      "support_margin": 0.10738609439611561,
      "knee_delta": 10.258125965364565,
      "hip_delta": 12.005513150711858,
      "up_z": 0.951622487692301,
      "action_min": -2.43363356590271,
      "action_max": 2.6571152210235596
    },
    {
      "t": 1.8,
      "frame": 108,
      "height": 0.6958646023558449,
      "visible_drop": 0.11506839153301007,
      "both_feet_contact": false,
      "foot_slip_distance": 0.29275416078251315,
      "support_margin": 0.09115453145358045,
      "knee_delta": 10.258125965364565,
      "hip_delta": 12.005513150711858,
      "up_z": 0.94339103241848,