{
  "attempt": "reference-anchor-step0p25",
  "variant": {
    "seconds": 6.0,
    "quat_mode": "wxyz",
    "attempt": "reference-anchor-step0p25",
    "start_mode": "reference",
    "anchor_mode": "reference",
    "action_step": 0.25,
    "blend_reference": 0.0
  },
  "start_height": 0.805576,
  "min_height": -0.7626949123039785,
  "visible_drop": 1.5682709123039784,
  "fell_at": 0.62,
  "final_height": -0.3067593085244243,
  "return_to_stand": false,
  "foot_contact_ratio": 0.6666666666666666,
  "foot_slip_distance": 1.5680509832158267,
  "min_support_margin": -0.29024777173347294,
  "max_joint_limit_violation": 0.11700400279394034,
  "max_knee_delta_rad": 2.734128616673612,
  "max_hip_pitch_delta_rad": 2.3960949895411736,
  "action_min": -9.609115600585938,
  "action_max": 11.398028373718262,
  "obs_abs_max": 41.90324783325195,
  "samples": [
    {
      "t": 0.0,
      "motion_idx": 0,
      "height": 0.8049543409408532,
      "visible_drop": 0.0006216590591467952,
      "both_feet_contact": false,
      "foot_slip_distance": 0.006934690947559301,
      "support_margin": 0.10190225267447524,
      "knee_delta": 0.05755046430666996,
      "hip_delta": 0.08700413006368375,
      "up_z": 0.993435901536895,
      "action_min": -1.9447557926177979,
      "action_max": 1.548161506652832
    },
    {
      "t": 0.2,
      "motion_idx": 12,
      "height": 0.7577675313277098,
      "visible_drop": 0.04780846867229016,
      "both_feet_contact": true,
      "foot_slip_distance": 0.09812522006409481,
      "support_margin": 0.11972514497493836,
      "knee_delta": 0.589990432857504,
      "hip_delta": 0.7474618171562368,
      "up_z": 0.8824439195016872,
      "action_min": -2.489664077758789,
      "action_max": 5.839461326599121
    },
    {
      "t": 0.4,
      "motion_idx": 24,
      "height": 0.6302828914174481,
      "visible_drop": 0.17529310858255187,
      "both_feet_contact": false,
      "foot_slip_distance": 0.1073153608241852,
      "support_margin": 0.13310700651053442,
      "knee_delta": 1.294369741101273,
      "hip_delta": 0.7474618171562368,
      "up_z": 0.8021084850362056,
      "action_min": -5.358030796051025,
      "action_max": 8.045825958251953
    },
    {
      "t": 0.6,
      "motion_idx": 36,
      "height": 0.46421751981823917,
      "visible_drop": 0.3413584801817608,
      "both_feet_contact": false,
      "foot_slip_distance": 0.2202741764781558,
      "support_margin": -0.02673208066786209,
      "knee_delta": 2.6277063198765247,
      "hip_delta": 0.8799167780914611,
      "up_z": 0.9682483894812044,
      "action_min": -3.0571951866149902,
      "action_max": 6.157132148742676
    },
    {
      "t": 0.8,
      "motion_idx": 48,
      "height": 0.31395830427129207,
      "visible_drop": 0.4916176957287079,
      "both_feet_contact": true,
      "foot_slip_distance": 0.19728171600476546,
      "support_margin": -0.06029661357969211,
      "knee_delta": 2.734128616673612,
      "hip_delta": 0.8864906247362787,
      "up_z": 0.9255293346775213,
      "action_min": -2.813563108444214,
      "action_max": 7.313383102416992
    },
    {
      "t": 1.0,
      "motion_idx": 60,
      "height": 0.1795248888198569,
      "visible_drop": 0.626051111180143,
      "both_feet_contact": false,
      "foot_slip_distance": 0.21083120398373473,
      "support_margin": -0.026629272328391046,
      "knee_delta": 2.734128616673612,
      "hip_delta": 1.0694292799023981,
      "up_z": 0.7353173543471094,
      "action_min": -3.381946325302124,
      "action_max": 5.9892730712890625
    },
    {
      "t": 1.2,
      "motion_idx": 72,
      "height": -0.022348694355084454,
      "visible_drop": 0.8279246943550844,
      "both_feet_contact": false,
      "foot_slip_distance": 0.3163294200012733,
      "support_margin": -0.24354087201972718,
      "knee_delta": 2.734128616673612,
      "hip_delta": 1.2443693292997717,
      "up_z": -0.06598969209983863,
      "action_min": -3.853707790374756,
      "action_max": 6.638823509216309
    },
    {
      "t": 1.4,
      "motion_idx": 84,
      "height": -0.5230087476757718,
      "visible_drop": 1.3285847476757717,
      "both_feet_contact": true,
      "foot_slip_distance": 1.5680509832158267,
      "support_margin": 0.11914455190796806,
      "knee_delta": 2.734128616673612,
      "hip_delta": 1.2443693292997717,
      "up_z": -0.9268881138473622,
      "action_min": -6.213140964508057,
      "action_max": 10.994624137878418
    },
    {
      "t": 1.6,
      "motion_idx": 96,
      "height": -0.7517073834556943,
      "visible_drop": 1.5572833834556943,
      "both_feet_contact": true,
      "foot_slip_distance": 1.3690051511136703,
      "support_margin": 0.14428396374323982,
      "knee_delta": 2.734128616673612,
      "hip_delta": 1.2443693292997717,
      "up_z": -0.9695711429698178,
      "action_min": -4.160034656524658,
      "action_max": 4.20621919631958
    },
    {
      "t": 1.8,
      "motion_idx": 108,
      "height": -0.7409822898957592,
      "visible_drop": 1.546558289895759,
      "both_feet_contact": true,
      "foot_slip_distance": 1.412845008956423,
      "support_margin": 0.20310196381619644,
      "knee_delta": 2.734128616673612,
      "hip_delta": 1.2443693292997717,
      "up_z": -0.9690365220794559,
      "action_min": -4.50321102142334,
      "action_max": 5.491814136505127
    },
    {
      "t": 2.0,
      "motion_idx": 120,
      "height": -0.7335355571630784,
      "visible_drop": 1.5391115571630785,
      "both_feet_contact": true,
      "foot_slip_distance": 1.496625310747398,
      "support_margin": 0.2246736877716411,
      "knee_delta": 2.734128616673612,
      "hip_delta": 1.2443693292997717,
      "up_z": -0.9582323393148552,
      "action_min": -4.532876014709473,
      "action_max": 5.625504493713379
    },
    {
      "t": 2.2,
      "motion_idx": 132,
      "height": -0.7283948278909206,
      "visible_drop": 1.5339708278909205,
      "both_feet_contact": true,
      "foot_slip_distance": 1.5052728541504428,
      "support_margin": 0.20806781734919622,
      "knee_delta": 2.734128616673612,
      "hip_delta": 1.2443693292997717,
      "up_z": -0.9360464868974936,
      "action_min": -4.42017126083374,
      "action_max": 5.456472873687744
    },
    {
      "t": 2.4,
      "motion_idx": 144,
      "height": -0.7234194749814008,
      "visible_drop": 1.5289954749814008,
      "both_feet_contact": true,
      "foot_slip_distance": 1.5068972752556133,
      "support_margin": 0.21713712722947132,
      "knee_delta": 2.734128616673612,
      "hip_delta": 1.2443693292997717,
      "up_z": -0.9256352315900584,
      "action_min": -4.403292655944824,
      "action_max": 5.7035231590271
    },
    {
      "t": 2.6,
      "motion_idx": 156,
      "height": -0.7225074887122928,
      "visible_drop": 1.5280834887122927,
      "both_feet_contact": true,
      "foot_slip_distance": 1.509105798167825,
      "support_margin": 0.2207716286367104,
      "knee_delta": 2.734128616673612,
      "hip_delta": 1.2443693292997717,
      "up_z": -0.9431649565240783,
      "action_min": -4.315402984619141,
      "action_max": 5.7795257568359375
    },
    {
      "t": 2.8,
      "motion_idx": 168,
      "height": -0.7326683498834607,
      "visible_drop": 1.5382443498834606,
      "both_feet_contact": true,
      "foot_slip_distance": 1.5015985968351429,
      "support_margin": 0.20084612236119131,
      "knee_delta": 2.734128616673612,
      "hip_delta": 1.2443693292997717,
      "up_z": -0.9815606320428859,
      "action_min": -4.402317047119141,
      "action_max": 5.870211124420166
    },
    {
      "t": 3.0,
      "motion_idx": 180,
      "height": -0.7247212939307,
      "visible_drop": 1.5302972939306998,
      "both_feet_contact": true,
      "foot_slip_distance": 1.4906166237366871,
      "support_margin": 0.17917305134401165,
      "knee_delta": 2.734128616673612,
      "hip_delta": 1.2443693292997717,
      "up_z": -0.9896769300261168,