{
  "mode": "residual-clamp-only",
  "params_path": "C:\\Users\\yusun\\projects\\physical-ai\\experiments\\50-g1-stance-constrained-curriculum-ppo\\verify\\target-0p03-slip-0p08\\train\\params.pkl",
  "target_drop": 0.08,
  "support_floor": -0.005,
  "slip_limit": 0.08,
  "residual_limit": 0.08,
  "start_height": 0.755,
  "min_height": -0.7628903771530144,
  "visible_drop": 1.5178903771530146,
  "first_visible_at": 0.88,
  "fell_at": 1.24,
  "final_height": -0.74793414484274,
  "return_to_stand": false,
  "foot_contact_ratio": 0.93,
  "foot_slip_distance": 0.9373168482824694,
  "min_support_margin": -0.6304957787497142,
  "first_support_breach_at": 0.68,
  "first_slip_breach_at": 1.3,
  "max_joint_limit_violation": 0.03492760113718518,
  "max_knee_delta_rad": 0.5215394944915184,
  "max_hip_pitch_delta_rad": 0.29419918350767654,
  "max_action_norm": 1.604408860206604,
  "max_projected_delta": 1.4656291007995605,
  "pass_gate": false,
  "samples": [
    {
      "t": 0.0,
      "height": 0.7542077685764249,
      "visible_drop": 0.000792231423575096,
      "command": [
        0.0,
        0.0,
        0.0
      ],
      "support_margin": 0.08662714377162475,
      "health": 1.0,
      "both_feet_contact": true,
      "foot_slip_distance": 3.988665450763639e-05,
      "up_z": 0.9999972541482787,
      "action_norm": 1.2528657913208008,
      "projected_action_norm": 0.38234615325927734
    },
    {
      "t": 0.2,
      "height": 0.726659033722424,
      "visible_drop": 0.028340966277575985,
      "command": [
        0.07692307233810425,
        0.0,
        0.05128204822540283
      ],
      "support_margin": 0.08229365736008301,
      "health": 0.9960617683389426,
      "both_feet_contact": true,
      "foot_slip_distance": 0.00033828706492886816,
      "up_z": 0.9984328796172796,
      "action_norm": 1.5182536840438843,
      "projected_action_norm": 0.3660304546356201
    },
    {
      "t": 0.4,
      "height": 0.7272515747912094,
      "visible_drop": 0.027748425208790617,
      "command": [
        0.1538461446762085,
        0.0,
        0.10256409645080566
      ],
      "support_margin": 0.06184561647072506,
      "health": 0.9930810445751792,
      "both_feet_contact": true,
      "foot_slip_distance": 0.0005939922224849645,
      "up_z": 0.9999024671277637,
      "action_norm": 1.6315160989761353,
      "projected_action_norm": 0.3803347647190094
    },
    {
      "t": 0.6,
      "height": 0.7184037405523863,
      "visible_drop": 0.03659625944761369,
      "command": [
        0.23076923191547394,
        0.0,
        0.1538461595773697
      ],
      "support_margin": 0.01842402542770985,
      "health": 0.7220379407822201,
      "both_feet_contact": true,
      "foot_slip_distance": 0.001128018676345646,
      "up_z": 0.9984457957085998,
      "action_norm": 1.751080870628357,
      "projected_action_norm": 0.43552422523498535
    },
    {
      "t": 0.8,
      "height": 0.6923001268477504,
      "visible_drop": 0.06269987315224956,
      "command": [
        0.307692289352417,
        0.0,
        0.20512819290161133
      ],
      "support_margin": -0.06660233266280716,
      "health": 0.0,
      "both_feet_contact": true,
      "foot_slip_distance": 0.0017794335513729497,
      "up_z": 0.9836182028648962,
      "action_norm": 1.7766551971435547,
      "projected_action_norm": 0.5650075078010559
    },
    {
      "t": 1.0,
      "height": 0.6488419648020248,
      "visible_drop": 0.10615803519797518,
      "command": [
        0.38461539149284363,
        0.0,
        0.25641027092933655
      ],
      "support_margin": -0.20749922726367426,
      "health": 0.0,
      "both_feet_contact": false,
      "foot_slip_distance": 0.006593096551307561,
      "up_z": 0.8972465401679888,
      "action_norm": 1.9902900457382202,
      "projected_action_norm": 0.6887010931968689
    },
    {
      "t": 1.2,
      "height": 0.5052872982454666,
      "visible_drop": 0.24971270175453342,
      "command": [
        0.4615384638309479,
        0.0,
        0.3076923191547394
      ],
      "support_margin": -0.42225433164562926,
      "health": 0.0,
      "both_feet_contact": true,
      "foot_slip_distance": 0.033731062001235365,
      "up_z": 0.5969681208967598,
      "action_norm": 2.06941556930542,
      "projected_action_norm": 0.713162362575531
    },
    {
      "t": 1.4,
      "height": 0.04068678994410425,
      "visible_drop": 0.7143132100558958,
      "command": [
        0.5384615659713745,
        0.0,
        0.3589743971824646
      ],
      "support_margin": -0.609758905689519,
      "health": 0.0,
      "both_feet_contact": true,
      "foot_slip_distance": 0.22286054674317402,
      "up_z": -0.023072165183094722,
      "action_norm": 2.10741925239563,
      "projected_action_norm": 0.824303150177002
    },
    {
      "t": 1.6,
      "height": -0.7043763911333664,
      "visible_drop": 1.4593763911333664,
      "command": [
        0.615384578704834,
        0.0,
        0.41025638580322266
      ],
      "support_margin": -0.23103253511197486,
      "health": 0.0,
      "both_feet_contact": true,
      "foot_slip_distance": 0.7283750037910846,
      "up_z": -0.9278322611321999,
      "action_norm": 2.7674877643585205,
      "projected_action_norm": 0.9911187291145325
    },
    {
      "t": 1.8,
      "height": -0.70293791319211,
      "visible_drop": 1.45793791319211,
      "command": [
        0.692307710647583,
        0.0,
        0.46153849363327026
      ],
      "support_margin": -0.11067783509555196,
      "health": 0.0,
      "both_feet_contact": true,
      "foot_slip_distance": 0.9348786543363462,
      "up_z": -0.8838530239705553,
      "action_norm": 1.499695062637329,
      "projected_action_norm": 1.0662791728973389
    },
    {
      "t": 2.0,
      "height": -0.5462082995869464,
      "visible_drop": 1.3012082995869463,
      "command": [
        0.7692307829856873,
        0.0,
        0.5128205418586731
      ],
      "support_margin": -0.31559575651473165,
      "health": 0.0,
      "both_feet_contact": true,
      "foot_slip_distance": 0.8809783372395774,
      "up_z": -0.6835618543640624,
      "action_norm": 1.8425527811050415,
      "projected_action_norm": 1.2305158376693726
    },
    {
      "t": 2.2,
      "height": -0.5705971151340532,
      "visible_drop": 1.325597115134053,
      "command": [
        0.8461539149284363,
        0.0,
        0.5641026496887207
      ],
      "support_margin": -0.2778421111387992,
      "health": 0.0,
      "both_feet_contact": true,
      "foot_slip_distance": 0.7675480411893825,
      "up_z": -0.7039596172311008,
      "action_norm": 2.555556297302246,
      "projected_action_norm": 1.3969839811325073
    },
    {
      "t": 2.4,
      "height": -0.7003960413244418,
      "visible_drop": 1.4553960413244418,
      "command": [
        0.9230769276618958,
        0.0,
        0.6153846383094788
      ],
      "support_margin": -0.09704049832369444,
      "health": 0.0,
      "both_feet_contact": true,
      "foot_slip_distance": 0.670379719513992,
      "up_z": -0.9059537037701108,
      "action_norm": 2.2992284297943115,
      "projected_action_norm": 1.5010861158370972
    },
    {
      "t": 2.6,
      "height": -0.7116617884755448,
      "visible_drop": 1.4666617884755448,
      "command": [
        1.0,
        0.0,
        0.6666666865348816
      ],
      "support_margin": 0.02192355295677495,
      "health": 0.0,
      "both_feet_contact": true,
      "foot_slip_distance": 0.6696781813614063,
      "up_z": -0.9979236399947035,
      "action_norm": 1.650608777999878,
      "projected_action_norm": 1.604408860206604
    },
    {
      "t": 2.8,
      "height": -0.6243254107731776,
      "visible_drop": 1.3793254107731776,
      "command": [
        1.0,
        0.0,
        0.6666666865348816
      ],
      "support_margin": -0.19236774609690588,
      "health": 0.0,
      "both_feet_contact": true,
      "foot_slip_distance": 0.6773729280096529,