{
  "mode": "soft-brake",
  "params_path": "C:\\Users\\yusun\\projects\\physical-ai\\experiments\\50-g1-stance-constrained-curriculum-ppo\\verify\\target-0p03-slip-0p08\\train\\params.pkl",
  "target_drop": 0.08,
  "support_floor": -0.005,
  "slip_limit": 0.08,
  "residual_limit": 0.08,
  "start_height": 0.755,
  "min_height": -0.7758821901008065,
  "visible_drop": 1.5308821901008065,
  "first_visible_at": 1.66,
  "fell_at": 1.96,
  "final_height": -0.745546872961404,
  "return_to_stand": false,
  "foot_contact_ratio": 0.93,
  "foot_slip_distance": 1.0206341694255292,
  "min_support_margin": -0.633345945464073,
  "first_support_breach_at": 1.36,
  "first_slip_breach_at": 2.0,
  "max_joint_limit_violation": 0.032731116142455385,
  "max_knee_delta_rad": 0.6464640118999524,
  "max_hip_pitch_delta_rad": 0.2310288114570898,
  "max_action_norm": 1.4094732999801636,
  "max_projected_delta": 0.6417721509933472,
  "pass_gate": false,
  "samples": [
    {
      "t": 0.0,
      "height": 0.7540946652185861,
      "visible_drop": 0.0009053347814138579,
      "command": [
        0.0,
        0.0,
        0.0
      ],
      "support_margin": 0.08656881998447652,
      "health": 1.0,
      "both_feet_contact": true,
      "foot_slip_distance": 0.00012017403884819832,
      "up_z": 0.9999919173958224,
      "action_norm": 1.2528657913208008,
      "projected_action_norm": 1.2528657913208008
    },
    {
      "t": 0.2,
      "height": 0.7510521992446408,
      "visible_drop": 0.003947800755359165,
      "command": [
        0.07692307233810425,
        0.0,
        0.05128204822540283
      ],
      "support_margin": 0.08702789847995562,
      "health": 0.9928227789346892,
      "both_feet_contact": true,
      "foot_slip_distance": 0.0006134477352406814,
      "up_z": 0.9996055122333836,
      "action_norm": 0.8870112299919128,
      "projected_action_norm": 0.8828731179237366
    },
    {
      "t": 0.4,
      "height": 0.7494330394091321,
      "visible_drop": 0.00556696059086792,
      "command": [
        0.1538461446762085,
        0.0,
        0.10256409645080566
      ],
      "support_margin": 0.08791028391703193,
      "health": 0.9865700210239238,
      "both_feet_contact": true,
      "foot_slip_distance": 0.001128226076165922,
      "up_z": 0.9994565079776355,
      "action_norm": 0.74855637550354,
      "projected_action_norm": 0.7420218586921692
    },
    {
      "t": 0.6,
      "height": 0.7495083210317414,
      "visible_drop": 0.00549167896825864,
      "command": [
        0.23076923191547394,
        0.0,
        0.1538461595773697
      ],
      "support_margin": 0.08584475413416277,
      "health": 0.9801849740315908,
      "both_feet_contact": true,
      "foot_slip_distance": 0.0016353716021384973,
      "up_z": 0.9997367915420332,
      "action_norm": 0.7834224104881287,
      "projected_action_norm": 0.7733321189880371
    },
    {
      "t": 0.8,
      "height": 0.7507116577532129,
      "visible_drop": 0.004288342246787091,
      "command": [
        0.307692289352417,
        0.0,
        0.20512819290161133
      ],
      "support_margin": 0.0728570472214878,
      "health": 0.9738003608873093,
      "both_feet_contact": true,
      "foot_slip_distance": 0.0021497032662125904,
      "up_z": 0.9999322191224842,
      "action_norm": 0.9772297143936157,
      "projected_action_norm": 0.960587739944458
    },
    {
      "t": 1.0,
      "height": 0.751405863947455,
      "visible_drop": 0.003594136052544994,
      "command": [
        0.38461539149284363,
        0.0,
        0.25641027092933655
      ],
      "support_margin": 0.05388514141176505,
      "health": 0.966814425361932,
      "both_feet_contact": true,
      "foot_slip_distance": 0.0027063404465543315,
      "up_z": 0.99888841407834,
      "action_norm": 1.2304059267044067,
      "projected_action_norm": 1.2038652896881104
    },
    {
      "t": 1.2,
      "height": 0.7497927690233506,
      "visible_drop": 0.005207230976649435,
      "command": [
        0.4615384638309479,
        0.0,
        0.3076923191547394
      ],
      "support_margin": 0.026321347846331666,
      "health": 0.8332971404101356,
      "both_feet_contact": true,
      "foot_slip_distance": 0.0031163497648371056,
      "up_z": 0.9942971369232327,
      "action_norm": 1.3906291723251343,
      "projected_action_norm": 1.2399449348449707
    },
    {
      "t": 1.4,
      "height": 0.7357712275837619,
      "visible_drop": 0.019228772416238105,
      "command": [
        0.5384615659713745,
        0.0,
        0.3589743971824646
      ],
      "support_margin": -0.02219137636616858,
      "health": 0.0,
      "both_feet_contact": true,
      "foot_slip_distance": 0.003419621705319892,
      "up_z": 0.9842938427699935,
      "action_norm": 1.5696723461151123,
      "projected_action_norm": 0.5493853092193604
    },
    {
      "t": 1.6,
      "height": 0.697365433690193,
      "visible_drop": 0.05763456630980701,
      "command": [
        0.615384578704834,
        0.0,
        0.41025638580322266
      ],
      "support_margin": -0.11893392791239912,
      "health": 0.0,
      "both_feet_contact": true,
      "foot_slip_distance": 0.003568182870705312,
      "up_z": 0.9541427959017523,
      "action_norm": 1.701411485671997,
      "projected_action_norm": 0.5954940319061279
    },
    {
      "t": 1.8,
      "height": 0.6128452217989311,
      "visible_drop": 0.14215477820106892,
      "command": [
        0.692307710647583,
        0.0,
        0.46153849363327026
      ],
      "support_margin": -0.28787931899998764,
      "health": 0.0,
      "both_feet_contact": true,
      "foot_slip_distance": 0.014287466554337987,
      "up_z": 0.847759951235563,
      "action_norm": 1.8149343729019165,
      "projected_action_norm": 0.6352270245552063
    },
    {
      "t": 2.0,
      "height": 0.3531893535341687,
      "visible_drop": 0.4018106464658313,
      "command": [
        0.7692307829856873,
        0.0,
        0.5128205418586731
      ],
      "support_margin": -0.5508337663017049,
      "health": 0.0,
      "both_feet_contact": false,
      "foot_slip_distance": 0.08976414429038017,
      "up_z": 0.49432238841489423,
      "action_norm": 2.3662168979644775,
      "projected_action_norm": 0.8281759023666382
    },
    {
      "t": 2.2,
      "height": -0.24581847046010932,
      "visible_drop": 1.0008184704601093,
      "command": [
        0.8461539149284363,
        0.0,
        0.5641026496887207
      ],
      "support_margin": -0.5296211807966424,
      "health": 0.0,
      "both_feet_contact": true,
      "foot_slip_distance": 0.398415728469549,
      "up_z": -0.320620581659704,
      "action_norm": 2.2849721908569336,
      "projected_action_norm": 0.799740195274353
    },
    {
      "t": 2.4,
      "height": -0.7615816265554165,
      "visible_drop": 1.5165816265554164,
      "command": [
        0.9230769276618958,
        0.0,
        0.6153846383094788
      ],
      "support_margin": 0.07587299781103374,
      "health": 0.0,
      "both_feet_contact": false,
      "foot_slip_distance": 0.9832118607116143,
      "up_z": -0.9912439848633647,
      "action_norm": 2.184870958328247,
      "projected_action_norm": 0.7647048234939575
    },
    {
      "t": 2.6,
      "height": -0.6567068815466486,
      "visible_drop": 1.4117068815466487,
      "command": [
        1.0,
        0.0,
        0.6666666865348816
      ],
      "support_margin": -0.20436077637856853,
      "health": 0.0,
      "both_feet_contact": true,
      "foot_slip_distance": 1.0115922320973902,
      "up_z": -0.8224153851855491,
      "action_norm": 1.5988694429397583,
      "projected_action_norm": 0.5596043467521667
    },
    {
      "t": 2.8,
      "height": -0.5809395798254525,
      "visible_drop": 1.3359395798254525,
      "command": [
        1.0,
        0.0,
        0.6666666865348816
      ],
      "support_margin": -0.30604683209483885,
      "health": 0.0,
      "both_feet_contact": false,