{
  "target_drop": 0.03,
  "support_floor": -0.005,
  "slip_limit": 0.08,
  "params_path": "C:\\Users\\yusun\\projects\\physical-ai\\experiments\\50-g1-stance-constrained-curriculum-ppo\\verify\\target-0p03-slip-0p08\\train\\params.pkl",
  "start_height": 0.755,
  "min_height": 0.6788457357410124,
  "visible_drop": 0.07615426425898764,
  "first_visible_at": null,
  "fell_at": null,
  "final_height": 0.6788457357410124,
  "return_to_stand": false,
  "foot_contact_ratio": 0.37666666666666665,
  "foot_slip_distance": 3.275778205791254,
  "min_support_margin": -0.13326510502082578,
  "first_support_breach_at": 1.4,
  "first_slip_breach_at": 1.7,
  "max_joint_limit_violation": 0.023411419028688985,
  "max_lr_normal_imbalance": 1.0,
  "max_lower_inverse_torque": 18028.65786853332,
  "pass_gate": false,
  "verdict": "DEPTH_PENDING",
  "samples": [
    {
      "t": 0.0,
      "height": 0.7540946652185861,
      "visible_drop": 0.0009053347814138579,
      "command": [
        0.0,
        0.0,
        0.0
      ],
      "support_margin": 0.08656881998447652,
      "both_feet_contact": true,
      "foot_slip_distance": 0.00012017403884819832,
      "lr_normal_imbalance": 0.1992483830090942,
      "inverse_torque": 12.132625127025122,
      "up_z": 0.9999919173958224,
      "action_norm": 1.2528657913208008
    },
    {
      "t": 0.2,
      "height": 0.7510242507508031,
      "visible_drop": 0.003975749249196858,
      "command": [
        0.07692307233810425,
        0.0,
        0.019230768084526062
      ],
      "support_margin": 0.08700601661759333,
      "both_feet_contact": true,
      "foot_slip_distance": 0.0006083622139195051,
      "lr_normal_imbalance": 0.05133593657037787,
      "inverse_torque": 12.707030907620785,
      "up_z": 0.9996025152166623,
      "action_norm": 0.8916431665420532
    },
    {
      "t": 0.4,
      "height": 0.749322523347769,
      "visible_drop": 0.0056774766522309505,
      "command": [
        0.1538461446762085,
        0.0,
        0.038461536169052124
      ],
      "support_margin": 0.08774018513553983,
      "both_feet_contact": true,
      "foot_slip_distance": 0.001107138017094671,
      "lr_normal_imbalance": 0.02052544762840628,
      "inverse_torque": 14.101214806890935,
      "up_z": 0.9994507528806073,
      "action_norm": 0.7567420601844788
    },
    {
      "t": 0.6,
      "height": 0.7493319376758537,
      "visible_drop": 0.005668062324146295,
      "command": [
        0.23076923191547394,
        0.0,
        0.057692307978868484
      ],
      "support_margin": 0.08638067252948715,
      "both_feet_contact": true,
      "foot_slip_distance": 0.0015716810144493578,
      "lr_normal_imbalance": 0.05894738685278482,
      "inverse_torque": 13.341667001900042,
      "up_z": 0.9997218868901059,
      "action_norm": 0.7875385284423828
    },
    {
      "t": 0.8,
      "height": 0.7502996925508654,
      "visible_drop": 0.004700307449134633,
      "command": [
        0.307692289352417,
        0.0,
        0.07692307233810425
      ],
      "support_margin": 0.07397374812932282,
      "both_feet_contact": true,
      "foot_slip_distance": 0.002051016770698267,
      "lr_normal_imbalance": 0.005810764888245852,
      "inverse_torque": 11.807417635518528,
      "up_z": 0.9999249045175191,
      "action_norm": 0.950417697429657
    },
    {
      "t": 1.0,
      "height": 0.7508574187765316,
      "visible_drop": 0.0041425812234684445,
      "command": [
        0.38461539149284363,
        0.0,
        0.09615384787321091
      ],
      "support_margin": 0.05603985640520848,
      "both_feet_contact": true,
      "foot_slip_distance": 0.0026200228449890983,
      "lr_normal_imbalance": 0.01759117002409937,
      "inverse_torque": 9.84630423271359,
      "up_z": 0.9992543535194348,
      "action_norm": 1.196246862411499
    },
    {
      "t": 1.2,
      "height": 0.7494288830075607,
      "visible_drop": 0.0055711169924392845,
      "command": [
        0.4615384638309479,
        0.0,
        0.11538461595773697
      ],
      "support_margin": 0.030584148475293685,
      "both_feet_contact": true,
      "foot_slip_distance": 0.0031533956931708218,
      "lr_normal_imbalance": 0.02960759351651108,
      "inverse_torque": 11.633666908755293,
      "up_z": 0.9962239523829053,
      "action_norm": 1.3666459321975708
    },
    {
      "t": 1.4,
      "height": 0.7425417243607709,
      "visible_drop": 0.012458275639229077,
      "command": [
        0.5384615659713745,
        0.0,
        0.13461539149284363
      ],
      "support_margin": -0.009337781377141419,
      "both_feet_contact": true,
      "foot_slip_distance": 0.003820010035159728,
      "lr_normal_imbalance": 0.02328666484458317,
      "inverse_torque": 13.73317160608936,
      "up_z": 0.9875824218187365,
      "action_norm": 1.4460804462432861
    },
    {
      "t": 1.6,
      "height": 0.7160345527248883,
      "visible_drop": 0.03896544727511175,
      "command": [
        0.615384578704834,
        0.0,
        0.1538461446762085
      ],
      "support_margin": -0.07787477311530758,
      "both_feet_contact": true,
      "foot_slip_distance": 0.0069928747092932635,
      "lr_normal_imbalance": 0.3596185057557638,
      "inverse_torque": 26.604229388034174,
      "up_z": 0.9767265387369053,
      "action_norm": 1.8125441074371338
    },
    {
      "t": 1.8,
      "height": 0.6922169339712849,
      "visible_drop": 0.06278306602871508,
      "command": [
        0.692307710647583,
        0.0,
        0.17307692766189575
      ],
      "support_margin": 0.05159042073961739,
      "both_feet_contact": false,
      "foot_slip_distance": 0.2921283884675744,
      "lr_normal_imbalance": 1.0,
      "inverse_torque": 37.827925708949614,
      "up_z": 0.9561300191871809,
      "action_norm": 2.2147650718688965
    },
    {
      "t": 2.0,
      "height": 0.7186243014080362,
      "visible_drop": 0.03637569859196377,
      "command": [
        0.7692307829856873,
        0.0,
        0.19230769574642181
      ],
      "support_margin": 0.0734292216013819,
      "both_feet_contact": false,
      "foot_slip_distance": 0.6467590592809559,
      "lr_normal_imbalance": 1.0,
      "inverse_torque": 143.12351310305553,
      "up_z": 0.974040018385228,
      "action_norm": 1.5897284746170044
    },
    {
      "t": 2.2,
      "height": 0.7516185734216931,
      "visible_drop": 0.0033814265783068675,
      "command": [
        0.8461539149284363,
        0.0,
        0.21153847873210907
      ],
      "support_margin": 0.02970916735534683,
      "both_feet_contact": false,
      "foot_slip_distance": 1.0207743052280418,
      "lr_normal_imbalance": 1.0,
      "inverse_torque": 29.08856428035174,
      "up_z": 0.9697119569517388,
      "action_norm": 1.7037737369537354
    },
    {
      "t": 2.4,
      "height": 0.7366165600024539,
      "visible_drop": 0.018383439997546103,
      "command": [
        0.9230769276618958,
        0.0,
        0.23076923191547394
      ],
      "support_margin": 0.04917485619180485,
      "both_feet_contact": false,
      "foot_slip_distance": 1.3065323646061482,
      "lr_normal_imbalance": 1.0,
      "inverse_torque": 19.04458378084233,
      "up_z": 0.9920658382691252,
      "action_norm": 1.573135256767273
    },
    {
      "t": 2.6,
      "height": 0.7487473578057678,
      "visible_drop": 0.006252642194232161,
      "command": [
        1.0,
        0.0,
        0.25
      ],
      "support_margin": 0.1736511895625783,
      "both_feet_contact": true,
      "foot_slip_distance": 1.5151494606363727,
      "lr_normal_imbalance": 0.5781285264901047,
      "inverse_torque": 70.79938498526006,
      "up_z": 0.9993362245049471,
      "action_norm": 1.7754316329956055
    },
    {
      "t": 2.8,
      "height": 0.7622203118942322,
      "visible_drop": -0.007220311894232223,
      "command": [
        1.0,
        0.0,
        0.25
      ],
      "support_margin": 0.12467552920139244,
      "both_feet_contact": false,