{
  "target_drop": 0.08,
  "params_path": "C:\\Users\\yusun\\projects\\physical-ai\\experiments\\49-g1-command-conditioned-squat-policy\\verify\\target-0p08\\train\\params.pkl",
  "start_height": 0.755,
  "min_height": 0.46649510081433776,
  "visible_drop": 0.28850489918566224,
  "first_visible_at": 5.74,
  "fell_at": null,
  "final_height": 0.46649510081433776,
  "return_to_stand": false,
  "foot_contact_ratio": 0.37,
  "foot_slip_distance": 2.9447746822112593,
  "min_support_margin": -0.4719759061641493,
  "first_support_breach_at": 1.36,
  "max_joint_limit_violation": 0.028856147990624248,
  "max_lr_normal_imbalance": 1.0,
  "max_lower_inverse_torque": 11331.14987481952,
  "max_action_norm": 2.662848711013794,
  "pass_gate": false,
  "verdict": "RETURN_PENDING",
  "samples": [
    {
      "t": 0.0,
      "height": 0.7540938400167516,
      "visible_drop": 0.0009061599832483891,
      "command": [
        0.0,
        0.0,
        0.0
      ],
      "support_margin": 0.08655998442090806,
      "both_feet_contact": true,
      "foot_slip_distance": 0.00010868750617600522,
      "lr_normal_imbalance": 0.1612046613729652,
      "inverse_torque": 13.806992759916223,
      "up_z": 0.9999909402954377,
      "action_norm": 1.2778586149215698
    },
    {
      "t": 0.2,
      "height": 0.7511975758740114,
      "visible_drop": 0.003802424125988635,
      "command": [
        0.07692307233810425,
        0.0,
        0.05128204822540283
      ],
      "support_margin": 0.0869261446269744,
      "both_feet_contact": true,
      "foot_slip_distance": 0.0006075126500452821,
      "lr_normal_imbalance": 0.04792813429320095,
      "inverse_torque": 12.609347724603193,
      "up_z": 0.999583240584709,
      "action_norm": 0.8970603346824646
    },
    {
      "t": 0.4,
      "height": 0.7495816790468016,
      "visible_drop": 0.005418320953198386,
      "command": [
        0.1538461446762085,
        0.0,
        0.10256409645080566
      ],
      "support_margin": 0.08764915074899625,
      "both_feet_contact": true,
      "foot_slip_distance": 0.0011615824823109492,
      "lr_normal_imbalance": 0.02348695183268731,
      "inverse_torque": 13.925977397071152,
      "up_z": 0.9994202978027144,
      "action_norm": 0.752525269985199
    },
    {
      "t": 0.6,
      "height": 0.7496815928330018,
      "visible_drop": 0.0053184071669981625,
      "command": [
        0.23076923191547394,
        0.0,
        0.1538461595773697
      ],
      "support_margin": 0.08627464988713801,
      "both_feet_contact": true,
      "foot_slip_distance": 0.001697850783294004,
      "lr_normal_imbalance": 0.055584786202455966,
      "inverse_torque": 13.219960391985595,
      "up_z": 0.9997085532027353,
      "action_norm": 0.7846984267234802
    },
    {
      "t": 0.8,
      "height": 0.7508455202311908,
      "visible_drop": 0.004154479768809227,
      "command": [
        0.307692289352417,
        0.0,
        0.20512819290161133
      ],
      "support_margin": 0.07341361729284313,
      "both_feet_contact": true,
      "foot_slip_distance": 0.002249202793385878,
      "lr_normal_imbalance": 0.014063130853685522,
      "inverse_torque": 11.729060952186343,
      "up_z": 0.9999428858661742,
      "action_norm": 0.9707391858100891
    },
    {
      "t": 1.0,
      "height": 0.7514707369765156,
      "visible_drop": 0.0035292630234844413,
      "command": [
        0.38461539149284363,
        0.0,
        0.25641027092933655
      ],
      "support_margin": 0.05477914471714633,
      "both_feet_contact": true,
      "foot_slip_distance": 0.0028508944555322977,
      "lr_normal_imbalance": 0.026027524595400482,
      "inverse_torque": 9.727423978511668,
      "up_z": 0.9990985786822367,
      "action_norm": 1.222962737083435
    },
    {
      "t": 1.2,
      "height": 0.749867409609072,
      "visible_drop": 0.005132590390927949,
      "command": [
        0.4615384638309479,
        0.0,
        0.3076923191547394
      ],
      "support_margin": 0.028099358950152725,
      "both_feet_contact": true,
      "foot_slip_distance": 0.0032955396118122125,
      "lr_normal_imbalance": 0.008918124136732094,
      "inverse_torque": 11.876890918466607,
      "up_z": 0.9951696786148893,
      "action_norm": 1.3871204853057861
    },
    {
      "t": 1.4,
      "height": 0.7416105349202644,
      "visible_drop": 0.013389465079735596,
      "command": [
        0.5384615659713745,
        0.0,
        0.3589743971824646
      ],
      "support_margin": -0.01439824809038262,
      "both_feet_contact": true,
      "foot_slip_distance": 0.0038143123508677197,
      "lr_normal_imbalance": 0.060505853482776116,
      "inverse_torque": 14.017061138907174,
      "up_z": 0.9847378299598923,
      "action_norm": 1.4618687629699707
    },
    {
      "t": 1.6,
      "height": 0.7123198804284296,
      "visible_drop": 0.04268011957157036,
      "command": [
        0.615384578704834,
        0.0,
        0.41025638580322266
      ],
      "support_margin": -0.09072489312273968,
      "both_feet_contact": true,
      "foot_slip_distance": 0.009359878802854323,
      "lr_normal_imbalance": 0.3965789176705693,
      "inverse_torque": 48.42535954031657,
      "up_z": 0.9734697625271757,
      "action_norm": 2.468322277069092
    },
    {
      "t": 1.8,
      "height": 0.6985063218419213,
      "visible_drop": 0.05649367815807871,
      "command": [
        0.692307710647583,
        0.0,
        0.46153849363327026
      ],
      "support_margin": 0.04372618057850486,
      "both_feet_contact": false,
      "foot_slip_distance": 0.3116448943339028,
      "lr_normal_imbalance": 1.0,
      "inverse_torque": 52.58140454970693,
      "up_z": 0.954200506631534,
      "action_norm": 2.3964529037475586
    },
    {
      "t": 2.0,
      "height": 0.7296451511609301,
      "visible_drop": 0.02535484883906991,
      "command": [
        0.7692307829856873,
        0.0,
        0.5128205418586731
      ],
      "support_margin": 0.08807601326073841,
      "both_feet_contact": false,
      "foot_slip_distance": 0.6784896372168737,
      "lr_normal_imbalance": 1.0,
      "inverse_torque": 56.63793315146907,
      "up_z": 0.9764501490007557,
      "action_norm": 1.816053867340088
    },
    {
      "t": 2.2,
      "height": 0.7610857670352466,
      "visible_drop": -0.006085767035246548,
      "command": [
        0.8461539149284363,
        0.0,
        0.5641026496887207
      ],
      "support_margin": 0.0501870578221783,
      "both_feet_contact": false,
      "foot_slip_distance": 1.064245953457368,
      "lr_normal_imbalance": 1.0,
      "inverse_torque": 46.90301951364725,
      "up_z": 0.9764405497517206,
      "action_norm": 1.6112383604049683
    },
    {
      "t": 2.4,
      "height": 0.7407079312619868,
      "visible_drop": 0.014292068738013253,
      "command": [
        0.9230769276618958,
        0.0,
        0.6153846383094788
      ],
      "support_margin": 0.0657817505390898,
      "both_feet_contact": false,
      "foot_slip_distance": 1.266442670092346,
      "lr_normal_imbalance": 1.0,
      "inverse_torque": 24.307398714615093,
      "up_z": 0.991772194009486,
      "action_norm": 1.5716581344604492
    },
    {
      "t": 2.6,
      "height": 0.7583071999213564,
      "visible_drop": -0.0033071999213564185,
      "command": [
        1.0,
        0.0,
        0.6666666865348816
      ],
      "support_margin": 0.14246411181354235,
      "both_feet_contact": true,
      "foot_slip_distance": 1.4245819009560043,
      "lr_normal_imbalance": 0.31906658054667114,
      "inverse_torque": 106.1643260626639,
      "up_z": 0.9987208087231405,
      "action_norm": 1.7269686460494995
    },
    {
      "t": 2.8,
      "height": 0.773594372291399,
      "visible_drop": -0.01859437229139904,
      "command": [
        1.0,
        0.0,
        0.6666666865348816
      ],
      "support_margin": 0.13554648469962816,
      "both_feet_contact": false,