{
  "env": "Go1JoystickFlatTerrain",
  "obs_dim": 48,
  "act_dim": 12,
  "layout": [
    [
      "local_linvel",
      3
    ],
    [
      "gyro",
      3
    ],
    [
      "gravity_projected",
      3
    ],
    [
      "joint_angles_minus_default",
      12
    ],
    [
      "joint_vel",
      12
    ],
    [
      "last_act",
      12
    ],
    [
      "command",
      3
    ]
  ],
  "normalization": "(obs - mean) / std, baked into onnx",
  "mean": [
    -0.022190812975168228,
    -0.0009500712621957064,
    0.010933640412986279,
    0.006229832768440247,
    -0.0037808374036103487,
    0.00043701971299014986,
    0.008324455469846725,
    -0.003062347648665309,
    -0.9952902793884277,
    0.009102416224777699,
    0.028925620019435883,
    -0.03827061876654625,
    -0.01442843396216631,
    0.04403876140713692,
    -0.024613406509160995,
    0.01667768880724907,
    0.008132364600896835,
    -0.028349000960588455,
    0.003930728882551193,
    -0.001727214315906167,
    -0.03014823980629444,
    0.016578277572989464,
    0.027573907747864723,
    -0.07230553030967712,
    -0.021853547543287277,
    0.03806596249341965,
    -0.08705763518810272,
    0.015642214566469193,
    0.01359553262591362,
    -0.06335316598415375,
    -0.009800007566809654,
    0.012422855943441391,
    -0.05400248244404793,
    0.04092983156442642,
    0.0110920500010252,
    0.189828023314476,
    -0.05287199467420578,
    0.028810618445277214,
    0.22716332972049713,
    0.06057737395167351,
    0.028721416369080544,
    0.20375773310661316,
    -0.025200549513101578,
    0.011006863787770271,
    0.17953698337078094,
    0.0004342406755313277,
    0.00032966426806524396,
    -0.0005351702566258609
  ],
  "std": [
    0.694689154624939,
    0.34660521149635315,
    0.15751321613788605,
    1.135783076286316,
    0.4822255074977875,
    0.666553795337677,
    0.04788057878613472,
    0.08308229595422745,
    0.05120377242565155,
    0.10748907923698425,
    0.1467912495136261,
    0.2008703649044037,
    0.1112402081489563,
    0.1534682661294937,
    0.20087385177612305,
    0.10369221866130829,
    0.14635604619979858,
    0.19891507923603058,
    0.09906391054391861,
    0.14586438238620758,
    0.2058507800102234,
    2.5557010173797607,
    3.305469274520874,
    4.91939115524292,
    2.6021244525909424,
    3.406116485595703,
    5.080779552459717,
    2.518390655517578,
    3.303903818130493,
    4.9540486335754395,
    2.488581418991089,
    3.2386600971221924,
    4.879143238067627,
    0.23491834104061127,
    0.301291286945343,
    0.6069220304489136,
    0.23635981976985931,
    0.32174423336982727,
    0.5997121334075928,
    0.2186361849308014,
    0.2896933853626251,
    0.600857138633728,
    0.22054098546504974,
    0.2911248505115509,
    0.6090952157974243,
    0.8560981750488281,
    0.41973677277565,
    0.6507649421691895
  ],
  "default_pose": null,
  "action": "motor_targets = default_pose + action * 0.5; ctrl_dt=0.02 (50Hz); n_substeps=5",
  "activation": "silu",
  "policy_mlp": [
    512,
    256,
    128,
    24
  ],
  "onnx": "go1_policy.onnx (input obs[1,48] -> action[1,12] in [-1,1])"
}