{
  "target_drop": 0.08,
  "support_floor": 0.0,
  "slip_limit": 0.055,
  "params_path": "C:\\Users\\yusun\\projects\\physical-ai\\experiments\\89-g1-stance-constrained-residual-finetune\\verify\\target-0p080-slip-0p06\\train\\params.pkl",
  "start_height": 0.755,
  "min_height": 0.6917845115291033,
  "visible_drop": 0.06321548847089675,
  "first_visible_at": null,
  "max_knee_delta_rad": 0.5778891576799043,
  "max_hip_pitch_delta_rad": 0.5003086257194889,
  "fell_at": null,
  "final_height": 0.7588380635720052,
  "return_to_stand": true,
  "foot_contact_ratio": 0.37333333333333335,
  "foot_slip_distance": 3.2499619189909565,
  "min_support_margin": -0.10766720032231067,
  "first_support_breach_at": 1.38,
  "first_slip_breach_at": 1.7,
  "max_joint_limit_violation": 0.0,
  "max_lr_normal_imbalance": 1.0,
  "max_lower_inverse_torque": 14758.368092085451,
  "samples": [
    {
      "t": 0.0,
      "height": 0.7541266505382457,
      "visible_drop": 0.0008733494617543247,
      "knee_delta": 0.019896904088535505,
      "hip_delta": 0.015131832324139172,
      "command": [
        0.0,
        0.0,
        0.0
      ],
      "support_margin": 0.08657333523995661,
      "both_feet_contact": true,
      "foot_slip_distance": 0.00011418682905744762,
      "lr_normal_imbalance": 0.04109051652960526,
      "inverse_torque": 12.61879160777628,
      "up_z": 0.999993796870757,
      "action_norm": 1.2164816856384277
    },
    {
      "t": 0.2,
      "height": 0.7508556301587173,
      "visible_drop": 0.004144369841282747,
      "knee_delta": 0.0774930448196709,
      "hip_delta": 0.005058055586198706,
      "command": [
        0.0714285671710968,
        0.0,
        0.0476190447807312
      ],
      "support_margin": 0.08719394575986648,
      "both_feet_contact": true,
      "foot_slip_distance": 0.0006168714358402874,
      "lr_normal_imbalance": 0.03658366543459982,
      "inverse_torque": 12.515082977958995,
      "up_z": 0.9995234876326283,
      "action_norm": 0.9054650068283081
    },
    {
      "t": 0.4,
      "height": 0.7493769317874343,
      "visible_drop": 0.005623068212565752,
      "knee_delta": 0.09343158446364319,
      "hip_delta": 0.007364240053493454,
      "command": [
        0.1428571343421936,
        0.0,
        0.0952380895614624
      ],
      "support_margin": 0.08793195153388655,
      "both_feet_contact": true,
      "foot_slip_distance": 0.0011797524334414232,
      "lr_normal_imbalance": 0.01859123634160927,
      "inverse_torque": 13.831208623864883,
      "up_z": 0.9993525265653064,
      "action_norm": 0.7633833885192871
    },
    {
      "t": 0.6,
      "height": 0.7494290514694673,
      "visible_drop": 0.005570948530532749,
      "knee_delta": 0.09316735971167411,
      "hip_delta": 0.007100034583597148,
      "command": [
        0.2142857015132904,
        0.0,
        0.1428571343421936
      ],
      "support_margin": 0.08649204585033698,
      "both_feet_contact": true,
      "foot_slip_distance": 0.0017397281423277486,
      "lr_normal_imbalance": 0.051579014580504984,
      "inverse_torque": 13.164057065315498,
      "up_z": 0.9996438757665344,
      "action_norm": 0.7915630340576172
    },
    {
      "t": 0.8,
      "height": 0.7504336188180275,
      "visible_drop": 0.004566381181972501,
      "knee_delta": 0.07922180679027246,
      "hip_delta": 0.0075764228330157946,
      "command": [
        0.2857142686843872,
        0.0,
        0.1904761791229248
      ],
      "support_margin": 0.07452757182218638,
      "both_feet_contact": true,
      "foot_slip_distance": 0.0022965296911875445,
      "lr_normal_imbalance": 0.0026547313984995953,
      "inverse_torque": 11.7423912914671,
      "up_z": 0.9999433746963585,
      "action_norm": 0.9617038369178772
    },
    {
      "t": 1.0,
      "height": 0.7510591469248886,
      "visible_drop": 0.0039408530751113835,
      "knee_delta": 0.05998781215328719,
      "hip_delta": 0.005833305117369902,
      "command": [
        0.3571428656578064,
        0.0,
        0.2380952537059784
      ],
      "support_margin": 0.057326059612144195,
      "both_feet_contact": true,
      "foot_slip_distance": 0.0028827128239692704,
      "lr_normal_imbalance": 0.021953594146091136,
      "inverse_torque": 9.945250522357348,
      "up_z": 0.9993744581323508,
      "action_norm": 1.1973369121551514
    },
    {
      "t": 1.2,
      "height": 0.7500168900903701,
      "visible_drop": 0.0049831099096299125,
      "knee_delta": 0.05007871190277824,
      "hip_delta": 0.005392721274741719,
      "command": [
        0.4285714030265808,
        0.0,
        0.2857142686843872
      ],
      "support_margin": 0.03309033865272956,
      "both_feet_contact": true,
      "foot_slip_distance": 0.0033333933397786853,
      "lr_normal_imbalance": 0.00934253465932378,
      "inverse_torque": 11.593081764625486,
      "up_z": 0.9962411665352044,
      "action_norm": 1.362492322921753
    },
    {
      "t": 1.4,
      "height": 0.7442391139625918,
      "visible_drop": 0.010760886037408213,
      "knee_delta": 0.06490094759520526,
      "hip_delta": 0.01918028725069515,
      "command": [
        0.5,
        0.0,
        0.3333333432674408
      ],
      "support_margin": -0.004842925884214033,
      "both_feet_contact": true,
      "foot_slip_distance": 0.0037674513358151684,
      "lr_normal_imbalance": 0.048751455406379464,
      "inverse_torque": 13.540762690015013,
      "up_z": 0.9869310682982444,
      "action_norm": 1.4404641389846802
    },
    {
      "t": 1.6,
      "height": 0.7201624683441239,
      "visible_drop": 0.03483753165587611,
      "knee_delta": 0.12668394019575746,
      "hip_delta": 0.05525732472754974,
      "command": [
        0.5714285373687744,
        0.0,
        0.3809523582458496
      ],
      "support_margin": -0.07014238975506867,
      "both_feet_contact": true,
      "foot_slip_distance": 0.005942019066049312,
      "lr_normal_imbalance": 0.26433882883565685,
      "inverse_torque": 16.728421383005088,
      "up_z": 0.9754681382181378,
      "action_norm": 1.6389278173446655
    },
    {
      "t": 1.8,
      "height": 0.6956923979576919,
      "visible_drop": 0.059307602042308116,
      "knee_delta": 0.37883043520853277,
      "hip_delta": 0.3930376426865952,
      "command": [
        0.6428571343421936,
        0.0,
        0.4285714328289032
      ],
      "support_margin": 0.06468170513175753,
      "both_feet_contact": false,
      "foot_slip_distance": 0.29100379894924394,
      "lr_normal_imbalance": 1.0,
      "inverse_torque": 97.97101843595424,
      "up_z": 0.9589933429303981,
      "action_norm": 1.4062767028808594
    },
    {
      "t": 2.0,
      "height": 0.7251468594157188,
      "visible_drop": 0.029853140584281235,
      "knee_delta": 0.272498449939385,
      "hip_delta": 0.37466630732775935,
      "command": [
        0.7142857313156128,
        0.0,
        0.4761905074119568
      ],
      "support_margin": 0.06223288023458495,
      "both_feet_contact": false,
      "foot_slip_distance": 0.5912473941774261,
      "lr_normal_imbalance": 1.0,
      "inverse_torque": 14758.368092085451,
      "up_z": 0.9786496138389199,
      "action_norm": 1.4747402667999268
    },
    {
      "t": 2.2,
      "height": 0.7596345193561023,
      "visible_drop": -0.004634519356102262,
      "knee_delta": 0.33982228025295047,
      "hip_delta": 0.35809308493214137,
      "command": [
        0.785714328289032,
        0.0,
        0.523809552192688
      ],
      "support_margin": 0.03023316564037995,
      "both_feet_contact": false,
      "foot_slip_distance": 0.8760426817373752,
      "lr_normal_imbalance": 1.0,
      "inverse_torque": 9.786469733484907,
      "up_z": 0.9697789483437812,
      "action_norm": 2.1202728748321533
    },
    {
      "t": 2.4,
      "height": 0.7315700632983899,
      "visible_drop": 0.023429936701610088,
      "knee_delta": 0.37504049644085535,
      "hip_delta": 0.43621876070107773,