{
  "attempt": "ramp-stage-0p74-gain-0p50",
  "mode": "reference-ramp",
  "stage_height": 0.74,
  "reference_gain": 0.5,
  "ramp_s": 3.0,
  "residual_scale": 1.0,
  "params_path": "C:\\Users\\yusun\\projects\\physical-ai\\experiments\\22-g1-squat-depth-finetune\\verify\\train\\params.pkl",
  "seconds": 6.0,
  "start_height": 0.755,
  "min_height": 0.7445280349723068,
  "visible_drop": 0.010471965027693209,
  "first_visible_at": null,
  "fell_at": null,
  "upright_s": 6.0,
  "hold_duration_at_or_below_stage": 0.46,
  "final_height": 0.7497389377758085,
  "return_to_stand": true,
  "foot_contact_ratio": 1.0,
  "foot_slip_distance": 0.012495623908640991,
  "min_support_margin": 0.06017787406552429,
  "first_support_breach_at": null,
  "max_downward_velocity": -0.039663726320710024,
  "max_reference_error": 0.0012954854138327821,
  "max_height_error": 0.00019839851524180446,
  "max_joint_limit_violation": 0.0,
  "pass_gate": false,
  "verdict": "DEPTH_PENDING",
  "samples": [
    {
      "t": 0.0,
      "base_height": 0.755,
      "visible_drop": 0.0,
      "target_height": 0.7549999952316284,
      "up_z": 1.0,
      "both_feet_contact": true,
      "foot_slip_distance": 0.0,
      "support_margin": 0.08631053913643147,
      "vertical_velocity": 0.0,
      "reference_error": 1.2614786223382194e-16,
      "height_error": 2.2737367586674853e-17
    },
    {
      "t": 0.2,
      "base_height": 0.753861585469312,
      "visible_drop": 0.00113841453068797,
      "target_height": 0.7400000095367432,
      "up_z": 0.9997475348048969,
      "both_feet_contact": true,
      "foot_slip_distance": 0.0005520582511591707,
      "support_margin": 0.08618291491993815,
      "vertical_velocity": -0.011191242564273507,
      "reference_error": 0.00033857645822014243,
      "height_error": 0.00019214328733437256
    },
    {
      "t": 0.4,
      "base_height": 0.7521685632244477,
      "visible_drop": 0.0028314367755523095,
      "target_height": 0.7400000095367432,
      "up_z": 0.999401465903575,
      "both_feet_contact": true,
      "foot_slip_distance": 0.001021190871910362,
      "support_margin": 0.08212676261690703,
      "vertical_velocity": -0.007908759348784766,
      "reference_error": 0.00045655052364339764,
      "height_error": 0.00014807369885054753
    },
    {
      "t": 0.6,
      "base_height": 0.7508743652291601,
      "visible_drop": 0.004125634770839937,
      "target_height": 0.7400000095367432,
      "up_z": 0.9992228326902843,
      "both_feet_contact": true,
      "foot_slip_distance": 0.001518430032038581,
      "support_margin": 0.07800858555752037,
      "vertical_velocity": -0.005037573927296757,
      "reference_error": 0.0004413440810502355,
      "height_error": 0.00011825161172519992
    },
    {
      "t": 0.8,
      "base_height": 0.7501264055066728,
      "visible_drop": 0.004873594493327249,
      "target_height": 0.7400000095367432,
      "up_z": 0.9991562592141654,
      "both_feet_contact": true,
      "foot_slip_distance": 0.0019780838565343207,
      "support_margin": 0.07526556335009321,
      "vertical_velocity": -0.0030282531791492318,
      "reference_error": 0.00048301167566040435,
      "height_error": 0.00010254389533980627
    },
    {
      "t": 1.0,
      "base_height": 0.7495522882814476,
      "visible_drop": 0.005447711718552406,
      "target_height": 0.7400000095367432,
      "up_z": 0.9991854723661263,
      "both_feet_contact": true,
      "foot_slip_distance": 0.002443737573390174,
      "support_margin": 0.07376388292612798,
      "vertical_velocity": -0.002894803193786988,
      "reference_error": 0.0006258339159574922,
      "height_error": 9.124602921653212e-05
    },
    {
      "t": 1.2,
      "base_height": 0.7489871858157346,
      "visible_drop": 0.006012814184265358,
      "target_height": 0.7400000095367432,
      "up_z": 0.9992652175279578,
      "both_feet_contact": true,
      "foot_slip_distance": 0.002894897806201818,
      "support_margin": 0.07291041843684327,
      "vertical_velocity": -0.0028463168070258504,
      "reference_error": 0.0008428812886475764,
      "height_error": 8.076933746966719e-05
    },
    {
      "t": 1.4,
      "base_height": 0.7483357078502557,
      "visible_drop": 0.006664292149744289,
      "target_height": 0.7400000095367432,
      "up_z": 0.9993435145755782,
      "both_feet_contact": true,
      "foot_slip_distance": 0.0033289071347671157,
      "support_margin": 0.0721618381719219,
      "vertical_velocity": -0.0036967733193782326,
      "reference_error": 0.0011356024961074955,
      "height_error": 6.9483866373896e-05
    },
    {
      "t": 1.6,
      "base_height": 0.7475559539616262,
      "visible_drop": 0.007444046038373786,
      "target_height": 0.7400000095367432,
      "up_z": 0.9994044905316791,
      "both_feet_contact": true,
      "foot_slip_distance": 0.0037451354910814057,
      "support_margin": 0.07115876061435641,
      "vertical_velocity": -0.0032948343534733304,
      "reference_error": 0.001192589612352681,
      "height_error": 5.709229615192131e-05
    },
    {
      "t": 1.8,
      "base_height": 0.7469764639093499,
      "visible_drop": 0.008023536090650096,
      "target_height": 0.7400000095367432,
      "up_z": 0.999419211957795,
      "both_feet_contact": true,
      "foot_slip_distance": 0.004144466782319023,
      "support_margin": 0.06991112165654541,
      "vertical_velocity": -0.003088778474880094,
      "reference_error": 0.0010655711536800485,
      "height_error": 4.867091561306376e-05
    },
    {
      "t": 2.0,
      "base_height": 0.7462998780324471,
      "visible_drop": 0.008700121967552876,
      "target_height": 0.7400000095367432,
      "up_z": 0.9994225900505628,
      "both_feet_contact": true,
      "foot_slip_distance": 0.004532524183464395,
      "support_margin": 0.06849232508043737,
      "vertical_velocity": -0.003362676966806033,
      "reference_error": 0.0009432235560313438,
      "height_error": 3.968834306316333e-05
    },
    {
      "t": 2.2,
      "base_height": 0.745663677736823,
      "visible_drop": 0.009336322263177044,
      "target_height": 0.7400000095367432,
      "up_z": 0.9994308592150836,
      "both_feet_contact": true,
      "foot_slip_distance": 0.004902916171383,
      "support_margin": 0.06703867947420561,
      "vertical_velocity": -0.0030366326428943324,
      "reference_error": 0.0008511015096463501,
      "height_error": 3.207713748059512e-05
    },
    {
      "t": 2.4,
      "base_height": 0.7450621852892538,
      "visible_drop": 0.009937814710746173,
      "target_height": 0.7400000095367432,
      "up_z": 0.9994426054572889,
      "both_feet_contact": true,
      "foot_slip_distance": 0.005257831178126591,
      "support_margin": 0.06561210245611798,
      "vertical_velocity": -0.0030547569188910106,
      "reference_error": 0.0007842154096973366,
      "height_error": 2.5625623349306938e-05
    },
    {
      "t": 2.6,
      "base_height": 0.7445691758197872,
      "visible_drop": 0.010430824180212794,
      "target_height": 0.7400000095367432,
      "up_z": 0.9994408287511848,
      "both_feet_contact": true,
      "foot_slip_distance": 0.005599710074858682,
      "support_margin": 0.06421286434044679,
      "vertical_velocity": -0.0011762186774844086,
      "reference_error": 0.0005988292465196696,
      "height_error": 2.0877280522106544e-05
    },
    {
      "t": 2.8,
      "base_height": 0.7445921997418482,
      "visible_drop": 0.0104078002581518,
      "target_height": 0.7400000095367432,
      "up_z": 0.9993834131076079,
      "both_feet_contact": true,
      "foot_slip_distance": 0.005952519457132981,
      "support_margin": 0.06288001401100964,
      "vertical_velocity": -0.00016603593467889866,
      "reference_error": 0.0004536176307010908,
      "height_error": 2.108821087986267e-05
    },
    {
      "t": 3.0,
      "base_height": 0.7460291070967844,
      "visible_drop": 0.008970892903215621,
      "target_height": 0.7400000095367432,