{
  "attempt": "reference-anchor-step0p5",
  "variant": {
    "seconds": 6.0,
    "quat_mode": "wxyz",
    "attempt": "reference-anchor-step0p5",
    "start_mode": "reference",
    "anchor_mode": "reference",
    "action_step": 0.5,
    "blend_reference": 0.0
  },
  "start_height": 0.805576,
  "min_height": -0.72586399874734,
  "visible_drop": 1.53143999874734,
  "fell_at": 0.84,
  "final_height": -0.6765000648157875,
  "return_to_stand": false,
  "foot_contact_ratio": 0.21666666666666667,
  "foot_slip_distance": 3.8402413158928987,
  "min_support_margin": -0.3753855845789362,
  "max_joint_limit_violation": 0.2329382416657369,
  "max_knee_delta_rad": 2.918962012081983,
  "max_hip_pitch_delta_rad": 2.410114455914874,
  "action_min": -9.86624813079834,
  "action_max": 18.6530704498291,
  "obs_abs_max": 48.45949935913086,
  "samples": [
    {
      "t": 0.0,
      "motion_idx": 0,
      "height": 0.8049460709671082,
      "visible_drop": 0.0006299290328917184,
      "both_feet_contact": false,
      "foot_slip_distance": 0.010102251499339049,
      "support_margin": 0.10215354915578521,
      "knee_delta": 0.07144412885545565,
      "hip_delta": 0.15762631993885667,
      "up_z": 0.9971422589464478,
      "action_min": -1.9447557926177979,
      "action_max": 1.548161506652832
    },
    {
      "t": 0.2,
      "motion_idx": 12,
      "height": 0.7515460790101905,
      "visible_drop": 0.05402992098980941,
      "both_feet_contact": false,
      "foot_slip_distance": 0.08262414368341486,
      "support_margin": -0.0007437318105737861,
      "knee_delta": 1.811767717562955,
      "hip_delta": 0.6371737858692385,
      "up_z": 0.882593833119266,
      "action_min": -2.8539531230926514,
      "action_max": 2.5655694007873535
    },
    {
      "t": 0.4,
      "motion_idx": 24,
      "height": 0.6749191865631144,
      "visible_drop": 0.1306568134368855,
      "both_feet_contact": false,
      "foot_slip_distance": 0.1663449022555695,
      "support_margin": 0.12165407005997012,
      "knee_delta": 2.808886143531348,
      "hip_delta": 0.7440924207080701,
      "up_z": 0.9400582188952937,
      "action_min": -2.896996259689331,
      "action_max": 3.023313045501709
    },
    {
      "t": 0.6,
      "motion_idx": 36,
      "height": 0.6883589907668831,
      "visible_drop": 0.11721700923311684,
      "both_feet_contact": false,
      "foot_slip_distance": 0.5949442983978253,
      "support_margin": -0.04676955995321906,
      "knee_delta": 2.808886143531348,
      "hip_delta": 0.7440924207080701,
      "up_z": 0.7843524955750842,
      "action_min": -4.155307769775391,
      "action_max": 5.606866836547852
    },
    {
      "t": 0.8,
      "motion_idx": 48,
      "height": 0.5019318789017082,
      "visible_drop": 0.30364412109829175,
      "both_feet_contact": false,
      "foot_slip_distance": 0.23434617673578195,
      "support_margin": 0.08172641496121837,
      "knee_delta": 2.8254740213645197,
      "hip_delta": 1.2001229572550574,
      "up_z": 0.9520214421888038,
      "action_min": -4.8418169021606445,
      "action_max": 3.791233539581299
    },
    {
      "t": 1.0,
      "motion_idx": 60,
      "height": 0.16285737174440731,
      "visible_drop": 0.6427186282555927,
      "both_feet_contact": false,
      "foot_slip_distance": 0.2794450239298119,
      "support_margin": -0.30252671182366003,
      "knee_delta": 2.918962012081983,
      "hip_delta": 1.6098847561205782,
      "up_z": 0.4082065265833336,
      "action_min": -6.329508304595947,
      "action_max": 5.167226791381836
    },
    {
      "t": 1.2,
      "motion_idx": 72,
      "height": -0.2319912862118519,
      "visible_drop": 1.037567286211852,
      "both_feet_contact": false,
      "foot_slip_distance": 1.075608155185762,
      "support_margin": 0.16739657407526642,
      "knee_delta": 2.918962012081983,
      "hip_delta": 1.6674022532628667,
      "up_z": -0.9946552825388995,
      "action_min": -6.1852192878723145,
      "action_max": 6.289151191711426
    },
    {
      "t": 1.4,
      "motion_idx": 84,
      "height": -0.5403753766984615,
      "visible_drop": 1.3459513766984614,
      "both_feet_contact": false,
      "foot_slip_distance": 1.316296478454212,
      "support_margin": -0.10924322886279325,
      "knee_delta": 2.918962012081983,
      "hip_delta": 1.923754341384167,
      "up_z": -0.9834245799700575,
      "action_min": -5.111992359161377,
      "action_max": 4.519067764282227
    },
    {
      "t": 1.6,
      "motion_idx": 96,
      "height": -0.6793572881692879,
      "visible_drop": 1.4849332881692878,
      "both_feet_contact": false,
      "foot_slip_distance": 1.4006617747814059,
      "support_margin": 0.1601175887696173,
      "knee_delta": 2.918962012081983,
      "hip_delta": 1.923754341384167,
      "up_z": -0.733279919091795,
      "action_min": -4.916224002838135,
      "action_max": 6.513281345367432
    },
    {
      "t": 1.8,
      "motion_idx": 108,
      "height": -0.48117013483322446,
      "visible_drop": 1.2867461348332245,
      "both_feet_contact": false,
      "foot_slip_distance": 1.3506266820442652,
      "support_margin": 0.18507656584118054,
      "knee_delta": 2.918962012081983,
      "hip_delta": 1.923754341384167,
      "up_z": -0.6393247081323191,
      "action_min": -7.193325519561768,
      "action_max": 11.855807304382324
    },
    {
      "t": 2.0,
      "motion_idx": 120,
      "height": -0.40768459545894536,
      "visible_drop": 1.2132605954589453,
      "both_feet_contact": false,
      "foot_slip_distance": 0.8314853756148266,
      "support_margin": -0.16920529744907575,
      "knee_delta": 2.918962012081983,
      "hip_delta": 1.923754341384167,
      "up_z": -0.23520639196385207,
      "action_min": -5.676185607910156,
      "action_max": 7.3705315589904785
    },
    {
      "t": 2.2,
      "motion_idx": 132,
      "height": -0.38268200950179043,
      "visible_drop": 1.1882580095017903,
      "both_feet_contact": true,
      "foot_slip_distance": 1.3557626006244632,
      "support_margin": 0.013849133299130512,
      "knee_delta": 2.918962012081983,
      "hip_delta": 1.923754341384167,
      "up_z": -0.8832945862230743,
      "action_min": -4.391457557678223,
      "action_max": 6.1126909255981445
    },
    {
      "t": 2.4,
      "motion_idx": 144,
      "height": -0.560552225025857,
      "visible_drop": 1.3661282250258568,
      "both_feet_contact": true,
      "foot_slip_distance": 1.5819449620591444,
      "support_margin": 0.0669190739941028,
      "knee_delta": 2.918962012081983,
      "hip_delta": 1.923754341384167,
      "up_z": -0.792162273562833,
      "action_min": -4.601919174194336,
      "action_max": 4.668340682983398
    },
    {
      "t": 2.6,
      "motion_idx": 156,
      "height": -0.5410813248690717,
      "visible_drop": 1.3466573248690716,
      "both_feet_contact": false,
      "foot_slip_distance": 1.947371736733982,
      "support_margin": -0.052970192771733204,
      "knee_delta": 2.918962012081983,
      "hip_delta": 2.410114455914874,
      "up_z": -0.8023168818411306,
      "action_min": -4.066145896911621,
      "action_max": 8.801013946533203
    },
    {
      "t": 2.8,
      "motion_idx": 168,
      "height": -0.5027801252284023,
      "visible_drop": 1.3083561252284022,
      "both_feet_contact": false,
      "foot_slip_distance": 1.7517571279056063,
      "support_margin": -0.25578628520647806,
      "knee_delta": 2.918962012081983,
      "hip_delta": 2.410114455914874,
      "up_z": -0.6914851150823672,
      "action_min": -4.170192718505859,
      "action_max": 4.464221000671387
    },
    {
      "t": 3.0,
      "motion_idx": 180,
      "height": -0.4520288534346945,
      "visible_drop": 1.2576048534346944,
      "both_feet_contact": false,
      "foot_slip_distance": 1.974905519761279,
      "support_margin": -0.1026225563496519,
      "knee_delta": 2.918962012081983,
      "hip_delta": 2.410114455914874,
      "up_z": -0.9673458750091913,