{
  "mode": "ankle-lock-only",
  "params_path": "C:\\Users\\yusun\\projects\\physical-ai\\experiments\\46-g1-force-torque-residual\\verify\\stage-0p74\\attempts\\force-torque-20k\\train\\params.pkl",
  "target_drop": 0.08,
  "support_floor": -0.005,
  "slip_limit": 0.08,
  "residual_limit": 0.08,
  "start_height": 0.755,
  "min_height": -0.7594628095058268,
  "visible_drop": 1.5144628095058268,
  "first_visible_at": 0.84,
  "fell_at": 1.22,
  "final_height": -0.7403299440840035,
  "return_to_stand": false,
  "foot_contact_ratio": 0.92,
  "foot_slip_distance": 0.9448894446904599,
  "min_support_margin": -0.6276880052016652,
  "first_support_breach_at": 0.64,
  "first_slip_breach_at": 1.26,
  "max_joint_limit_violation": 0.037092125838913304,
  "max_knee_delta_rad": 0.5784661479920746,
  "max_hip_pitch_delta_rad": 0.27823084788111535,
  "max_action_norm": 1.6136387586593628,
  "max_projected_delta": 1.4451549053192139,
  "pass_gate": false,
  "samples": [
    {
      "t": 0.0,
      "height": 0.7541862186932826,
      "visible_drop": 0.0008137813067173871,
      "command": [
        0.0,
        0.0,
        0.0
      ],
      "support_margin": 0.08664986961179699,
      "health": 1.0,
      "both_feet_contact": true,
      "foot_slip_distance": 3.4724005123353864e-05,
      "up_z": 0.9999979821524634,
      "action_norm": 1.2653093338012695,
      "projected_action_norm": 0.3616832196712494
    },
    {
      "t": 0.2,
      "height": 0.7256874949244592,
      "visible_drop": 0.02931250507554084,
      "command": [
        0.07692307233810425,
        0.0,
        0.05128204822540283
      ],
      "support_margin": 0.08111592338543527,
      "health": 0.9961173647103769,
      "both_feet_contact": true,
      "foot_slip_distance": 0.00033445134277356874,
      "up_z": 0.9982906278249624,
      "action_norm": 1.5305927991867065,
      "projected_action_norm": 0.3527216613292694
    },
    {
      "t": 0.4,
      "height": 0.7262146896149694,
      "visible_drop": 0.028785310385030627,
      "command": [
        0.1538461446762085,
        0.0,
        0.10256409645080566
      ],
      "support_margin": 0.05782613103555323,
      "health": 0.9929154348886627,
      "both_feet_contact": true,
      "foot_slip_distance": 0.0006131120102517485,
      "up_z": 0.9999147242769317,
      "action_norm": 1.6372873783111572,
      "projected_action_norm": 0.377576619386673
    },
    {
      "t": 0.6,
      "height": 0.7165644600528258,
      "visible_drop": 0.03843553994717419,
      "command": [
        0.23076923191547394,
        0.0,
        0.1538461595773697
      ],
      "support_margin": 0.008761278010137583,
      "health": 0.5016190731919717,
      "both_feet_contact": true,
      "foot_slip_distance": 0.0012405019630710062,
      "up_z": 0.9975641647310973,
      "action_norm": 1.7362589836120605,
      "projected_action_norm": 0.4353601932525635
    },
    {
      "t": 0.8,
      "height": 0.6812008105473959,
      "visible_drop": 0.07379918945260411,
      "command": [
        0.307692289352417,
        0.0,
        0.20512819290161133
      ],
      "support_margin": -0.08638624055035449,
      "health": 0.0,
      "both_feet_contact": true,
      "foot_slip_distance": 0.0016886913563686913,
      "up_z": 0.979619944929951,
      "action_norm": 1.8389356136322021,
      "projected_action_norm": 0.6011500954627991
    },
    {
      "t": 1.0,
      "height": 0.6385566733643295,
      "visible_drop": 0.11644332663567047,
      "command": [
        0.38461539149284363,
        0.0,
        0.25641027092933655
      ],
      "support_margin": -0.23748870870564448,
      "health": 0.0,
      "both_feet_contact": true,
      "foot_slip_distance": 0.008143259854199836,
      "up_z": 0.8666659137576921,
      "action_norm": 1.8855469226837158,
      "projected_action_norm": 0.6251484751701355
    },
    {
      "t": 1.2,
      "height": 0.45375171860474667,
      "visible_drop": 0.30124828139525334,
      "command": [
        0.4615384638309479,
        0.0,
        0.3076923191547394
      ],
      "support_margin": -0.4668108857963121,
      "health": 0.0,
      "both_feet_contact": false,
      "foot_slip_distance": 0.04666638126122453,
      "up_z": 0.5156107429453969,
      "action_norm": 2.1432013511657715,
      "projected_action_norm": 0.7987343668937683
    },
    {
      "t": 1.4,
      "height": -0.07847283843144089,
      "visible_drop": 0.8334728384314409,
      "command": [
        0.5384615659713745,
        0.0,
        0.3589743971824646
      ],
      "support_margin": -0.5783953127471324,
      "health": 0.0,
      "both_feet_contact": false,
      "foot_slip_distance": 0.2865435053082991,
      "up_z": -0.16778451519307808,
      "action_norm": 2.1758158206939697,
      "projected_action_norm": 0.8477696776390076
    },
    {
      "t": 1.6,
      "height": -0.7190301618303023,
      "visible_drop": 1.4740301618303024,
      "command": [
        0.615384578704834,
        0.0,
        0.41025638580322266
      ],
      "support_margin": -0.12939247916995988,
      "health": 0.0,
      "both_feet_contact": false,
      "foot_slip_distance": 0.7940676977206792,
      "up_z": -0.9943075422552257,
      "action_norm": 2.429175615310669,
      "projected_action_norm": 0.9817759394645691
    },
    {
      "t": 1.8,
      "height": -0.6723953062900955,
      "visible_drop": 1.4273953062900955,
      "command": [
        0.692307710647583,
        0.0,
        0.46153849363327026
      ],
      "support_margin": -0.16156877294369554,
      "health": 0.0,
      "both_feet_contact": true,
      "foot_slip_distance": 0.9398785839653454,
      "up_z": -0.8592226328274062,
      "action_norm": 1.448493242263794,
      "projected_action_norm": 1.0750646591186523
    },
    {
      "t": 2.0,
      "height": -0.5413027188135555,
      "visible_drop": 1.2963027188135556,
      "command": [
        0.7692307829856873,
        0.0,
        0.5128205418586731
      ],
      "support_margin": -0.31437319444075823,
      "health": 0.0,
      "both_feet_contact": true,
      "foot_slip_distance": 0.8921279587837218,
      "up_z": -0.67730181590025,
      "action_norm": 1.906092882156372,
      "projected_action_norm": 1.2489973306655884
    },
    {
      "t": 2.2,
      "height": -0.5999884311733671,
      "visible_drop": 1.354988431173367,
      "command": [
        0.8461539149284363,
        0.0,
        0.5641026496887207
      ],
      "support_margin": -0.23745018105765275,
      "health": 0.0,
      "both_feet_contact": true,
      "foot_slip_distance": 0.7695273989983482,
      "up_z": -0.7462628116107541,
      "action_norm": 2.5026497840881348,
      "projected_action_norm": 1.4239245653152466
    },
    {
      "t": 2.4,
      "height": -0.7111752311692051,
      "visible_drop": 1.4661752311692051,
      "command": [
        0.9230769276618958,
        0.0,
        0.6153846383094788
      ],
      "support_margin": -0.04258128130866079,
      "health": 0.0,
      "both_feet_contact": true,
      "foot_slip_distance": 0.7011390246063886,
      "up_z": -0.944624822857722,
      "action_norm": 2.166887044906616,
      "projected_action_norm": 1.5055770874023438
    },
    {
      "t": 2.6,
      "height": -0.7018896619673404,
      "visible_drop": 1.4568896619673404,
      "command": [
        1.0,
        0.0,
        0.6666666865348816
      ],
      "support_margin": -0.022729610106278386,
      "health": 0.0,
      "both_feet_contact": true,
      "foot_slip_distance": 0.7011844460456653,
      "up_z": -0.9886689065285357,
      "action_norm": 1.4398186206817627,
      "projected_action_norm": 1.6131986379623413
    },
    {
      "t": 2.8,
      "height": -0.609991310120938,
      "visible_drop": 1.364991310120938,
      "command": [
        1.0,
        0.0,
        0.6666666865348816
      ],
      "support_margin": -0.2054335591686114,
      "health": 0.0,
      "both_feet_contact": true,
      "foot_slip_distance": 0.704773618661268,