{
  "mode": "none",
  "params_path": "C:\\Users\\yusun\\projects\\physical-ai\\experiments\\46-g1-force-torque-residual\\verify\\stage-0p74\\attempts\\force-torque-20k\\train\\params.pkl",
  "target_drop": 0.08,
  "support_floor": -0.005,
  "slip_limit": 0.08,
  "residual_limit": 0.08,
  "start_height": 0.755,
  "min_height": 0.604426698080356,
  "visible_drop": 0.15057330191964402,
  "first_visible_at": 5.86,
  "fell_at": null,
  "final_height": 0.604426698080356,
  "return_to_stand": false,
  "foot_contact_ratio": 0.36333333333333334,
  "foot_slip_distance": 3.1264825748821083,
  "min_support_margin": -0.3297880839765741,
  "first_support_breach_at": 1.38,
  "first_slip_breach_at": 1.68,
  "max_joint_limit_violation": 0.03674803997507253,
  "max_knee_delta_rad": 0.5877527946281484,
  "max_hip_pitch_delta_rad": 0.5556295094744541,
  "max_action_norm": 2.6429669857025146,
  "max_projected_delta": 0.0,
  "pass_gate": false,
  "samples": [
    {
      "t": 0.0,
      "height": 0.7540916012412127,
      "visible_drop": 0.0009083987587873432,
      "command": [
        0.0,
        0.0,
        0.0
      ],
      "support_margin": 0.08655498381179023,
      "health": 1.0,
      "both_feet_contact": true,
      "foot_slip_distance": 0.00011059724628286582,
      "up_z": 0.9999906588919871,
      "action_norm": 1.2653093338012695,
      "projected_action_norm": 1.2653093338012695
    },
    {
      "t": 0.2,
      "height": 0.7513134697407725,
      "visible_drop": 0.003686530259227494,
      "command": [
        0.07692307233810425,
        0.0,
        0.05128204822540283
      ],
      "support_margin": 0.08687913168972561,
      "health": 0.9930176157538307,
      "both_feet_contact": true,
      "foot_slip_distance": 0.0006000663372261826,
      "up_z": 0.9996573189595767,
      "action_norm": 0.883674144744873,
      "projected_action_norm": 0.883674144744873
    },
    {
      "t": 0.4,
      "height": 0.7496983165985497,
      "visible_drop": 0.005301683401450319,
      "command": [
        0.1538461446762085,
        0.0,
        0.10256409645080566
      ],
      "support_margin": 0.08764967546089256,
      "health": 0.9866537520947933,
      "both_feet_contact": true,
      "foot_slip_distance": 0.0011210381196470616,
      "up_z": 0.9995205151459708,
      "action_norm": 0.7474949359893799,
      "projected_action_norm": 0.7474949359893799
    },
    {
      "t": 0.6,
      "height": 0.749789064647854,
      "visible_drop": 0.005210935352146007,
      "command": [
        0.23076923191547394,
        0.0,
        0.1538461595773697
      ],
      "support_margin": 0.08631750322964722,
      "health": 0.9803684530935322,
      "both_feet_contact": true,
      "foot_slip_distance": 0.0016197259600663106,
      "up_z": 0.9997767560689022,
      "action_norm": 0.7801735401153564,
      "projected_action_norm": 0.7801735401153564
    },
    {
      "t": 0.8,
      "height": 0.7510301455088007,
      "visible_drop": 0.003969854491199354,
      "command": [
        0.307692289352417,
        0.0,
        0.20512819290161133
      ],
      "support_margin": 0.07362975580352402,
      "health": 0.9740477098552313,
      "both_feet_contact": true,
      "foot_slip_distance": 0.0021299335178014064,
      "up_z": 0.9999272187874861,
      "action_norm": 0.9639907479286194,
      "projected_action_norm": 0.9639907479286194
    },
    {
      "t": 1.0,
      "height": 0.7518070956019497,
      "visible_drop": 0.0031929043980503113,
      "command": [
        0.38461539149284363,
        0.0,
        0.25641027092933655
      ],
      "support_margin": 0.05515429781837669,
      "health": 0.9669663559438652,
      "both_feet_contact": true,
      "foot_slip_distance": 0.002695669477265349,
      "up_z": 0.9989181065282423,
      "action_norm": 1.2155791521072388,
      "projected_action_norm": 1.2155791521072388
    },
    {
      "t": 1.2,
      "height": 0.7504070183595841,
      "visible_drop": 0.004592981640415883,
      "command": [
        0.4615384638309479,
        0.0,
        0.3076923191547394
      ],
      "support_margin": 0.028679555993788505,
      "health": 0.8852464610894603,
      "both_feet_contact": true,
      "foot_slip_distance": 0.003173903644266399,
      "up_z": 0.9946767050456276,
      "action_norm": 1.379705786705017,
      "projected_action_norm": 1.379705786705017
    },
    {
      "t": 1.4,
      "height": 0.7426190654912042,
      "visible_drop": 0.012380934508795849,
      "command": [
        0.5384615659713745,
        0.0,
        0.3589743971824646
      ],
      "support_margin": -0.013798728024923185,
      "health": 0.0,
      "both_feet_contact": true,
      "foot_slip_distance": 0.0036251811066900586,
      "up_z": 0.983624078309525,
      "action_norm": 1.4539049863815308,
      "projected_action_norm": 1.4539049863815308
    },
    {
      "t": 1.6,
      "height": 0.7128122505303273,
      "visible_drop": 0.04218774946967274,
      "command": [
        0.615384578704834,
        0.0,
        0.41025638580322266
      ],
      "support_margin": -0.08894334490248676,
      "health": 0.0,
      "both_feet_contact": true,
      "foot_slip_distance": 0.0075983637420140365,
      "up_z": 0.9721093060885924,
      "action_norm": 2.138414144515991,
      "projected_action_norm": 2.138414144515991
    },
    {
      "t": 1.8,
      "height": 0.6908682316845968,
      "visible_drop": 0.06413176831540324,
      "command": [
        0.692307710647583,
        0.0,
        0.46153849363327026
      ],
      "support_margin": 0.033736283380941756,
      "health": 0.0,
      "both_feet_contact": false,
      "foot_slip_distance": 0.29700753577343797,
      "up_z": 0.9498321586479447,
      "action_norm": 2.242720365524292,
      "projected_action_norm": 2.242720365524292
    },
    {
      "t": 2.0,
      "height": 0.7126431049166132,
      "visible_drop": 0.0423568950833868,
      "command": [
        0.7692307829856873,
        0.0,
        0.5128205418586731
      ],
      "support_margin": 0.06708788799288228,
      "health": 0.0,
      "both_feet_contact": false,
      "foot_slip_distance": 0.6398170983321518,
      "up_z": 0.960932563148959,
      "action_norm": 1.952641248703003,
      "projected_action_norm": 1.952641248703003
    },
    {
      "t": 2.2,
      "height": 0.7395778923384174,
      "visible_drop": 0.015422107661582585,
      "command": [
        0.8461539149284363,
        0.0,
        0.5641026496887207
      ],
      "support_margin": 0.008020517585983863,
      "health": 0.0,
      "both_feet_contact": false,
      "foot_slip_distance": 1.1341373438889764,
      "up_z": 0.9597232734579171,
      "action_norm": 1.3767445087432861,
      "projected_action_norm": 1.3767445087432861
    },
    {
      "t": 2.4,
      "height": 0.7563291178833944,
      "visible_drop": -0.001329117883394404,
      "command": [
        0.9230769276618958,
        0.0,
        0.6153846383094788
      ],
      "support_margin": 0.020025169044198154,
      "health": 0.0,
      "both_feet_contact": false,
      "foot_slip_distance": 1.2742534026314696,
      "up_z": 0.9951585475877315,
      "action_norm": 1.5842043161392212,
      "projected_action_norm": 1.5842043161392212
    },
    {
      "t": 2.6,
      "height": 0.7398514190535117,
      "visible_drop": 0.0151485809464883,
      "command": [
        1.0,
        0.0,
        0.6666666865348816
      ],
      "support_margin": 0.20129890822356172,
      "health": 0.0,
      "both_feet_contact": false,
      "foot_slip_distance": 1.6271716701013854,
      "up_z": 0.9970013587472584,
      "action_norm": 1.9209222793579102,
      "projected_action_norm": 1.9209222793579102
    },
    {
      "t": 2.8,
      "height": 0.7602735158070774,
      "visible_drop": -0.005273515807077356,
      "command": [
        1.0,
        0.0,
        0.6666666865348816
      ],
      "support_margin": 0.13264968332901053,
      "health": 0.0,
      "both_feet_contact": false,