{
  "mode": "residual-clamp-only",
  "params_path": "C:\\Users\\yusun\\projects\\physical-ai\\experiments\\46-g1-force-torque-residual\\verify\\stage-0p74\\attempts\\force-torque-20k\\train\\params.pkl",
  "target_drop": 0.08,
  "support_floor": -0.005,
  "slip_limit": 0.08,
  "residual_limit": 0.08,
  "start_height": 0.755,
  "min_height": -0.767085028371158,
  "visible_drop": 1.522085028371158,
  "first_visible_at": 0.88,
  "fell_at": 1.24,
  "final_height": -0.7475399780481283,
  "return_to_stand": false,
  "foot_contact_ratio": 0.9066666666666666,
  "foot_slip_distance": 0.95334592118376,
  "min_support_margin": -0.6309381635635463,
  "first_support_breach_at": 0.68,
  "first_slip_breach_at": 1.3,
  "max_joint_limit_violation": 0.03555967905702362,
  "max_knee_delta_rad": 0.49832705641093644,
  "max_hip_pitch_delta_rad": 0.2855618522755016,
  "max_action_norm": 1.593674659729004,
  "max_projected_delta": 1.4400733709335327,
  "pass_gate": false,
  "samples": [
    {
      "t": 0.0,
      "height": 0.7542071384702501,
      "visible_drop": 0.0007928615297498887,
      "command": [
        0.0,
        0.0,
        0.0
      ],
      "support_margin": 0.08662447939224119,
      "health": 1.0,
      "both_feet_contact": true,
      "foot_slip_distance": 4.021009911323204e-05,
      "up_z": 0.9999977823373047,
      "action_norm": 1.2653093338012695,
      "projected_action_norm": 0.38381603360176086
    },
    {
      "t": 0.2,
      "height": 0.7267025431271843,
      "visible_drop": 0.028297456872815707,
      "command": [
        0.07692307233810425,
        0.0,
        0.05128204822540283
      ],
      "support_margin": 0.08224880364969236,
      "health": 0.996161528402933,
      "both_feet_contact": true,
      "foot_slip_distance": 0.0003299929149732898,
      "up_z": 0.9984613704575234,
      "action_norm": 1.5183709859848022,
      "projected_action_norm": 0.36720362305641174
    },
    {
      "t": 0.4,
      "height": 0.7271380313952784,
      "visible_drop": 0.027861968604721565,
      "command": [
        0.1538461446762085,
        0.0,
        0.10256409645080566
      ],
      "support_margin": 0.0618366403511611,
      "health": 0.9931835317104328,
      "both_feet_contact": true,
      "foot_slip_distance": 0.0005857593369323268,
      "up_z": 0.999907835100767,
      "action_norm": 1.6321935653686523,
      "projected_action_norm": 0.38304099440574646
    },
    {
      "t": 0.6,
      "height": 0.7185443257825459,
      "visible_drop": 0.036455674217454104,
      "command": [
        0.23076923191547394,
        0.0,
        0.1538461595773697
      ],
      "support_margin": 0.018463391419642525,
      "health": 0.7232497693814853,
      "both_feet_contact": true,
      "foot_slip_distance": 0.0011289214348602368,
      "up_z": 0.998338227039576,
      "action_norm": 1.748408555984497,
      "projected_action_norm": 0.4344174861907959
    },
    {
      "t": 0.8,
      "height": 0.6919112490035313,
      "visible_drop": 0.06308875099646871,
      "command": [
        0.307692289352417,
        0.0,
        0.20512819290161133
      ],
      "support_margin": -0.06673940006812568,
      "health": 0.0,
      "both_feet_contact": true,
      "foot_slip_distance": 0.0016810535636657509,
      "up_z": 0.9839037668206472,
      "action_norm": 1.785093903541565,
      "projected_action_norm": 0.5703542828559875
    },
    {
      "t": 1.0,
      "height": 0.6490359157561674,
      "visible_drop": 0.10596408424383263,
      "command": [
        0.38461539149284363,
        0.0,
        0.25641027092933655
      ],
      "support_margin": -0.20662366926184872,
      "health": 0.0,
      "both_feet_contact": true,
      "foot_slip_distance": 0.006900500355455017,
      "up_z": 0.8972058879185603,
      "action_norm": 2.0043675899505615,
      "projected_action_norm": 0.6913987994194031
    },
    {
      "t": 1.2,
      "height": 0.5062445470765391,
      "visible_drop": 0.2487554529234609,
      "command": [
        0.4615384638309479,
        0.0,
        0.3076923191547394
      ],
      "support_margin": -0.4218651950002365,
      "health": 0.0,
      "both_feet_contact": true,
      "foot_slip_distance": 0.03323888468024824,
      "up_z": 0.5987814981930223,
      "action_norm": 2.071895122528076,
      "projected_action_norm": 0.711479902267456
    },
    {
      "t": 1.4,
      "height": 0.04288691490486067,
      "visible_drop": 0.7121130850951394,
      "command": [
        0.5384615659713745,
        0.0,
        0.3589743971824646
      ],
      "support_margin": -0.610096586132182,
      "health": 0.0,
      "both_feet_contact": false,
      "foot_slip_distance": 0.22083831105272209,
      "up_z": -0.020172481153759615,
      "action_norm": 2.1159067153930664,
      "projected_action_norm": 0.824434220790863
    },
    {
      "t": 1.6,
      "height": -0.6970167761752193,
      "visible_drop": 1.4520167761752192,
      "command": [
        0.615384578704834,
        0.0,
        0.41025638580322266
      ],
      "support_margin": -0.23905591999707787,
      "health": 0.0,
      "both_feet_contact": true,
      "foot_slip_distance": 0.7151124522137434,
      "up_z": -0.9195733627113725,
      "action_norm": 2.6907920837402344,
      "projected_action_norm": 0.9892943501472473
    },
    {
      "t": 1.8,
      "height": -0.701253200336504,
      "visible_drop": 1.456253200336504,
      "command": [
        0.692307710647583,
        0.0,
        0.46153849363327026
      ],
      "support_margin": -0.09096204997950841,
      "health": 0.0,
      "both_feet_contact": true,
      "foot_slip_distance": 0.9500990036351467,
      "up_z": -0.8836580877709194,
      "action_norm": 1.4649020433425903,
      "projected_action_norm": 1.056188941001892
    },
    {
      "t": 2.0,
      "height": -0.5503138302377392,
      "visible_drop": 1.3053138302377392,
      "command": [
        0.7692307829856873,
        0.0,
        0.5128205418586731
      ],
      "support_margin": -0.30967280029153404,
      "health": 0.0,
      "both_feet_contact": false,
      "foot_slip_distance": 0.869857968078865,
      "up_z": -0.6864919019859409,
      "action_norm": 1.9038119316101074,
      "projected_action_norm": 1.241910457611084
    },
    {
      "t": 2.2,
      "height": -0.576226432203587,
      "visible_drop": 1.3312264322035872,
      "command": [
        0.8461539149284363,
        0.0,
        0.5641026496887207
      ],
      "support_margin": -0.2746011412947369,
      "health": 0.0,
      "both_feet_contact": false,
      "foot_slip_distance": 0.752953432088926,
      "up_z": -0.7121128740514575,
      "action_norm": 2.550414800643921,
      "projected_action_norm": 1.4054147005081177
    },
    {
      "t": 2.4,
      "height": -0.7019871515675383,
      "visible_drop": 1.4569871515675383,
      "command": [
        0.9230769276618958,
        0.0,
        0.6153846383094788
      ],
      "support_margin": -0.09321457237697439,
      "health": 0.0,
      "both_feet_contact": true,
      "foot_slip_distance": 0.6625857483653972,
      "up_z": -0.910846195063285,
      "action_norm": 2.241013765335083,
      "projected_action_norm": 1.4850544929504395
    },
    {
      "t": 2.6,
      "height": -0.7113659874529084,
      "visible_drop": 1.4663659874529085,
      "command": [
        1.0,
        0.0,
        0.6666666865348816
      ],
      "support_margin": 0.020812634992506407,
      "health": 0.0,
      "both_feet_contact": true,
      "foot_slip_distance": 0.6618206029699333,
      "up_z": -0.997962393044335,
      "action_norm": 1.5957890748977661,
      "projected_action_norm": 1.593674659729004
    },
    {
      "t": 2.8,
      "height": -0.624995292174876,
      "visible_drop": 1.379995292174876,
      "command": [
        1.0,
        0.0,
        0.6666666865348816
      ],
      "support_margin": -0.19069275940860164,
      "health": 0.0,
      "both_feet_contact": true,
      "foot_slip_distance": 0.6698605154038879,