{
  "mode": "residual-clamp",
  "params_path": "C:\\Users\\yusun\\projects\\physical-ai\\experiments\\46-g1-force-torque-residual\\verify\\stage-0p74\\attempts\\force-torque-20k\\train\\params.pkl",
  "target_drop": 0.08,
  "support_floor": -0.005,
  "slip_limit": 0.08,
  "residual_limit": 0.08,
  "start_height": 0.755,
  "min_height": -0.7774671497498258,
  "visible_drop": 1.532467149749826,
  "first_visible_at": 0.96,
  "fell_at": 1.24,
  "final_height": -0.7479514941661044,
  "return_to_stand": false,
  "foot_contact_ratio": 0.9133333333333333,
  "foot_slip_distance": 1.0088192445490876,
  "min_support_margin": -0.659446653939822,
  "first_support_breach_at": 0.68,
  "first_slip_breach_at": 1.3,
  "max_joint_limit_violation": 0.030060805082306463,
  "max_knee_delta_rad": 0.6255846765163371,
  "max_hip_pitch_delta_rad": 0.19537889836397182,
  "max_action_norm": 0.4160315692424774,
  "max_projected_delta": 0.9997360706329346,
  "pass_gate": false,
  "samples": [
    {
      "t": 0.0,
      "height": 0.7542071384702501,
      "visible_drop": 0.0007928615297498887,
      "command": [
        0.0,
        0.0,
        0.0
      ],
      "support_margin": 0.08662447939224119,
      "health": 1.0,
      "both_feet_contact": true,
      "foot_slip_distance": 4.021009911323204e-05,
      "up_z": 0.9999977823373047,
      "action_norm": 1.2653093338012695,
      "projected_action_norm": 0.38381603360176086
    },
    {
      "t": 0.2,
      "height": 0.7266814997771757,
      "visible_drop": 0.02831850022282434,
      "command": [
        0.07692307233810425,
        0.0,
        0.05128204822540283
      ],
      "support_margin": 0.08224237326561251,
      "health": 0.996167963823491,
      "both_feet_contact": true,
      "foot_slip_distance": 0.0003293801440763935,
      "up_z": 0.9984500194292584,
      "action_norm": 1.5185589790344238,
      "projected_action_norm": 0.3658542037010193
    },
    {
      "t": 0.4,
      "height": 0.7271588379601404,
      "visible_drop": 0.027841162039859646,
      "command": [
        0.1538461446762085,
        0.0,
        0.10256409645080566
      ],
      "support_margin": 0.061819163703661834,
      "health": 0.9932102596954021,
      "both_feet_contact": true,
      "foot_slip_distance": 0.000583454570629957,
      "up_z": 0.9999051381167432,
      "action_norm": 1.631338119506836,
      "projected_action_norm": 0.38069888949394226
    },
    {
      "t": 0.6,
      "height": 0.7190518660469178,
      "visible_drop": 0.03594813395308216,
      "command": [
        0.23076923191547394,
        0.0,
        0.1538461595773697
      ],
      "support_margin": 0.0183723698642798,
      "health": 0.7222373081075101,
      "both_feet_contact": true,
      "foot_slip_distance": 0.0011115651626471988,
      "up_z": 0.9985190569788616,
      "action_norm": 1.7419369220733643,
      "projected_action_norm": 0.31437432765960693
    },
    {
      "t": 0.8,
      "height": 0.7115676090254609,
      "visible_drop": 0.0434323909745391,
      "command": [
        0.307692289352417,
        0.0,
        0.20512819290161133
      ],
      "support_margin": -0.06836666329980826,
      "health": 0.0,
      "both_feet_contact": true,
      "foot_slip_distance": 0.0016384227882882952,
      "up_z": 0.9830084000123669,
      "action_norm": 1.7548305988311768,
      "projected_action_norm": 0.0
    },
    {
      "t": 1.0,
      "height": 0.6574973426278243,
      "visible_drop": 0.09750265737217567,
      "command": [
        0.38461539149284363,
        0.0,
        0.25641027092933655
      ],
      "support_margin": -0.21239343532585286,
      "health": 0.0,
      "both_feet_contact": true,
      "foot_slip_distance": 0.0017724994648281487,
      "up_z": 0.8769531604069738,
      "action_norm": 2.1709020137786865,
      "projected_action_norm": 0.0
    },
    {
      "t": 1.2,
      "height": 0.49542748152850585,
      "visible_drop": 0.25957251847149415,
      "command": [
        0.4615384638309479,
        0.0,
        0.3076923191547394
      ],
      "support_margin": -0.4419496480732207,
      "health": 0.0,
      "both_feet_contact": true,
      "foot_slip_distance": 0.026065335664139995,
      "up_z": 0.5318142214280843,
      "action_norm": 2.2652900218963623,
      "projected_action_norm": 0.0
    },
    {
      "t": 1.4,
      "height": 0.001959943983860824,
      "visible_drop": 0.7530400560161392,
      "command": [
        0.5384615659713745,
        0.0,
        0.3589743971824646
      ],
      "support_margin": -0.6314515007332256,
      "health": 0.0,
      "both_feet_contact": false,
      "foot_slip_distance": 0.23943210826243194,
      "up_z": -0.09470038052566992,
      "action_norm": 2.0997865200042725,
      "projected_action_norm": 0.0
    },
    {
      "t": 1.6,
      "height": -0.7133573862059197,
      "visible_drop": 1.4683573862059198,
      "command": [
        0.615384578704834,
        0.0,
        0.41025638580322266
      ],
      "support_margin": -0.208873863583793,
      "health": 0.0,
      "both_feet_contact": true,
      "foot_slip_distance": 0.781399884361633,
      "up_z": -0.9526306214144565,
      "action_norm": 2.720770835876465,
      "projected_action_norm": 0.0
    },
    {
      "t": 1.8,
      "height": -0.7137073172051748,
      "visible_drop": 1.4687073172051748,
      "command": [
        0.692307710647583,
        0.0,
        0.46153849363327026
      ],
      "support_margin": -0.11888326431155505,
      "health": 0.0,
      "both_feet_contact": true,
      "foot_slip_distance": 1.0057423908628593,
      "up_z": -0.8825405746993222,
      "action_norm": 1.435862421989441,
      "projected_action_norm": 0.0
    },
    {
      "t": 2.0,
      "height": -0.582786307489705,
      "visible_drop": 1.337786307489705,
      "command": [
        0.7692307829856873,
        0.0,
        0.5128205418586731
      ],
      "support_margin": -0.3090262937937126,
      "health": 0.0,
      "both_feet_contact": false,
      "foot_slip_distance": 0.960513365510966,
      "up_z": -0.7338394964589766,
      "action_norm": 1.645500898361206,
      "projected_action_norm": 0.0
    },
    {
      "t": 2.2,
      "height": -0.6299032495584674,
      "visible_drop": 1.3849032495584674,
      "command": [
        0.8461539149284363,
        0.0,
        0.5641026496887207
      ],
      "support_margin": -0.2559790767357992,
      "health": 0.0,
      "both_feet_contact": true,
      "foot_slip_distance": 0.8547381545804393,
      "up_z": -0.7790185437301015,
      "action_norm": 2.2543535232543945,
      "projected_action_norm": 0.0
    },
    {
      "t": 2.4,
      "height": -0.7331128046000032,
      "visible_drop": 1.4881128046000032,
      "command": [
        0.9230769276618958,
        0.0,
        0.6153846383094788
      ],
      "support_margin": -0.06288901180885942,
      "health": 0.0,
      "both_feet_contact": true,
      "foot_slip_distance": 0.8145199227739426,
      "up_z": -0.9449028520642521,
      "action_norm": 1.9067286252975464,
      "projected_action_norm": 0.0
    },
    {
      "t": 2.6,
      "height": -0.7478113183234553,
      "visible_drop": 1.5028113183234553,
      "command": [
        1.0,
        0.0,
        0.6666666865348816
      ],
      "support_margin": -0.008748533104649958,
      "health": 0.0,
      "both_feet_contact": true,
      "foot_slip_distance": 0.8137626143159568,
      "up_z": -0.9913234472845704,
      "action_norm": 1.2137770652770996,
      "projected_action_norm": 0.0
    },
    {
      "t": 2.8,
      "height": -0.6604725003228868,
      "visible_drop": 1.415472500322887,
      "command": [
        1.0,
        0.0,
        0.6666666865348816
      ],
      "support_margin": -0.2144640827374641,
      "health": 0.0,
      "both_feet_contact": true,
      "foot_slip_distance": 0.8164464909776414,
      "up_z": -0.8609567848505429,
      "action_norm": 1.4709529876708984,
      "projected_action_norm": 0.0
    },
    {
      "t": 3.0,