{
  "mode": "soft-brake",
  "params_path": "C:\\Users\\yusun\\projects\\physical-ai\\experiments\\46-g1-force-torque-residual\\verify\\stage-0p74\\attempts\\force-torque-20k\\train\\params.pkl",
  "target_drop": 0.08,
  "support_floor": -0.005,
  "slip_limit": 0.08,
  "residual_limit": 0.08,
  "start_height": 0.755,
  "min_height": -0.7775235135625885,
  "visible_drop": 1.5325235135625885,
  "first_visible_at": 1.68,
  "fell_at": 1.96,
  "final_height": -0.7464526322098387,
  "return_to_stand": false,
  "foot_contact_ratio": 0.9166666666666666,
  "foot_slip_distance": 1.0094628564039894,
  "min_support_margin": -0.6346811900827483,
  "first_support_breach_at": 1.36,
  "first_slip_breach_at": 2.0,
  "max_joint_limit_violation": 0.03288233508975924,
  "max_knee_delta_rad": 0.6538361202783233,
  "max_hip_pitch_delta_rad": 0.24776480177684063,
  "max_action_norm": 1.4153105020523071,
  "max_projected_delta": 0.6415789127349854,
  "pass_gate": false,
  "samples": [
    {
      "t": 0.0,
      "height": 0.7540916012412127,
      "visible_drop": 0.0009083987587873432,
      "command": [
        0.0,
        0.0,
        0.0
      ],
      "support_margin": 0.08655498381179023,
      "health": 1.0,
      "both_feet_contact": true,
      "foot_slip_distance": 0.00011059724628286582,
      "up_z": 0.9999906588919871,
      "action_norm": 1.2653093338012695,
      "projected_action_norm": 1.2653093338012695
    },
    {
      "t": 0.2,
      "height": 0.7512741201257992,
      "visible_drop": 0.0037258798742008103,
      "command": [
        0.07692307233810425,
        0.0,
        0.05128204822540283
      ],
      "support_margin": 0.08690524694179634,
      "health": 0.9930288563664841,
      "both_feet_contact": true,
      "foot_slip_distance": 0.0005988856944682317,
      "up_z": 0.9996583935111433,
      "action_norm": 0.8845105767250061,
      "projected_action_norm": 0.8805025815963745
    },
    {
      "t": 0.4,
      "height": 0.7496371490132651,
      "visible_drop": 0.005362850986734946,
      "command": [
        0.1538461446762085,
        0.0,
        0.10256409645080566
      ],
      "support_margin": 0.08773384626054129,
      "health": 0.9867327661598158,
      "both_feet_contact": true,
      "foot_slip_distance": 0.001114024452737954,
      "up_z": 0.9995226815461887,
      "action_norm": 0.7499573230743408,
      "projected_action_norm": 0.7434899210929871
    },
    {
      "t": 0.6,
      "height": 0.7496972903852698,
      "visible_drop": 0.005302709614730228,
      "command": [
        0.23076923191547394,
        0.0,
        0.1538461595773697
      ],
      "support_margin": 0.0861555597241701,
      "health": 0.9805355396261711,
      "both_feet_contact": true,
      "foot_slip_distance": 0.0016055536957663675,
      "up_z": 0.9997797929220412,
      "action_norm": 0.7849421501159668,
      "projected_action_norm": 0.7750111222267151
    },
    {
      "t": 0.8,
      "height": 0.7509024814773194,
      "visible_drop": 0.004097518522680588,
      "command": [
        0.307692289352417,
        0.0,
        0.20512819290161133
      ],
      "support_margin": 0.07333652042492561,
      "health": 0.9743173769896443,
      "both_feet_contact": true,
      "foot_slip_distance": 0.002107524138003593,
      "up_z": 0.99992559760608,
      "action_norm": 0.9730764031410217,
      "projected_action_norm": 0.9568321108818054
    },
    {
      "t": 1.0,
      "height": 0.7516192098234383,
      "visible_drop": 0.0033807901765616766,
      "command": [
        0.38461539149284363,
        0.0,
        0.25641027092933655
      ],
      "support_margin": 0.05454251277394766,
      "health": 0.9673592374629298,
      "both_feet_contact": true,
      "foot_slip_distance": 0.0026632847441462252,
      "up_z": 0.9988595211212001,
      "action_norm": 1.2266427278518677,
      "projected_action_norm": 1.2006175518035889
    },
    {
      "t": 1.2,
      "height": 0.749980661097341,
      "visible_drop": 0.005019338902659043,
      "command": [
        0.4615384638309479,
        0.0,
        0.3076923191547394
      ],
      "support_margin": 0.02721400413428267,
      "health": 0.8539049087468047,
      "both_feet_contact": true,
      "foot_slip_distance": 0.003114632267697296,
      "up_z": 0.9943905632734302,
      "action_norm": 1.3892779350280762,
      "projected_action_norm": 1.2573496103286743
    },
    {
      "t": 1.4,
      "height": 0.7362616326284931,
      "visible_drop": 0.018738367371506914,
      "command": [
        0.5384615659713745,
        0.0,
        0.3589743971824646
      ],
      "support_margin": -0.0205005383378567,
      "health": 0.0,
      "both_feet_contact": true,
      "foot_slip_distance": 0.0033788787036333244,
      "up_z": 0.9848230149850297,
      "action_norm": 1.5678004026412964,
      "projected_action_norm": 0.5487300753593445
    },
    {
      "t": 1.6,
      "height": 0.6988821849799516,
      "visible_drop": 0.05611781502004842,
      "command": [
        0.615384578704834,
        0.0,
        0.41025638580322266
      ],
      "support_margin": -0.11564436333364311,
      "health": 0.0,
      "both_feet_contact": true,
      "foot_slip_distance": 0.0035512809538510493,
      "up_z": 0.9557067558997896,
      "action_norm": 1.701918601989746,
      "projected_action_norm": 0.595671534538269
    },
    {
      "t": 1.8,
      "height": 0.6163051948587899,
      "visible_drop": 0.13869480514121013,
      "command": [
        0.692307710647583,
        0.0,
        0.46153849363327026
      ],
      "support_margin": -0.2822608902553591,
      "health": 0.0,
      "both_feet_contact": true,
      "foot_slip_distance": 0.013521429931138291,
      "up_z": 0.8534287992906746,
      "action_norm": 1.830952525138855,
      "projected_action_norm": 0.6408333778381348
    },
    {
      "t": 2.0,
      "height": 0.36416668241912636,
      "visible_drop": 0.39083331758087364,
      "command": [
        0.7692307829856873,
        0.0,
        0.5128205418586731
      ],
      "support_margin": -0.5447132772289951,
      "health": 0.0,
      "both_feet_contact": false,
      "foot_slip_distance": 0.08530541249043545,
      "up_z": 0.5097250936751363,
      "action_norm": 2.3646862506866455,
      "projected_action_norm": 0.8276401162147522
    },
    {
      "t": 2.2,
      "height": -0.22433353071072457,
      "visible_drop": 0.9793335307107246,
      "command": [
        0.8461539149284363,
        0.0,
        0.5641026496887207
      ],
      "support_margin": -0.5394253422288116,
      "health": 0.0,
      "both_feet_contact": false,
      "foot_slip_distance": 0.3842726104206875,
      "up_z": -0.29546987936659663,
      "action_norm": 2.275113582611084,
      "projected_action_norm": 0.7962898015975952
    },
    {
      "t": 2.4,
      "height": -0.7599314534357441,
      "visible_drop": 1.514931453435744,
      "command": [
        0.9230769276618958,
        0.0,
        0.6153846383094788
      ],
      "support_margin": 0.06274377860070524,
      "health": 0.0,
      "both_feet_contact": false,
      "foot_slip_distance": 0.9712953676725301,
      "up_z": -0.9943365397751036,
      "action_norm": 2.2044827938079834,
      "projected_action_norm": 0.7715689539909363
    },
    {
      "t": 2.6,
      "height": -0.6612196549695376,
      "visible_drop": 1.4162196549695376,
      "command": [
        1.0,
        0.0,
        0.6666666865348816
      ],
      "support_margin": -0.20022447132444265,
      "health": 0.0,
      "both_feet_contact": true,
      "foot_slip_distance": 1.0013586864473802,
      "up_z": -0.8281327922913869,
      "action_norm": 1.631422758102417,
      "projected_action_norm": 0.570997953414917
    },
    {
      "t": 2.8,
      "height": -0.5807317146451718,
      "visible_drop": 1.335731714645172,
      "command": [
        1.0,
        0.0,
        0.6666666865348816
      ],
      "support_margin": -0.3122174627893917,
      "health": 0.0,