{
  "stage_height": 0.67,
  "max_blend": 1.0,
  "target_drop": 0.08,
  "descent_rate_cap": 0.12,
  "slip_abort": 0.04,
  "return_blend": 1.0,
  "return_rate": 0.08,
  "policy_weight": 0.0,
  "freeze_phase": true,
  "reference_scale": 1.0,
  "params_path": "C:\\Users\\yusun\\projects\\physical-ai\\experiments\\22-g1-squat-depth-finetune\\verify\\train\\params.pkl",
  "seconds": 6.0,
  "start_height": 0.755,
  "min_height": -0.7783250611665705,
  "visible_drop": 1.5333250611665705,
  "fell_at": 1.24,
  "upright_s": 1.24,
  "final_height": -0.7489525965991203,
  "return_to_stand": false,
  "torso_up_min_observed": -0.9999998410851234,
  "foot_contact_ratio": 0.91,
  "visible_contact_ratio": 0.75,
  "foot_slip_distance": 1.0047352958702358,
  "stance_ok": false,
  "max_reference_error": 0.1898356107356617,
  "max_height_error": 2.2889571918945246,
  "max_joint_limit_violation": 0.02735172479566461,
  "guard_trip_count": 17,
  "max_observed_blend": 0.4222222222222222,
  "max_return_mix": 1.0,
  "trigger_reason": "visible_then_abort",
  "trigger_time": 0.96,
  "mode_counts": {
    "descend": 48,
    "return": 6,
    "abort": 246
  },
  "pass_gate": false,
  "verdict": "FAIL_FALL",
  "samples": [
    {
      "t": 0.0,
      "mode": "descend",
      "base_height": 0.755,
      "target_height": 0.7549999952316284,
      "visible_drop": 0.0,
      "drop_rate": 0.0,
      "up_z": 1.0,
      "both_feet_contact": true,
      "foot_slip_distance": 0.0,
      "controller_blend": 0.0,
      "return_mix": 0.0
    },
    {
      "t": 0.2,
      "mode": "descend",
      "base_height": 0.7236864185110887,
      "target_height": 0.7369999885559082,
      "visible_drop": 0.03131358148891128,
      "drop_rate": 0.09289368366466877,
      "up_z": 0.9949191159496085,
      "both_feet_contact": true,
      "foot_slip_distance": 0.00012382790211267652,
      "controller_blend": 0.02080244904034304,
      "return_mix": 0.0
    },
    {
      "t": 0.4,
      "mode": "descend",
      "base_height": 0.7232719371163265,
      "target_height": 0.718999981880188,
      "visible_drop": 0.03172806288367347,
      "drop_rate": 0.0,
      "up_z": 0.996361582162151,
      "both_feet_contact": true,
      "foot_slip_distance": 5.040663665749192e-05,
      "controller_blend": 0.22080244904034302,
      "return_mix": 0.0
    },
    {
      "t": 0.6,
      "mode": "descend",
      "base_height": 0.7230360976084828,
      "target_height": 0.7009999752044678,
      "visible_drop": 0.03196390239151725,
      "drop_rate": 0.003138890682968798,
      "up_z": 0.9996941247169625,
      "both_feet_contact": true,
      "foot_slip_distance": 0.00036656886270347675,
      "controller_blend": 0.3333333333333333,
      "return_mix": 0.0
    },
    {
      "t": 0.8,
      "mode": "descend",
      "base_height": 0.710409025389391,
      "target_height": 0.6830000281333923,
      "visible_drop": 0.04459097461060901,
      "drop_rate": 0.1439832522371176,
      "up_z": 0.9802456434479322,
      "both_feet_contact": true,
      "foot_slip_distance": 0.0010958616660365842,
      "controller_blend": 0.21888,
      "return_mix": 0.0
    },
    {
      "t": 1.0,
      "mode": "return",
      "base_height": 0.6564248788730358,
      "target_height": 0.6700000166893005,
      "visible_drop": 0.0985751211269642,
      "drop_rate": 0.3044901932980848,
      "up_z": 0.8769718895772011,
      "both_feet_contact": true,
      "foot_slip_distance": 0.0012309961571477473,
      "controller_blend": 0.0,
      "return_mix": 0.16
    },
    {
      "t": 1.2,
      "mode": "abort",
      "base_height": 0.4891138601027084,
      "target_height": 0.6700000166893005,
      "visible_drop": 0.2658861398972916,
      "drop_rate": 1.4544329553434487,
      "up_z": 0.537308401183201,
      "both_feet_contact": true,
      "foot_slip_distance": 0.026778864985120495,
      "controller_blend": 0.0,
      "return_mix": 0.9599999999999999
    },
    {
      "t": 1.4,
      "mode": "abort",
      "base_height": -0.005399659190745068,
      "target_height": 0.6700000166893005,
      "visible_drop": 0.760399659190745,
      "drop_rate": 3.356671896128472,
      "up_z": -0.11623606998255819,
      "both_feet_contact": false,
      "foot_slip_distance": 0.2426896206454459,
      "controller_blend": 0.0,
      "return_mix": 1.0
    },
    {
      "t": 1.6,
      "mode": "abort",
      "base_height": -0.7108864325518663,
      "target_height": 0.6700000166893005,
      "visible_drop": 1.4658864325518663,
      "drop_rate": 0.719990370434137,
      "up_z": -0.9564534810327658,
      "both_feet_contact": false,
      "foot_slip_distance": 0.7860049915096469,
      "controller_blend": 0.0,
      "return_mix": 1.0
    },
    {
      "t": 1.8,
      "mode": "abort",
      "base_height": -0.7130504564301041,
      "target_height": 0.6700000166893005,
      "visible_drop": 1.4680504564301042,
      "drop_rate": 0.0,
      "up_z": -0.8917023399161897,
      "both_feet_contact": true,
      "foot_slip_distance": 1.0007239584144623,
      "controller_blend": 0.0,
      "return_mix": 1.0
    },
    {
      "t": 2.0,
      "mode": "abort",
      "base_height": -0.5896852881314188,
      "target_height": 0.6700000166893005,
      "visible_drop": 1.3446852881314189,
      "drop_rate": 0.0,
      "up_z": -0.7352682719484438,
      "both_feet_contact": true,
      "foot_slip_distance": 0.9304350381145853,
      "controller_blend": 0.0,
      "return_mix": 1.0
    },
    {
      "t": 2.2,
      "mode": "abort",
      "base_height": -0.6269822786556419,
      "target_height": 0.6700000166893005,
      "visible_drop": 1.381982278655642,
      "drop_rate": 0.5536058131993593,
      "up_z": -0.7786127288940157,
      "both_feet_contact": true,
      "foot_slip_distance": 0.8301085108718118,
      "controller_blend": 0.0,
      "return_mix": 1.0
    },
    {
      "t": 2.4,
      "mode": "abort",
      "base_height": -0.7315717928535164,
      "target_height": 0.6700000166893005,
      "visible_drop": 1.4865717928535163,
      "drop_rate": 0.3619134563078663,
      "up_z": -0.9395154768242511,
      "both_feet_contact": true,
      "foot_slip_distance": 0.7841207930369088,
      "controller_blend": 0.0,
      "return_mix": 1.0
    },
    {
      "t": 2.6,
      "mode": "abort",
      "base_height": -0.7491094053547102,
      "target_height": 0.6700000166893005,
      "visible_drop": 1.5041094053547102,
      "drop_rate": 0.0,
      "up_z": -0.9927549061645361,
      "both_feet_contact": true,
      "foot_slip_distance": 0.7833412075525192,
      "controller_blend": 0.0,
      "return_mix": 1.0
    },
    {
      "t": 2.8,
      "mode": "abort",
      "base_height": -0.6624748562100717,
      "target_height": 0.6700000166893005,
      "visible_drop": 1.4174748562100716,
      "drop_rate": 0.0,
      "up_z": -0.8643704820839124,
      "both_feet_contact": true,
      "foot_slip_distance": 0.7862382680270559,
      "controller_blend": 0.0,
      "return_mix": 1.0
    },
    {
      "t": 3.0,
      "mode": "abort",
      "base_height": -0.6270019197155253,
      "target_height": 0.6700000166893005,
      "visible_drop": 1.3820019197155253,
      "drop_rate": 0.11497655280494068,
      "up_z": -0.8030712588322447,
      "both_feet_contact": true,
      "foot_slip_distance": 0.7964800418407559,
      "controller_blend": 0.0,
      "return_mix": 1.0
    },
    {
      "t": 3.2,
      "mode": "abort",
      "base_height": -0.7005706410800143,
      "target_height": 0.6830000281333923,
      "visible_drop": 1.4555706410800142,
      "drop_rate": 0.47082234089927955,
      "up_z": -0.9265027762026739,
      "both_feet_contact": true,
      "foot_slip_distance": 0.803908989071872,
      "controller_blend": 0.0,
      "return_mix": 1.0
    },
    {
      "t": 3.4,
      "mode": "abort",
      "base_height": -0.7587026437480551,
      "target_height": 0.7009999752044678,
      "visible_drop": 1.5137026437480552,
      "drop_rate": 0.04923102223537423,