{
  "attempt": "zero-anchor-step0p5",
  "variant": {
    "seconds": 6.0,
    "quat_mode": "wxyz",
    "attempt": "zero-anchor-step0p5",
    "start_mode": "reference",
    "anchor_mode": "zero",
    "action_step": 0.5,
    "blend_reference": 0.0
  },
  "start_height": 0.805576,
  "min_height": -0.6902509899671501,
  "visible_drop": 1.4958269899671501,
  "fell_at": 0.3,
  "final_height": -0.5483596959405413,
  "return_to_stand": false,
  "foot_contact_ratio": 0.18333333333333332,
  "foot_slip_distance": 3.855440457550624,
  "min_support_margin": -0.49440511255236597,
  "max_joint_limit_violation": 0.33702455425084515,
  "max_knee_delta_rad": 2.8917870060582325,
  "max_hip_pitch_delta_rad": 3.2019447043440796,
  "action_min": -13.897294998168945,
  "action_max": 22.974145889282227,
  "obs_abs_max": 51.11549377441406,
  "samples": [
    {
      "t": 0.0,
      "motion_idx": 0,
      "height": 0.8052453938766555,
      "visible_drop": 0.0003306061233444568,
      "both_feet_contact": false,
      "foot_slip_distance": 0.015441517842339793,
      "support_margin": 0.10246834994470269,
      "knee_delta": 0.1124837117422648,
      "hip_delta": 0.14805858477313183,
      "up_z": 0.9920675876484708,
      "action_min": -2.3402481079101562,
      "action_max": 2.529550552368164
    },
    {
      "t": 0.2,
      "motion_idx": 12,
      "height": 0.7345842064199132,
      "visible_drop": 0.07099179358008678,
      "both_feet_contact": false,
      "foot_slip_distance": 0.36011153884560493,
      "support_margin": 0.041172560946090134,
      "knee_delta": 2.37173409299644,
      "hip_delta": 0.8318870853972082,
      "up_z": 0.9493875807250571,
      "action_min": -4.904626369476318,
      "action_max": 8.82738971710205
    },
    {
      "t": 0.4,
      "motion_idx": 24,
      "height": 0.572513955353494,
      "visible_drop": 0.23306204464650593,
      "both_feet_contact": false,
      "foot_slip_distance": 0.9120296586475792,
      "support_margin": -0.21691035096800063,
      "knee_delta": 2.8111858831452183,
      "hip_delta": 0.8586047094302958,
      "up_z": 0.010433131215498326,
      "action_min": -5.061969757080078,
      "action_max": 9.321218490600586
    },
    {
      "t": 0.6,
      "motion_idx": 36,
      "height": 0.05957059427061796,
      "visible_drop": 0.746005405729382,
      "both_feet_contact": false,
      "foot_slip_distance": 0.5037979747992527,
      "support_margin": -0.0147481759549003,
      "knee_delta": 2.8917870060582325,
      "hip_delta": 2.9725397617257805,
      "up_z": -0.787301053332171,
      "action_min": -7.852833271026611,
      "action_max": 22.974145889282227
    },
    {
      "t": 0.8,
      "motion_idx": 48,
      "height": -0.5671987785785998,
      "visible_drop": 1.3727747785785998,
      "both_feet_contact": true,
      "foot_slip_distance": 0.2228617333840386,
      "support_margin": 0.09499094534998878,
      "knee_delta": 2.8917870060582325,
      "hip_delta": 3.2019447043440796,
      "up_z": -0.9916535753727729,
      "action_min": -6.321487903594971,
      "action_max": 6.240785121917725
    },
    {
      "t": 1.0,
      "motion_idx": 60,
      "height": -0.5506041473758676,
      "visible_drop": 1.3561801473758677,
      "both_feet_contact": false,
      "foot_slip_distance": 0.8366243392677155,
      "support_margin": -0.06598015228576437,
      "knee_delta": 2.8917870060582325,
      "hip_delta": 3.2019447043440796,
      "up_z": -0.7242088092670983,
      "action_min": -4.802192687988281,
      "action_max": 9.46239948272705
    },
    {
      "t": 1.2,
      "motion_idx": 72,
      "height": -0.2005863092751543,
      "visible_drop": 1.0061623092751542,
      "both_feet_contact": false,
      "foot_slip_distance": 0.9889885501109518,
      "support_margin": -0.02675644485159695,
      "knee_delta": 2.8917870060582325,
      "hip_delta": 3.2019447043440796,
      "up_z": -0.4711404390778945,
      "action_min": -4.283681869506836,
      "action_max": 9.947887420654297
    },
    {
      "t": 1.4,
      "motion_idx": 84,
      "height": -0.008572062496987855,
      "visible_drop": 0.8141480624969878,
      "both_feet_contact": false,
      "foot_slip_distance": 0.9605076737351534,
      "support_margin": 0.0787000632761905,
      "knee_delta": 2.8917870060582325,
      "hip_delta": 3.2019447043440796,
      "up_z": -0.6509946302637256,
      "action_min": -7.658792018890381,
      "action_max": 21.438800811767578
    },
    {
      "t": 1.6,
      "motion_idx": 96,
      "height": -0.08276485065814744,
      "visible_drop": 0.8883408506581474,
      "both_feet_contact": false,
      "foot_slip_distance": 0.43947422805872616,
      "support_margin": -0.08903568832668296,
      "knee_delta": 2.8917870060582325,
      "hip_delta": 3.2019447043440796,
      "up_z": -0.689583438509538,
      "action_min": -4.763738632202148,
      "action_max": 3.9173779487609863
    },
    {
      "t": 1.8,
      "motion_idx": 108,
      "height": -0.5496169005435864,
      "visible_drop": 1.3551929005435863,
      "both_feet_contact": false,
      "foot_slip_distance": 0.9420215417233524,
      "support_margin": -0.18727264041887393,
      "knee_delta": 2.8917870060582325,
      "hip_delta": 3.2019447043440796,
      "up_z": -0.5515082805089889,
      "action_min": -5.7191081047058105,
      "action_max": 7.594688415527344
    },
    {
      "t": 2.0,
      "motion_idx": 120,
      "height": -0.6047939395438945,
      "visible_drop": 1.4103699395438944,
      "both_feet_contact": true,
      "foot_slip_distance": 1.08268431291624,
      "support_margin": 0.03166113807298898,
      "knee_delta": 2.8917870060582325,
      "hip_delta": 3.2019447043440796,
      "up_z": -0.9395274438825811,
      "action_min": -3.9511373043060303,
      "action_max": 4.837444305419922
    },
    {
      "t": 2.2,
      "motion_idx": 132,
      "height": -0.6097286391856588,
      "visible_drop": 1.4153046391856587,
      "both_feet_contact": false,
      "foot_slip_distance": 1.3526634906196084,
      "support_margin": -0.18112626700106382,
      "knee_delta": 2.8917870060582325,
      "hip_delta": 3.2019447043440796,
      "up_z": -0.4579702027766855,
      "action_min": -3.9173176288604736,
      "action_max": 7.286127090454102
    },
    {
      "t": 2.4,
      "motion_idx": 144,
      "height": -0.4806177328200167,
      "visible_drop": 1.2861937328200166,
      "both_feet_contact": false,
      "foot_slip_distance": 1.242232084216727,
      "support_margin": 0.11296833988632549,
      "knee_delta": 2.8917870060582325,
      "hip_delta": 3.2019447043440796,
      "up_z": -0.8921612917599526,
      "action_min": -5.177772045135498,
      "action_max": 12.23279094696045
    },
    {
      "t": 2.6,
      "motion_idx": 156,
      "height": -0.4506201040742893,
      "visible_drop": 1.2561961040742893,
      "both_feet_contact": true,
      "foot_slip_distance": 0.9265445942059127,
      "support_margin": 0.11426404688343639,
      "knee_delta": 2.8917870060582325,
      "hip_delta": 3.2019447043440796,
      "up_z": -0.7220355841847784,
      "action_min": -4.855682849884033,
      "action_max": 9.941581726074219
    },
    {
      "t": 2.8,
      "motion_idx": 168,
      "height": -0.2917980858894758,
      "visible_drop": 1.0973740858894758,
      "both_feet_contact": true,
      "foot_slip_distance": 1.2025061532822767,
      "support_margin": 0.024770331816049707,
      "knee_delta": 2.8917870060582325,
      "hip_delta": 3.2019447043440796,
      "up_z": -0.6200287782234402,
      "action_min": -5.923465251922607,
      "action_max": 8.633885383605957
    },
    {
      "t": 3.0,
      "motion_idx": 180,
      "height": -0.4021325784800509,
      "visible_drop": 1.2077085784800508,
      "both_feet_contact": true,
      "foot_slip_distance": 1.3518793480969422,
      "support_margin": 0.1599012350840593,
      "knee_delta": 2.8917870060582325,
      "hip_delta": 3.2019447043440796,
      "up_z": -0.8580713280784644,