{
  "attempt": "run-policy-baseline",
  "variant": {
    "attempt": "run-policy-baseline",
    "anchor_index": 0,
    "velocity_order": "ang_lin",
    "target_mode": "direct",
    "default_name": "zero"
  },
  "default_name": "zero",
  "start_height": 0.810932993888855,
  "min_height": -4866.449808169236,
  "visible_drop": 4867.260741163125,
  "fell_at": 0.24,
  "final_height": 0.7498934729780127,
  "return_to_stand": false,
  "max_knee_delta_rad": 6124.635290968292,
  "max_hip_pitch_delta_rad": 63684.12403189265,
  "foot_slip_distance": 22.84334192655284,
  "action_min": -2332887.25,
  "action_max": 1569893.625,
  "target_min": -2332887.25,
  "target_max": 1569893.625,
  "obs_abs_max": 47811868.0,
  "first_action29": [
    1.3595904111862183,
    -0.1706767976284027,
    -0.11328773200511932,
    -0.49303382635116577,
    2.4808058738708496,
    0.0077932607382535934,
    -0.11714673042297363,
    0.41457220911979675,
    -0.6773394346237183,
    -1.690807580947876,
    2.0252792835235596,
    0.11647289991378784,
    0.3792523741722107,
    0.46998879313468933,
    -1.9469995498657227,
    -0.8453171253204346,
    0.6782573461532593,
    -0.6920600533485413,
    0.5935476422309875,
    -0.1969791054725647,
    -1.0407196283340454,
    0.1662265658378601,
    -1.3183212280273438,
    -0.9462580680847168,
    0.9123299717903137,
    0.7747032046318054,
    -0.09178734570741653,
    1.1015594005584717,
    0.5062964558601379
  ],
  "first_target29": [
    1.3595904111862183,
    -0.1706767976284027,
    -0.11328773200511932,
    -0.49303382635116577,
    2.4808058738708496,
    0.0077932607382535934,
    -0.11714673042297363,
    0.41457220911979675,
    -0.6773394346237183,
    -1.690807580947876,
    2.0252792835235596,
    0.11647289991378784,
    0.3792523741722107,
    0.46998879313468933,
    -1.9469995498657227,
    -0.8453171253204346,
    0.6782573461532593,
    -0.6920600533485413,
    0.5935476422309875,
    -0.1969791054725647,
    -1.0407196283340454,
    0.1662265658378601,
    -1.3183212280273438,
    -0.9462580680847168,
    0.9123299717903137,
    0.7747032046318054,
    -0.09178734570741653,
    1.1015594005584717,
    0.5062964558601379
  ],
  "samples": [
    {
      "t": 0.0,
      "height": 0.808124325358617,
      "drop": 0.002808668530237979,
      "knee": 0.1646433476037464,
      "hip": 0.21514208328358742,
      "slip": 0.012629965154282777,
      "up_z": 0.9901830074169864
    },
    {
      "t": 0.2,
      "height": 0.4836784309812946,
      "drop": 0.3272545629075604,
      "knee": 2.8814502169727167,
      "hip": 2.178405880596024,
      "slip": 0.673281609085478,
      "up_z": 0.8423147258503405
    },
    {
      "t": 0.4,
      "height": 0.7028230885231092,
      "drop": 0.10810990536574583,
      "knee": 2.8814502169727167,
      "hip": 2.178405880596024,
      "slip": 0.768103046385151,
      "up_z": 0.9557407165167785
    },
    {
      "t": 0.6,
      "height": 0.7860108590013996,
      "drop": 0.024922134887455427,
      "knee": 2.8814502169727167,
      "hip": 2.178405880596024,
      "slip": 0.768103046385151,
      "up_z": 0.9784833154285818
    },
    {
      "t": 0.8,
      "height": 0.5414560293585277,
      "drop": 0.2694769645303273,
      "knee": 2.8814502169727167,
      "hip": 2.178405880596024,
      "slip": 0.768103046385151,
      "up_z": 0.5649912556584332
    },
    {
      "t": 1.0,
      "height": 0.61629269908032,
      "drop": 0.19464029480853495,
      "knee": 2.8814502169727167,
      "hip": 2.178405880596024,
      "slip": 0.8709757354014329,
      "up_z": 0.7891127158312831
    },
    {
      "t": 1.2,
      "height": 0.7163513486059276,
      "drop": 0.09458164528292734,
      "knee": 42.50019659581917,
      "hip": 251.1433776069786,
      "slip": 2.004785207856687,
      "up_z": 0.7325131165057025
    },
    {
      "t": 1.4,
      "height": 0.5959756586914907,
      "drop": 0.21495733519736426,
      "knee": 42.50019659581917,
      "hip": 251.1433776069786,
      "slip": 2.004785207856687,
      "up_z": 0.9275395689083024
    },
    {
      "t": 1.6,
      "height": 0.6065147322795149,
      "drop": 0.20441826160934007,
      "knee": 633.1893171972033,
      "hip": 251.1433776069786,
      "slip": 2.004785207856687,
      "up_z": 0.8728550253669611
    },
    {
      "t": 1.8,
      "height": 0.7794390479890105,
      "drop": 0.031493945899844444,
      "knee": 633.1893171972033,
      "hip": 251.1433776069786,
      "slip": 2.004785207856687,
      "up_z": 0.8947274225337561
    },
    {
      "t": 2.0,
      "height": 0.5865212278882053,
      "drop": 0.22441176600064972,
      "knee": 633.1893171972033,
      "hip": 251.1433776069786,
      "slip": 2.004785207856687,
      "up_z": 0.9135203978136961
    },
    {
      "t": 2.2,
      "height": 0.6342539412581677,
      "drop": 0.17667905263068728,
      "knee": 633.1893171972033,
      "hip": 251.1433776069786,
      "slip": 2.004785207856687,
      "up_z": 0.783580341578481
    },
    {
      "t": 2.4,
      "height": 0.7649993202780132,
      "drop": 0.045933673610841774,
      "knee": 6124.635290968292,
      "hip": 63684.12403189265,
      "slip": 3.070489880160404,
      "up_z": 0.8220172578786135
    },
    {
      "t": 2.6,
      "height": 0.623806734825494,
      "drop": 0.187126259063361,
      "knee": 6124.635290968292,
      "hip": 63684.12403189265,
      "slip": 3.070489880160404,
      "up_z": 0.26193621293437425
    },
    {
      "t": 2.8,
      "height": 0.6698907556216168,
      "drop": 0.14104223826723816,
      "knee": 6124.635290968292,
      "hip": 63684.12403189265,
      "slip": 3.070489880160404,
      "up_z": 0.9588898853461529
    },
    {
      "t": 3.0,
      "height": 0.5043460300629696,
      "drop": 0.30658696382588535,
      "knee": 6124.635290968292,
      "hip": 63684.12403189265,
      "slip": 3.070489880160404,
      "up_z": 0.26861947910288964
    },
    {
      "t": 3.2,
      "height": 0.5784671639573362,
      "drop": 0.23246582993151876,
      "knee": 6124.635290968292,
      "hip": 63684.12403189265,
      "slip": 3.070489880160404,
      "up_z": 0.9464829751544359
    },
    {
      "t": 3.4,
      "height": 0.36505761922024665,
      "drop": 0.4458753746686083,
      "knee": 6124.635290968292,
      "hip": 63684.12403189265,
      "slip": 3.070489880160404,
      "up_z": -0.7988168758235035
    },
    {
      "t": 3.6,
      "height": -0.44139938630282727,
      "drop": 1.2523323801916821,
      "knee": 6124.635290968292,
      "hip": 63684.12403189265,
      "slip": 3.070489880160404,
      "up_z": 0.08414290415126066
    },
    {
      "t": 3.8,
      "height": 0.6882194607623415,
      "drop": 0.12271353312651345,
      "knee": 6124.635290968292,
      "hip": 63684.12403189265,
      "slip": 22.84334192655284,
      "up_z": 0.9718976140182691
    },
    {
      "t": 4.0,
      "height": 0.7900764444324208,
      "drop": 0.020856549456434226,
      "knee": 6124.635290968292,
      "hip": 63684.12403189265,
      "slip": 22.84334192655284,
      "up_z": 0.9345022515103646
    },
    {
      "t": 4.2,
      "height": 0.686161396962851,
      "drop": 0.12477159692600404,
      "knee": 6124.635290968292,
      "hip": 63684.12403189265,
      "slip": 22.84334192655284,
      "up_z": 0.7975564836712268
    },
    {
      "t": 4.4,
      "height": 0.6034493296081905,
      "drop": 0.20748366428066445,
      "knee": 6124.635290968292,
      "hip": 63684.12403189265,
      "slip": 22.84334192655284,
      "up_z": 0.9732348227884944
    },
    {
      "t": 4.6,
      "height": 0.7931867132017708,
      "drop": 0.01774628068708417,
      "knee": 6124.635290968292,
      "hip": 63684.12403189265,
      "slip": 22.84334192655284,
      "up_z": 0.9999997807426665
    },
    {
      "t": 4.8,
      "height": 0.5922318051288906,
      "drop": 0.21870118875996436,
      "knee": 6124.635290968292,
      "hip": 63684.12403189265,
      "slip": 22.84334192655284,