{
  "attempt": "upstream-exact-position",
  "variant": {
    "seconds": 6.0,
    "attempt": "upstream-exact-position",
    "init_mode": "upstream_motion",
    "anchor_index": 0,
    "ori_order": "upstream",
    "vel_source": "upstream_raw",
    "control_mode": "position",
    "action_step": 1.0
  },
  "start_height": 0.810932993888855,
  "min_height": -117.08138801885912,
  "visible_drop": 117.89232101274797,
  "fell_at": 0.24,
  "final_height": 0.16816032580906642,
  "return_to_stand": false,
  "foot_contact_ratio": 0.08,
  "foot_slip_distance": 7.9236845506718,
  "min_support_margin": -0.5190478816367798,
  "max_joint_limit_violation": 91696.34324133077,
  "max_knee_delta_rad": 666.1144809290643,
  "max_hip_pitch_delta_rad": 3418.24350370873,
  "action_min": -585051.875,
  "action_max": 1169843.125,
  "obs_abs_max": 18343466.0,
  "first_obs80": [
    -0.010680999606847763,
    0.1911800056695938,
    0.04810100048780441,
    0.1289830058813095,
    -0.07358700037002563,
    -0.09355799853801727,
    0.02390800043940544,
    -0.04573500156402588,
    -0.14741599559783936,
    0.15351800620555878,
    -0.04085199907422066,
    0.09421999752521515,
    0.04326299950480461,
    0.08253800123929977,
    -0.05077899992465973,
    -0.0350940003991127,
    0.1971379965543747,
    -0.36746400594711304,
    0.9631109833717346,
    -0.22308999300003052,
    0.09718400239944458,
    0.10523399710655212,
    -0.1067039966583252,
    -0.42543599009513855,
    0.5734019875526428,
    1.325984001159668,
    0.28869500756263733,
    0.1454859972000122,
    -0.08019900321960449,
    -0.20033998787403107,
    0.03551959618926048,
    -0.005040093790739775,
    -0.12012004107236862,
    0.13679979741573334,
    -0.10212018340826035,
    -0.16830000281333923,
    0.04620015248656273,
    0.03923982009291649,
    -0.20070074498653412,
    0.16595987975597382,
    0.12774018943309784,
    -0.09899988025426865,
    0.09588002413511276,
    -0.1005600318312645,
    -0.2712600529193878,
    -0.35849955677986145,
    0.44729945063591003,
    -0.20381926000118256,
    0.1391395777463913,
    -0.5386800765991211,
    -0.19043995440006256,
    -0.4651799499988556,
    0.0653386041522026,
    0.3052818477153778,
    0.7069229483604431,
    0.14694033563137054,
    -0.49721983075141907,
    0.12834011018276215,
    0.0,
    0.0,
    0.0,
    1.000000238418579,
    5.25283094798823e-10,
    -7.974378490871459e-09,
    5.25283094798823e-10,
    1.000000238418579,
    1.2865921661386892e-08,
    0.00917359534651041,
    0.018420768901705742,
    0.999788224697113,
    0.0,
    0.0,
    0.0,
    -0.010680999606847763,
    0.1911800056695938,
    0.04810100048780441,
    0.1289830058813095,
    -0.07358700037002563,
    -0.09355799853801727,
    0.02390800043940544
  ],
  "first_action29": [
    1.3595904111862183,
    -0.1706767976284027,
    -0.11328773200511932,
    -0.49303382635116577,
    2.4808058738708496,
    0.0077932607382535934,
    -0.11714673042297363,
    0.41457220911979675,
    -0.6773394346237183,
    -1.690807580947876,
    2.0252792835235596,
    0.11647289991378784,
    0.3792523741722107,
    0.46998879313468933,
    -1.9469995498657227,
    -0.8453171253204346,
    0.6782573461532593,
    -0.6920600533485413,
    0.5935476422309875,
    -0.1969791054725647,
    -1.0407196283340454,
    0.1662265658378601,
    -1.3183212280273438,
    -0.9462580680847168,
    0.9123299717903137,
    0.7747032046318054,
    -0.09178734570741653,
    1.1015594005584717,
    0.5062964558601379
  ],
  "samples": [
    {
      "t": 0.0,
      "frame": 0,
      "height": 0.808124325358617,
      "visible_drop": 0.002808668530237979,
      "both_feet_contact": false,
      "foot_slip_distance": 0.012629965154282777,
      "support_margin": 0.07006053604065675,
      "knee_delta": 0.1646433476037464,
      "hip_delta": 0.21514208328358742,
      "up_z": 0.9901830074169864,
      "action_min": -1.9469995498657227,
      "action_max": 2.4808058738708496
    },
    {
      "t": 0.2,
      "frame": 12,
      "height": 0.4916529254346828,
      "visible_drop": 0.3192800684541722,
      "both_feet_contact": false,
      "foot_slip_distance": 0.4609197822354256,
      "support_margin": -0.0030788978485333605,
      "knee_delta": 2.8853235449060874,
      "hip_delta": 2.071259865306306,
      "up_z": 0.9274073518062125,
      "action_min": -12.879077911376953,
      "action_max": 9.35163688659668
    },
    {
      "t": 0.4,
      "frame": 24,
      "height": 0.7627610027395015,
      "visible_drop": 0.048171991149353444,
      "both_feet_contact": false,
      "foot_slip_distance": 0.2197823505616616,
      "support_margin": 0.05905635110497123,
      "knee_delta": 38.57901871288196,
      "hip_delta": 262.92413274808456,
      "up_z": 0.8611379738997542,
      "action_min": -899.171875,
      "action_max": 720.5475463867188
    },
    {
      "t": 0.6,
      "frame": 36,
      "height": 0.49794056953310883,
      "visible_drop": 0.31299242435574615,
      "both_feet_contact": false,
      "foot_slip_distance": 0.5698346257598244,
      "support_margin": -0.02065054727923131,
      "knee_delta": 38.57901871288196,
      "hip_delta": 262.92413274808456,
      "up_z": 0.7758126198350161,
      "action_min": -4.293747425079346,
      "action_max": 5.56143045425415
    },
    {
      "t": 0.8,
      "frame": 48,
      "height": 0.7817437760892391,
      "visible_drop": 0.02918921779961592,
      "both_feet_contact": false,
      "foot_slip_distance": 0.20214972365347694,
      "support_margin": 0.058585786654893446,
      "knee_delta": 38.57901871288196,
      "hip_delta": 262.92413274808456,
      "up_z": 0.9687314038319226,
      "action_min": -2.730797290802002,
      "action_max": 4.537468433380127
    },
    {
      "t": 1.0,
      "frame": 60,
      "height": 0.6268461616001995,
      "visible_drop": 0.18408683228865552,
      "both_feet_contact": true,
      "foot_slip_distance": 0.6071989968032312,
      "support_margin": 0.12493844179811868,
      "knee_delta": 38.57901871288196,
      "hip_delta": 262.92413274808456,
      "up_z": 0.621502446920282,
      "action_min": -13.201154708862305,
      "action_max": 11.762868881225586
    },
    {
      "t": 1.2,
      "frame": 72,
      "height": 0.6662195417190895,
      "visible_drop": 0.1447134521697655,
      "both_feet_contact": false,
      "foot_slip_distance": 0.24139687316133912,
      "support_margin": 0.14777823995888942,
      "knee_delta": 38.57901871288196,
      "hip_delta": 262.92413274808456,
      "up_z": 0.9016210339478554,
      "action_min": -3.0403032302856445,
      "action_max": 4.87658166885376
    },
    {
      "t": 1.4,
      "frame": 84,
      "height": 0.7238005157768018,
      "visible_drop": 0.08713247811205316,
      "both_feet_contact": false,
      "foot_slip_distance": 0.13693161619755512,
      "support_margin": 0.0880140210665327,
      "knee_delta": 621.9295711609423,
      "hip_delta": 3418.24350370873,
      "up_z": 0.7516028419868109,
      "action_min": -15836.5771484375,
      "action_max": 13296.4931640625
    },
    {
      "t": 1.6,
      "frame": 96,
      "height": 0.7931147575038271,
      "visible_drop": 0.017818236385027886,
      "both_feet_contact": true,
      "foot_slip_distance": 0.28591305015850843,
      "support_margin": 0.07033619076301327,
      "knee_delta": 621.9295711609423,
      "hip_delta": 3418.24350370873,
      "up_z": 0.9999999029782595,
      "action_min": -31.0133113861084,
      "action_max": 78.9094467163086
    },
    {
      "t": 1.8,
      "frame": 108,
      "height": 0.4832875079771754,
      "visible_drop": 0.3276454859116796,
      "both_feet_contact": false,
      "foot_slip_distance": 0.5500886858444766,
      "support_margin": 0.11362478025330816,
      "knee_delta": 621.9295711609423,
      "hip_delta": 3418.24350370873,
      "up_z": 0.8535066391702114,
      "action_min": -3.9187145233154297,