{
  "native": {
    "attempt": "drop-0p12-com4-posture1",
    "target": {
      "drop": 0.12,
      "start_height": 0.755,
      "target_height": 0.635,
      "success": true,
      "cost": 0.07308547865817037,
      "nfev": 25,
      "com_weight": 4.0,
      "posture_weight": 1.0,
      "rms_foot_error": 0.00023360241760351423,
      "max_foot_error": 0.0002628155987918146,
      "support_margin": 0.05891139186412501,
      "inside_support": true,
      "com_xy": [
        0.054724659562238064,
        0.00023624933278271768
      ],
      "support_center_xy": [
        0.027728930857966308,
        0.00042447197791325997
      ],
      "com_center_error": 0.026996384869807696,
      "knee_delta_rad": 0.7550377522504426,
      "hip_pitch_delta_rad": 0.3594476546183217,
      "visible_pose_gate": {
        "pelvis_drop_pass": true,
        "knee_delta_pass": true,
        "hip_pitch_delta_pass": true,
        "pass": true
      },
      "lower_body_target": [
        -0.6712303487529937,
        0.009647462377006975,
        0.0073493959139119425,
        1.4240377522504426,
        -0.43601992088737135,
        -0.002996260078003323,
        -0.6714476546183217,
        -0.0037064493602354306,
        -0.0028030231857478407,
        1.423790095356722,
        -0.42178489169678285,
        0.0018255029418556034,
        1.6643052921036754e-05,
        -9.165257043305451e-05,
        0.06656786858277453
      ]
    },
    "max_blend": 0.45,
    "policy_weight": 1.0,
    "start_height": 0.755,
    "min_height": -0.7584476040214504,
    "visible_drop": 1.5134476040214504,
    "first_visible_at": 2.76,
    "fell_at": 3.16,
    "final_height": -0.7323516171397768,
    "return_to_stand": false,
    "foot_contact_ratio": 0.9,
    "foot_slip_distance": 0.7208410615674632,
    "min_support_margin": -0.618907210425484,
    "max_joint_limit_violation": 0.018911171452537345,
    "max_total_foot_normal_force": 3783.974293204033,
    "max_lr_normal_imbalance": 1.0,
    "max_lower_inverse_torque": 16139.112693227211,
    "max_observed_blend": 0.45,
    "pass_gate": false,
    "verdict": "FAIL_FALL",
    "samples": [
      {
        "t": 0.0,
        "height": 0.7542067254735858,
        "visible_drop": 0.0007932745264142005,
        "support_margin": 0.08652551974594566,
        "both_feet_contact": true,
        "foot_slip_distance": 0.00010037407583634911,
        "controller_blend": 0.0,
        "up_z": 0.9999886379342544,
        "lr_normal_imbalance": 0.20647142569380275,
        "inverse_torque": 12.855626482333326
      },
      {
        "t": 0.2,
        "height": 0.7524537166549157,
        "visible_drop": 0.0025462833450843325,
        "support_margin": 0.0859205932002062,
        "both_feet_contact": true,
        "foot_slip_distance": 0.000594748524124362,
        "controller_blend": 0.028125,
        "up_z": 0.9997663615958882,
        "lr_normal_imbalance": 0.026018629973722347,
        "inverse_torque": 11.055864545058514
      },
      {
        "t": 0.4,
        "height": 0.7492433270781329,
        "visible_drop": 0.005756672921867101,
        "support_margin": 0.0812463713753173,
        "both_feet_contact": true,
        "foot_slip_distance": 0.001061947771539952,
        "controller_blend": 0.05625,
        "up_z": 0.9995942604721236,
        "lr_normal_imbalance": 0.028689358995531978,
        "inverse_torque": 12.856962666894871
      },
      {
        "t": 0.6,
        "height": 0.7461524684047294,
        "visible_drop": 0.00884753159527063,
        "support_margin": 0.07560732317530078,
        "both_feet_contact": true,
        "foot_slip_distance": 0.0015149251342585505,
        "controller_blend": 0.08437499999999999,
        "up_z": 0.9995362844496718,
        "lr_normal_imbalance": 0.0029708259134947836,
        "inverse_torque": 13.978519091246003
      },
      {
        "t": 0.8,
        "height": 0.743388147305093,
        "visible_drop": 0.011611852694907054,
        "support_margin": 0.07027325939300696,
        "both_feet_contact": true,
        "foot_slip_distance": 0.0019045154813810733,
        "controller_blend": 0.1125,
        "up_z": 0.9994774718188846,
        "lr_normal_imbalance": 0.011086922440914528,
        "inverse_torque": 15.198916186590713
      },
      {
        "t": 1.0,
        "height": 0.7403482627812391,
        "visible_drop": 0.014651737218760896,
        "support_margin": 0.06505644050572386,
        "both_feet_contact": true,
        "foot_slip_distance": 0.0022873852469213803,
        "controller_blend": 0.140625,
        "up_z": 0.9994343190161379,
        "lr_normal_imbalance": 0.009676361969399421,
        "inverse_torque": 16.380220535299276
      },
      {
        "t": 1.2,
        "height": 0.7373686456529726,
        "visible_drop": 0.01763135434702745,
        "support_margin": 0.059836847035803456,
        "both_feet_contact": true,
        "foot_slip_distance": 0.002646361834338633,
        "controller_blend": 0.16874999999999998,
        "up_z": 0.9993939975351418,
        "lr_normal_imbalance": 0.003519025507935923,
        "inverse_torque": 17.218986893259878
      },
      {
        "t": 1.4,
        "height": 0.7341785840527019,
        "visible_drop": 0.02082141594729814,
        "support_margin": 0.05426536092089324,
        "both_feet_contact": true,
        "foot_slip_distance": 0.0030087143952603835,
        "controller_blend": 0.196875,
        "up_z": 0.9993072407679788,
        "lr_normal_imbalance": 0.013555181096468397,
        "inverse_torque": 18.18724171909362
      },
      {
        "t": 1.6,
        "height": 0.7306246330984906,
        "visible_drop": 0.024375366901509432,
        "support_margin": 0.04799209490502159,
        "both_feet_contact": true,
        "foot_slip_distance": 0.0034232432489504565,
        "controller_blend": 0.225,
        "up_z": 0.9991559365753018,
        "lr_normal_imbalance": 0.0390654527516974,
        "inverse_torque": 18.696255040331362
      },
      {
        "t": 1.8,
        "height": 0.7269687992946073,
        "visible_drop": 0.028031200705392667,
        "support_margin": 0.04066490820185205,
        "both_feet_contact": true,
        "foot_slip_distance": 0.004029051215623837,
        "controller_blend": 0.253125,
        "up_z": 0.9988928013839797,
        "lr_normal_imbalance": 0.2960283607275131,
        "inverse_torque": 21.456570550167545
      },
      {
        "t": 2.0,
        "height": 0.7227529743421853,
        "visible_drop": 0.032247025657814676,
        "support_margin": 0.030067255765701052,
        "both_feet_contact": true,
        "foot_slip_distance": 0.004840897907653009,
        "controller_blend": 0.28125,
        "up_z": 0.9983258875582455,
        "lr_normal_imbalance": 0.05654411263705734,
        "inverse_torque": 18.118351221465204
      },
      {
        "t": 2.2,
        "height": 0.7134928519576794,
        "visible_drop": 0.041507148042320585,
        "support_margin": 0.01673994926641794,
        "both_feet_contact": true,
        "foot_slip_distance": 0.005707579828355218,
        "controller_blend": 0.309375,
        "up_z": 0.9957698155520721,
        "lr_normal_imbalance": 0.013497977130894161,
        "inverse_torque": 23.93035802724944
      },
      {
        "t": 2.4,
        "height": 0.7038958599913008,
        "visible_drop": 0.05110414000869923,
        "support_margin": -0.003691075637904946,
        "both_feet_contact": true,
        "foot_slip_distance": 0.0067341461273749,
        "controller_blend": 0.33749999999999997,
        "up_z": 0.9894179741716769,
        "lr_normal_imbalance": 0.07417712149751404,
        "inverse_torque": 24.21158242784176
      },
      {
        "t": 2.6,
        "height": 0.6919651292544784,
        "visible_drop": 0.06303487074552161,
        "support_margin": -0.03830590932859174,
        "both_feet_contact": true,
        "foot_slip_distance": 0.007701106798009705,
        "controller_blend": 0.36562500000000003,