{
  "attempt": "support-0p45",
  "mode": "support",
  "drop": 0.08,
  "max_blend": 0.45,
  "policy_weight": 1.0,
  "support_lo": 0.0,
  "support_hi": 0.06,
  "velocity_lo": -0.45,
  "velocity_hi": -0.1,
  "ik": {
    "drop": 0.08,
    "start_height": 0.755,
    "target_height": 0.675,
    "success": true,
    "cost": 0.07527746714403195,
    "nfev": 6,
    "rms_foot_error": 0.0006108590297431658,
    "max_foot_error": 0.0006108590424735445,
    "lower_body_target": [
      -0.575114476925352,
      -0.0003914080673100065,
      -0.00037249026131839743,
      1.2168642879959017,
      -0.35307724934194473,
      -1.8902048011641678e-17,
      -0.5751144768987575,
      0.0003914087744053887,
      0.0003724908824383186,
      1.2168642877780107,
      -0.3530772461397548,
      2.482051673038081e-17,
      0.0,
      0.0,
      0.073
    ]
  },
  "start_height": 0.755,
  "min_height": 0.7325312507872109,
  "visible_drop": 0.022468749212789074,
  "first_visible_at": null,
  "fell_at": null,
  "final_height": 0.7494036846724171,
  "return_to_stand": true,
  "foot_contact_ratio": 1.0,
  "foot_slip_distance": 0.012569227860108402,
  "min_support_margin": 0.028448822613235954,
  "first_support_breach_at": null,
  "max_downward_velocity": -0.039663726320710024,
  "max_joint_limit_violation": 0.0,
  "max_desired_blend": 0.45,
  "max_effective_blend": 0.24873742833790158,
  "min_blend_factor": 0.47414704355393256,
  "pass_gate": false,
  "verdict": "DEPTH_PENDING",
  "samples": [
    {
      "t": 0.0,
      "base_height": 0.755,
      "visible_drop": 0.0,
      "vertical_velocity": 0.0,
      "up_z": 1.0,
      "both_feet_contact": true,
      "foot_slip_distance": 0.0,
      "support_margin": 0.08631053913643147,
      "desired_blend": 0.0,
      "effective_blend": 0.0,
      "support_factor": 1.0,
      "velocity_factor": 1.0,
      "blend_factor": 1.0
    },
    {
      "t": 0.2,
      "base_height": 0.7530120511984926,
      "visible_drop": 0.001987948801507433,
      "vertical_velocity": -0.017463660757022215,
      "up_z": 0.9997895128972175,
      "both_feet_contact": true,
      "foot_slip_distance": 0.0005549856039296498,
      "support_margin": 0.08621309910757391,
      "desired_blend": 0.03,
      "effective_blend": 0.03,
      "support_factor": 1.0,
      "velocity_factor": 1.0,
      "blend_factor": 1.0
    },
    {
      "t": 0.4,
      "base_height": 0.7500582650004328,
      "visible_drop": 0.004941734999567182,
      "vertical_velocity": -0.013795139105238219,
      "up_z": 0.9995542837165823,
      "both_feet_contact": true,
      "foot_slip_distance": 0.0010115452403827486,
      "support_margin": 0.08190203349027927,
      "desired_blend": 0.06,
      "effective_blend": 0.06,
      "support_factor": 1.0,
      "velocity_factor": 1.0,
      "blend_factor": 1.0
    },
    {
      "t": 0.6,
      "base_height": 0.7473280131980208,
      "visible_drop": 0.007671986801979225,
      "vertical_velocity": -0.012824644270514884,
      "up_z": 0.9994554190144349,
      "both_feet_contact": true,
      "foot_slip_distance": 0.0014753520834916319,
      "support_margin": 0.07660459266494948,
      "desired_blend": 0.09,
      "effective_blend": 0.09,
      "support_factor": 1.0,
      "velocity_factor": 1.0,
      "blend_factor": 1.0
    },
    {
      "t": 0.8,
      "base_height": 0.7449958500870638,
      "visible_drop": 0.010004149912936189,
      "vertical_velocity": -0.011262281657153927,
      "up_z": 0.9993690603014644,
      "both_feet_contact": true,
      "foot_slip_distance": 0.001876354964315817,
      "support_margin": 0.07180190133153072,
      "desired_blend": 0.12,
      "effective_blend": 0.12,
      "support_factor": 1.0,
      "velocity_factor": 1.0,
      "blend_factor": 1.0
    },
    {
      "t": 1.0,
      "base_height": 0.7425880239289607,
      "visible_drop": 0.012411976071039277,
      "vertical_velocity": -0.012583212714506464,
      "up_z": 0.9992970577335227,
      "both_feet_contact": true,
      "foot_slip_distance": 0.0022664786912427793,
      "support_margin": 0.0674009402164863,
      "desired_blend": 0.15,
      "effective_blend": 0.15,
      "support_factor": 1.0,
      "velocity_factor": 1.0,
      "blend_factor": 1.0
    },
    {
      "t": 1.2,
      "base_height": 0.7401290726454754,
      "visible_drop": 0.014870927354524555,
      "vertical_velocity": -0.01204425704557921,
      "up_z": 0.9992430454456923,
      "both_feet_contact": true,
      "foot_slip_distance": 0.0026360207849581646,
      "support_margin": 0.06314365110788263,
      "desired_blend": 0.18,
      "effective_blend": 0.18,
      "support_factor": 1.0,
      "velocity_factor": 1.0,
      "blend_factor": 1.0
    },
    {
      "t": 1.4,
      "base_height": 0.7376780881591025,
      "visible_drop": 0.017321911840897486,
      "vertical_velocity": -0.011817355998910983,
      "up_z": 0.99913870104855,
      "both_feet_contact": true,
      "foot_slip_distance": 0.0029903387941071684,
      "support_margin": 0.05876225777778024,
      "desired_blend": 0.21000000000000002,
      "effective_blend": 0.2056679022222309,
      "support_factor": 0.9793709629630041,
      "velocity_factor": 1.0,
      "blend_factor": 0.9793709629630041
    },
    {
      "t": 1.6,
      "base_height": 0.7362525211302365,
      "visible_drop": 0.018747478869763468,
      "vertical_velocity": 0.0029070482878590376,
      "up_z": 0.9989231058636423,
      "both_feet_contact": true,
      "foot_slip_distance": 0.0034002033047865095,
      "support_margin": 0.053904606472333014,
      "desired_blend": 0.24,
      "effective_blend": 0.21561842588933205,
      "support_factor": 0.898410107872217,
      "velocity_factor": 1.0,
      "blend_factor": 0.898410107872217
    },
    {
      "t": 1.8,
      "base_height": 0.7365012437639051,
      "visible_drop": 0.01849875623609487,
      "vertical_velocity": -0.0008550281434038798,
      "up_z": 0.9984983944527744,
      "both_feet_contact": true,
      "foot_slip_distance": 0.00391085365091906,
      "support_margin": 0.047630512073236694,
      "desired_blend": 0.27,
      "effective_blend": 0.21433730432956516,
      "support_factor": 0.7938418678872783,
      "velocity_factor": 1.0,
      "blend_factor": 0.7938418678872783
    },
    {
      "t": 2.0,
      "base_height": 0.7363351774415046,
      "visible_drop": 0.018664822558495442,
      "vertical_velocity": 0.00598742971141264,
      "up_z": 0.9977957616954036,
      "both_feet_contact": true,
      "foot_slip_distance": 0.004304746365028383,
      "support_margin": 0.04149070241799932,
      "desired_blend": 0.3,
      "effective_blend": 0.2074535120899966,
      "support_factor": 0.6915117069666553,
      "velocity_factor": 1.0,
      "blend_factor": 0.6915117069666553
    },
    {
      "t": 2.2,
      "base_height": 0.7366951707147935,
      "visible_drop": 0.018304829285206492,
      "vertical_velocity": 0.00562061103211442,
      "up_z": 0.9970992606869071,
      "both_feet_contact": true,
      "foot_slip_distance": 0.004932490698998388,
      "support_margin": 0.03682079091316676,
      "desired_blend": 0.33,
      "effective_blend": 0.2025143500224172,
      "support_factor": 0.6136798485527794,
      "velocity_factor": 1.0,
      "blend_factor": 0.6136798485527794
    },
    {
      "t": 2.4,
      "base_height": 0.7367988435019255,
      "visible_drop": 0.018201156498074522,
      "vertical_velocity": 0.002285107791810681,
      "up_z": 0.9967669643766283,
      "both_feet_contact": true,
      "foot_slip_distance": 0.005466550843673433,
      "support_margin": 0.034395965685271826,
      "desired_blend": 0.36,
      "effective_blend": 0.20637579411163098,
      "support_factor": 0.5732660947545305,
      "velocity_factor": 1.0,
      "blend_factor": 0.5732660947545305
    },
    {
      "t": 2.6,
      "base_height": 0.7358925735199486,
      "visible_drop": 0.01910742648005137,
      "vertical_velocity": -0.0028199059096178924,