{
  "params_path": "C:\\Users\\yusun\\projects\\physical-ai\\experiments\\38-g1-support-aware-depth-finetune\\verify\\stage-0p74\\train\\params.pkl",
  "start_height": 0.755,
  "min_height": 0.746998851155472,
  "visible_drop": 0.008001148844527961,
  "first_visible_at": null,
  "fell_at": null,
  "final_height": 0.746998851155472,
  "return_to_stand": true,
  "foot_contact_ratio": 1.0,
  "foot_slip_distance": 0.0045062265327513226,
  "min_support_margin": 0.077547716231703,
  "max_joint_limit_violation": 0.0,
  "max_total_foot_normal_force": 458.8329680398726,
  "max_lr_normal_imbalance": 0.22295718826734354,
  "max_lower_inverse_torque": 21.646014544505963,
  "pass_gate": false,
  "verdict": "DEPTH_PENDING",
  "samples": [
    {
      "t": 0.0,
      "height": 0.7541435692910583,
      "visible_drop": 0.0008564307089417023,
      "target_height": 0.7549999952316284,
      "support_margin": 0.08654501776358459,
      "both_feet_contact": true,
      "foot_slip_distance": 0.00012447029272991795,
      "effective_controller_blend": 0.0,
      "lr_normal_imbalance": 0.22295718826734354,
      "inverse_torque": 12.49006342930108,
      "up_z": 0.9999900418409595
    },
    {
      "t": 0.2,
      "height": 0.7521480319630532,
      "visible_drop": 0.0028519680369467615,
      "target_height": 0.7400000095367432,
      "support_margin": 0.08633042878270705,
      "both_feet_contact": true,
      "foot_slip_distance": 0.0006126202116354053,
      "effective_controller_blend": 0.029999999329447746,
      "lr_normal_imbalance": 0.024908260928233346,
      "inverse_torque": 11.332383089806449,
      "up_z": 0.999627757914689
    },
    {
      "t": 0.4,
      "height": 0.7504529240625459,
      "visible_drop": 0.00454707593745407,
      "target_height": 0.7400000095367432,
      "support_margin": 0.08277297637768657,
      "both_feet_contact": true,
      "foot_slip_distance": 0.0010534856348967774,
      "effective_controller_blend": 0.05999999865889549,
      "lr_normal_imbalance": 0.026009150875389693,
      "inverse_torque": 12.88999168705539,
      "up_z": 0.9992664298318895
    },
    {
      "t": 0.6,
      "height": 0.7492430086326299,
      "visible_drop": 0.005756991367370068,
      "target_height": 0.7400000095367432,
      "support_margin": 0.07967206080456671,
      "both_feet_contact": true,
      "foot_slip_distance": 0.001521012045637573,
      "effective_controller_blend": 0.08999999612569809,
      "lr_normal_imbalance": 0.0033614017469778684,
      "inverse_torque": 13.322552081363776,
      "up_z": 0.9990837831508684
    },
    {
      "t": 0.8,
      "height": 0.7485625788875012,
      "visible_drop": 0.006437421112498787,
      "target_height": 0.7400000095367432,
      "support_margin": 0.07804888801545251,
      "both_feet_contact": true,
      "foot_slip_distance": 0.001965465473796347,
      "effective_controller_blend": 0.11999999731779099,
      "lr_normal_imbalance": 0.0016973041039164236,
      "inverse_torque": 13.589201022740143,
      "up_z": 0.9989994659535455
    },
    {
      "t": 1.0,
      "height": 0.7479964585403763,
      "visible_drop": 0.0070035414596236745,
      "target_height": 0.7400000095367432,
      "support_margin": 0.07755596999583741,
      "both_feet_contact": true,
      "foot_slip_distance": 0.002414373602717044,
      "effective_controller_blend": 0.15000000596046448,
      "lr_normal_imbalance": 0.010130633982584014,
      "inverse_torque": 13.684690328361663,
      "up_z": 0.9990014065660596
    },
    {
      "t": 1.2,
      "height": 0.7474264900989911,
      "visible_drop": 0.007573509901008912,
      "target_height": 0.7400000095367432,
      "support_margin": 0.07772194984555633,
      "both_feet_contact": true,
      "foot_slip_distance": 0.002848804677348295,
      "effective_controller_blend": 0.17999999225139618,
      "lr_normal_imbalance": 0.011727452448402583,
      "inverse_torque": 13.621776283623205,
      "up_z": 0.9990411747266397
    },
    {
      "t": 1.4,
      "height": 0.7471854980888605,
      "visible_drop": 0.007814501911139526,
      "target_height": 0.7400000095367432,
      "support_margin": 0.07816165006929648,
      "both_feet_contact": true,
      "foot_slip_distance": 0.003277985457479459,
      "effective_controller_blend": 0.18000000715255737,
      "lr_normal_imbalance": 0.01373412343325276,
      "inverse_torque": 13.571813674008707,
      "up_z": 0.9990829752958804
    },
    {
      "t": 1.6,
      "height": 0.7470688964741554,
      "visible_drop": 0.007931103525844585,
      "target_height": 0.7400000095367432,
      "support_margin": 0.07856487224451991,
      "both_feet_contact": true,
      "foot_slip_distance": 0.0037073215862212555,
      "effective_controller_blend": 0.18000000715255737,
      "lr_normal_imbalance": 0.013364071804264781,
      "inverse_torque": 13.549371615820666,
      "up_z": 0.9991181600759845
    },
    {
      "t": 1.8,
      "height": 0.7470340058388611,
      "visible_drop": 0.007965994161138856,
      "target_height": 0.7400000095367432,
      "support_margin": 0.07881107142440803,
      "both_feet_contact": true,
      "foot_slip_distance": 0.004130376978642793,
      "effective_controller_blend": 0.18000000715255737,
      "lr_normal_imbalance": 0.01095859676945834,
      "inverse_torque": 13.536356251455675,
      "up_z": 0.9991341449991032
    }
  ]
}