{
  "compatibility": {
    "stage_height": 0.74,
    "reference_gain": 0.7,
    "ramp_s": 3.0,
    "residual_scale": 1.0,
    "source_params": "C:\\Users\\yusun\\projects\\physical-ai\\experiments\\22-g1-squat-depth-finetune\\verify\\train\\params.pkl",
    "source_exists": true,
    "obs_size": {
      "privileged_state": [
        216
      ],
      "state": [
        103
      ]
    },
    "action_size": 29,
    "policy_shape_match": true
  },
  "rollout": {
    "rollout_steps": 20,
    "reward_first": 0.4822458028793335,
    "reward_last": 0.4718403220176697,
    "height_min": 0.721500813961029,
    "support_margin_min": 0.016368508338928223,
    "reference_blend_last": 0.09333333373069763,
    "done_any": false
  },
  "native": {
    "stage_height": 0.74,
    "reference_gain": 0.7,
    "ramp_s": 3.0,
    "residual_scale": 1.0,
    "params_path": "C:\\Users\\yusun\\projects\\physical-ai\\experiments\\22-g1-squat-depth-finetune\\verify\\train\\params.pkl",
    "seconds": 6.0,
    "start_height": 0.755,
    "min_height": 0.7492668891285804,
    "visible_drop": 0.005733110871419589,
    "first_visible_at": null,
    "fell_at": null,
    "upright_s": 6.0,
    "hold_duration_at_or_below_stage": 0.0,
    "final_height": 0.7511630432881424,
    "return_to_stand": true,
    "foot_contact_ratio": 1.0,
    "foot_slip_distance": 0.026779396153881765,
    "min_support_margin": 0.06845179783595423,
    "max_downward_velocity": -0.042754881986706295,
    "max_joint_limit_violation": 0.0,
    "pass_gate": false,
    "verdict": "DEPTH_PENDING",
    "samples": [
      {
        "t": 0.0,
        "base_height": 0.755,
        "visible_drop": 0.0,
        "target_height": 0.7549999952316284,
        "reference_blend": 0.0,
        "up_z": 1.0,
        "both_feet_contact": true,
        "foot_slip_distance": 0.0,
        "support_margin": 0.08631053913643147,
        "vertical_velocity": 0.0
      },
      {
        "t": 0.2,
        "base_height": 0.7544161554265768,
        "visible_drop": 0.0005838445734231978,
        "target_height": 0.7400000095367432,
        "reference_blend": 0.04666666666666666,
        "up_z": 0.9995674613520409,
        "both_feet_contact": true,
        "foot_slip_distance": 0.0008230383391048415,
        "support_margin": 0.0886953005230778,
        "vertical_velocity": 0.028130641880474982
      },
      {
        "t": 0.4,
        "base_height": 0.7549676781022477,
        "visible_drop": 3.232189775226324e-05,
        "target_height": 0.7400000095367432,
        "reference_blend": 0.09333333333333332,
        "up_z": 0.9995332566002569,
        "both_feet_contact": true,
        "foot_slip_distance": 0.0014287880620260254,
        "support_margin": 0.086150160782162,
        "vertical_velocity": -0.023690963470524018
      },
      {
        "t": 0.6,
        "base_height": 0.7537785189120397,
        "visible_drop": 0.0012214810879602744,
        "target_height": 0.7400000095367432,
        "reference_blend": 0.13999999999999999,
        "up_z": 0.9990425640614526,
        "both_feet_contact": true,
        "foot_slip_distance": 0.0020044097206485126,
        "support_margin": 0.08158625384629425,
        "vertical_velocity": 0.004506180864738418
      },
      {
        "t": 0.8,
        "base_height": 0.7512614685179149,
        "visible_drop": 0.003738531482085139,
        "target_height": 0.7400000095367432,
        "reference_blend": 0.18666666666666665,
        "up_z": 0.9990220762794755,
        "both_feet_contact": true,
        "foot_slip_distance": 0.004581995352784422,
        "support_margin": 0.0795010824645413,
        "vertical_velocity": -0.018095534007611658
      },
      {
        "t": 1.0,
        "base_height": 0.7558944236850939,
        "visible_drop": -0.0008944236850938481,
        "target_height": 0.7400000095367432,
        "reference_blend": 0.2333333333333333,
        "up_z": 0.9988636111700088,
        "both_feet_contact": true,
        "foot_slip_distance": 0.005499784210668177,
        "support_margin": 0.07677383091111058,
        "vertical_velocity": 0.023487436093200253
      },
      {
        "t": 1.2,
        "base_height": 0.752391940539611,
        "visible_drop": 0.0026080594603890006,
        "target_height": 0.7400000095367432,
        "reference_blend": 0.27999999999999997,
        "up_z": 0.9991080096713694,
        "both_feet_contact": true,
        "foot_slip_distance": 0.006454426451966038,
        "support_margin": 0.07555551399017647,
        "vertical_velocity": -0.026300289254965747
      },
      {
        "t": 1.4,
        "base_height": 0.7537858874576143,
        "visible_drop": 0.0012141125423856813,
        "target_height": 0.7400000095367432,
        "reference_blend": 0.3266666666666667,
        "up_z": 0.9989039906173345,
        "both_feet_contact": true,
        "foot_slip_distance": 0.007741893198185735,
        "support_margin": 0.0725392826299933,
        "vertical_velocity": 0.009486376243406092
      },
      {
        "t": 1.6,
        "base_height": 0.7509968184186084,
        "visible_drop": 0.004003181581391568,
        "target_height": 0.7400000095367432,
        "reference_blend": 0.3733333333333333,
        "up_z": 0.9983583245824359,
        "both_feet_contact": true,
        "foot_slip_distance": 0.008960821208130989,
        "support_margin": 0.0727340388494522,
        "vertical_velocity": 0.011524016642699975
      },
      {
        "t": 1.8,
        "base_height": 0.7551927948389868,
        "visible_drop": -0.0001927948389868206,
        "target_height": 0.7400000095367432,
        "reference_blend": 0.42,
        "up_z": 0.9987924128796879,
        "both_feet_contact": true,
        "foot_slip_distance": 0.009893841572052827,
        "support_margin": 0.07081606588610458,
        "vertical_velocity": -0.011752709412116147
      },
      {
        "t": 2.0,
        "base_height": 0.7507210159798252,
        "visible_drop": 0.004278984020174792,
        "target_height": 0.7400000095367432,
        "reference_blend": 0.4666666666666666,
        "up_z": 0.9985945967219839,
        "both_feet_contact": true,
        "foot_slip_distance": 0.010669271932714134,
        "support_margin": 0.07124184444865585,
        "vertical_velocity": 0.004686941662557231
      },
      {
        "t": 2.2,
        "base_height": 0.7521126915084743,
        "visible_drop": 0.002887308491525742,
        "target_height": 0.7400000095367432,
        "reference_blend": 0.5133333333333333,
        "up_z": 0.998871616198392,
        "both_feet_contact": true,
        "foot_slip_distance": 0.012241113197417412,
        "support_margin": 0.0699002164055129,
        "vertical_velocity": -0.0279414861366456
      },
      {
        "t": 2.4,
        "base_height": 0.7528662058613774,
        "visible_drop": 0.00213379413862258,
        "target_height": 0.7400000095367432,
        "reference_blend": 0.5599999999999999,
        "up_z": 0.9981716072128657,
        "both_feet_contact": true,
        "foot_slip_distance": 0.012943726364177462,
        "support_margin": 0.07020674068163663,
        "vertical_velocity": 0.03991108473643812
      },
      {
        "t": 2.6,
        "base_height": 0.7527333477350819,
        "visible_drop": 0.0022666522649180676,
        "target_height": 0.7400000095367432,
        "reference_blend": 0.6066666666666667,
        "up_z": 0.9987788853270796,
        "both_feet_contact": true,
        "foot_slip_distance": 0.013870062086123233,
        "support_margin": 0.07009580915273537,
        "vertical_velocity": -0.03578744148477475
      },
      {
        "t": 2.8,
        "base_height": 0.7514884838548507,
        "visible_drop": 0.0035115161451493293,
        "target_height": 0.7400000095367432,
        "reference_blend": 0.6533333333333334,
        "up_z": 0.9985253571417175,
        "both_feet_contact": true,
        "foot_slip_distance": 0.014513968445261411,
        "support_margin": 0.0696819750644234,