{
  "attempt": "additive-0p15",
  "command_gain": 0.15,
  "support_gate": false,
  "slip_gate": false,
  "policy_weight": 1.0,
  "descend_s": 3.0,
  "hold_s": 0.2,
  "return_s": 2.6,
  "params_path": "C:\\Users\\yusun\\projects\\physical-ai\\experiments\\46-g1-force-torque-residual\\verify\\stage-0p74\\attempts\\force-torque-20k\\train\\params.pkl",
  "start_height": 0.755,
  "min_height": 0.738918830528552,
  "visible_drop": 0.016081169471447998,
  "first_visible_at": null,
  "fell_at": null,
  "final_height": 0.7481492218096192,
  "return_to_stand": true,
  "foot_contact_ratio": 1.0,
  "foot_slip_distance": 0.01268529733192254,
  "min_support_margin": 0.057012289277901806,
  "first_support_breach_at": null,
  "max_joint_limit_violation": 0.0,
  "max_total_foot_normal_force": 444.4245593114977,
  "max_lr_normal_imbalance": 0.6010830917365785,
  "max_lower_inverse_torque": 1592.7555884917097,
  "max_observed_command_gain": 0.15,
  "pass_gate": false,
  "verdict": "DEPTH_PENDING",
  "samples": [
    {
      "t": 0.0,
      "height": 0.7540916012412127,
      "visible_drop": 0.0009083987587873432,
      "command_gain": 0.0,
      "support_margin": 0.08631053913643147,
      "both_feet_contact": true,
      "foot_slip_distance": 0.0,
      "lr_normal_imbalance": 0.04267986931137306,
      "inverse_torque": 10.853972180302355,
      "up_z": 0.9999906588919871
    },
    {
      "t": 0.2,
      "height": 0.7515041060022494,
      "visible_drop": 0.003495893997750632,
      "command_gain": 0.01,
      "support_margin": 0.08648918203621349,
      "both_feet_contact": true,
      "foot_slip_distance": 0.0005525758689021304,
      "lr_normal_imbalance": 0.021623731881152197,
      "inverse_torque": 11.351124012675625,
      "up_z": 0.9996261676631873
    },
    {
      "t": 0.4,
      "height": 0.7495764488006161,
      "visible_drop": 0.005423551199383869,
      "command_gain": 0.02,
      "support_margin": 0.0825073447547881,
      "both_feet_contact": true,
      "foot_slip_distance": 0.0010240502958799873,
      "lr_normal_imbalance": 0.033982896969901144,
      "inverse_torque": 13.151028181340138,
      "up_z": 0.9993106685655305
    },
    {
      "t": 0.6,
      "height": 0.7481256586397782,
      "visible_drop": 0.006874341360221803,
      "command_gain": 0.029999999999999995,
      "support_margin": 0.07832430934125426,
      "both_feet_contact": true,
      "foot_slip_distance": 0.0015503321019646648,
      "lr_normal_imbalance": 0.009228974444462175,
      "inverse_torque": 13.91979923444433,
      "up_z": 0.999191278943854
    },
    {
      "t": 0.8,
      "height": 0.7472052273529446,
      "visible_drop": 0.007794772647055415,
      "command_gain": 0.04,
      "support_margin": 0.07539705029915712,
      "both_feet_contact": true,
      "foot_slip_distance": 0.002050348897761738,
      "lr_normal_imbalance": 0.005551462782671982,
      "inverse_torque": 14.381153485850799,
      "up_z": 0.999140832032713
    },
    {
      "t": 1.0,
      "height": 0.7464751965559164,
      "visible_drop": 0.008524803444083573,
      "command_gain": 0.049999999999999996,
      "support_margin": 0.07362563758386327,
      "both_feet_contact": true,
      "foot_slip_distance": 0.002548995216618097,
      "lr_normal_imbalance": 0.015340233364638259,
      "inverse_torque": 14.763513379019289,
      "up_z": 0.999152546696446
    },
    {
      "t": 1.2,
      "height": 0.7458238798254903,
      "visible_drop": 0.00917612017450975,
      "command_gain": 0.05999999999999999,
      "support_margin": 0.0725300494462191,
      "both_feet_contact": true,
      "foot_slip_distance": 0.0030368190050216615,
      "lr_normal_imbalance": 0.012904558664645089,
      "inverse_torque": 14.876891203684375,
      "up_z": 0.9992002487374962
    },
    {
      "t": 1.4,
      "height": 0.7451916035196755,
      "visible_drop": 0.0098083964803245,
      "command_gain": 0.07,
      "support_margin": 0.0717029219519827,
      "both_feet_contact": true,
      "foot_slip_distance": 0.0035087779392542124,
      "lr_normal_imbalance": 0.01376039442754195,
      "inverse_torque": 15.069741331884215,
      "up_z": 0.999242852991527
    },
    {
      "t": 1.6,
      "height": 0.7444964740200594,
      "visible_drop": 0.010503525979940642,
      "command_gain": 0.08,
      "support_margin": 0.07085579189230133,
      "both_feet_contact": true,
      "foot_slip_distance": 0.003967733212781175,
      "lr_normal_imbalance": 0.01121071508202751,
      "inverse_torque": 15.278425244791773,
      "up_z": 0.999279914481989
    },
    {
      "t": 1.8,
      "height": 0.743779678758643,
      "visible_drop": 0.011220321241356968,
      "command_gain": 0.09,
      "support_margin": 0.06990568459780402,
      "both_feet_contact": true,
      "foot_slip_distance": 0.0044130610992985896,
      "lr_normal_imbalance": 0.01036419287843984,
      "inverse_torque": 15.53773159333968,
      "up_z": 0.9993131276739906
    },
    {
      "t": 2.0,
      "height": 0.7430439408492469,
      "visible_drop": 0.011956059150753151,
      "command_gain": 0.09999999999999999,
      "support_margin": 0.0688425005779596,
      "both_feet_contact": true,
      "foot_slip_distance": 0.004845066808665344,
      "lr_normal_imbalance": 0.008676495426797434,
      "inverse_torque": 15.798559058343624,
      "up_z": 0.9993434553957278
    },
    {
      "t": 2.2,
      "height": 0.7423053754256155,
      "visible_drop": 0.012694624574384528,
      "command_gain": 0.11,
      "support_margin": 0.06767471715071177,
      "both_feet_contact": true,
      "foot_slip_distance": 0.005261962396897635,
      "lr_normal_imbalance": 0.006286378908864222,
      "inverse_torque": 16.047012864965673,
      "up_z": 0.9993728695580973
    },
    {
      "t": 2.4,
      "height": 0.7415571176813948,
      "visible_drop": 0.013442882318605243,
      "command_gain": 0.11999999999999998,
      "support_margin": 0.06641220872915164,
      "both_feet_contact": true,
      "foot_slip_distance": 0.005662196738618091,
      "lr_normal_imbalance": 0.004027472450876633,
      "inverse_torque": 16.338515265390562,
      "up_z": 0.9994028086046604
    },
    {
      "t": 2.6,
      "height": 0.740808555939069,
      "visible_drop": 0.01419144406093098,
      "command_gain": 0.13,
      "support_margin": 0.0650574725040121,
      "both_feet_contact": true,
      "foot_slip_distance": 0.006046545437716738,
      "lr_normal_imbalance": 0.0027908866645520035,
      "inverse_torque": 16.626955545009768,
      "up_z": 0.999430634504704
    },
    {
      "t": 2.8,
      "height": 0.7400593083642937,
      "visible_drop": 0.014940691635706327,
      "command_gain": 0.14,
      "support_margin": 0.06362225416839817,
      "both_feet_contact": true,
      "foot_slip_distance": 0.006415926638444768,
      "lr_normal_imbalance": 0.000552928971238051,
      "inverse_torque": 16.915055282673002,
      "up_z": 0.9994603872041861
    },
    {
      "t": 3.0,
      "height": 0.7393114701744999,
      "visible_drop": 0.015688529825500064,
      "command_gain": 0.15,
      "support_margin": 0.06210894335332643,
      "both_feet_contact": true,
      "foot_slip_distance": 0.006771049205445805,
      "lr_normal_imbalance": 0.0013011269434584796,
      "inverse_torque": 17.19889463112609,
      "up_z": 0.9994895488987778
    },
    {
      "t": 3.2,
      "height": 0.7389675187522439,
      "visible_drop": 0.016032481247756136,
      "command_gain": 0.14999999999999997,
      "support_margin": 0.060554075437072474,
      "both_feet_contact": true,
      "foot_slip_distance": 0.007113822235175566,
      "lr_normal_imbalance": 0.0014463136007549589,
      "inverse_torque": 17.529399555957347,
      "up_z": 0.9994673450344989
    },
    {
      "t": 3.4,
      "height": 0.7389917008040122,
      "visible_drop": 0.016008299195987785,
      "command_gain": 0.13846153846153847,
      "support_margin": 0.05915765809286377,
      "both_feet_contact": true,