{
  "attempt": "keyframe-default-position",
  "variant": {
    "seconds": 6.0,
    "attempt": "keyframe-default-position",
    "init_mode": "keyframe",
    "anchor_index": 0,
    "ori_order": "upstream",
    "vel_source": "upstream_raw",
    "control_mode": "position",
    "action_step": 0.25
  },
  "start_height": 0.755,
  "min_height": -0.35075666095244035,
  "visible_drop": 1.1057566609524403,
  "fell_at": 0.6,
  "final_height": 0.6619570288030308,
  "return_to_stand": false,
  "foot_contact_ratio": 0.09333333333333334,
  "foot_slip_distance": 1.8769454384741655,
  "min_support_margin": -0.4979752678414071,
  "max_joint_limit_violation": 41670.72660747177,
  "max_knee_delta_rad": 881.9237139876413,
  "max_hip_pitch_delta_rad": 4001.69893118813,
  "action_min": -284964.0625,
  "action_max": 511987.5625,
  "obs_abs_max": 8339152.0,
  "first_obs80": [
    -0.010680999606847763,
    0.1911800056695938,
    0.04810100048780441,
    0.1289830058813095,
    -0.07358700037002563,
    -0.09355799853801727,
    0.02390800043940544,
    -0.04573500156402588,
    -0.14741599559783936,
    0.15351800620555878,
    -0.04085199907422066,
    0.09421999752521515,
    0.04326299950480461,
    0.08253800123929977,
    -0.05077899992465973,
    -0.0350940003991127,
    0.1971379965543747,
    -0.36746400594711304,
    0.9631109833717346,
    -0.22308999300003052,
    0.09718400239944458,
    0.10523399710655212,
    -0.1067039966583252,
    -0.42543599009513855,
    0.5734019875526428,
    1.325984001159668,
    0.28869500756263733,
    0.1454859972000122,
    -0.08019900321960449,
    -0.20033998787403107,
    0.03551959618926048,
    -0.005040093790739775,
    -0.12012004107236862,
    0.13679979741573334,
    -0.10212018340826035,
    -0.16830000281333923,
    0.04620015248656273,
    0.03923982009291649,
    -0.20070074498653412,
    0.16595987975597382,
    0.12774018943309784,
    -0.09899988025426865,
    0.09588002413511276,
    -0.1005600318312645,
    -0.2712600529193878,
    -0.35849955677986145,
    0.44729945063591003,
    -0.20381926000118256,
    0.1391395777463913,
    -0.5386800765991211,
    -0.19043995440006256,
    -0.4651799499988556,
    0.0653386041522026,
    0.3052818477153778,
    0.7069229483604431,
    0.14694033563137054,
    -0.49721983075141907,
    0.12834011018276215,
    -0.020594000816345215,
    0.0062939999625086784,
    0.055932994931936264,
    0.14658477902412415,
    -0.9887344837188721,
    -0.030286487191915512,
    0.9841639995574951,
    0.14885537326335907,
    -0.09624697268009186,
    0.07293517887592316,
    0.0,
    0.9973366856575012,
    0.0,
    0.0,
    0.0,
    0.0,
    0.0,
    0.0,
    0.0,
    0.0,
    0.0,
    0.0
  ],
  "first_action29": [
    -0.052035730332136154,
    0.011264313012361526,
    0.04237432777881622,
    -0.9252985119819641,
    0.4749377369880676,
    0.10764326900243759,
    0.22673781216144562,
    0.08910956233739853,
    0.19159941375255585,
    -1.4215569496154785,
    0.557992696762085,
    -0.04832583665847778,
    0.7354660630226135,
    0.1266711950302124,
    -0.07311730086803436,
    -0.8374546766281128,
    0.3820233643054962,
    -0.3177081346511841,
    0.2676997780799866,
    -0.18947386741638184,
    -0.7096152305603027,
    -0.26678115129470825,
    -0.5929611325263977,
    -0.34012219309806824,
    0.38202303647994995,
    -0.07388909161090851,
    -0.015640009194612503,
    0.057913511991500854,
    0.5449008941650391
  ],
  "samples": [
    {
      "t": 0.0,
      "frame": 0,
      "height": 0.7567142635311063,
      "visible_drop": -0.0017142635311062637,
      "both_feet_contact": true,
      "foot_slip_distance": 0.00013427089486489006,
      "support_margin": 0.08642352071315029,
      "knee_delta": 0.009731525534428909,
      "hip_delta": 0.022852565952716786,
      "up_z": 0.9998008863136372,
      "action_min": -1.4215569496154785,
      "action_max": 0.7354660630226135
    },
    {
      "t": 0.2,
      "frame": 12,
      "height": 0.7642687564790255,
      "visible_drop": -0.009268756479025475,
      "both_feet_contact": false,
      "foot_slip_distance": 0.21429746473698832,
      "support_margin": 0.04784893646218651,
      "knee_delta": 0.7239289591667409,
      "hip_delta": 0.2801894170876265,
      "up_z": 0.9927020805558552,
      "action_min": -1.451683521270752,
      "action_max": 3.648221492767334
    },
    {
      "t": 0.4,
      "frame": 24,
      "height": 0.701753527721534,
      "visible_drop": 0.05324647227846602,
      "both_feet_contact": false,
      "foot_slip_distance": 0.22031825875335528,
      "support_margin": 0.0025142202877049945,
      "knee_delta": 0.8003443208573638,
      "hip_delta": 0.5046894699244198,
      "up_z": 0.8544300913534857,
      "action_min": -4.066037178039551,
      "action_max": 3.129664897918701
    },
    {
      "t": 0.6,
      "frame": 36,
      "height": 0.44453828119700717,
      "visible_drop": 0.31046171880299284,
      "both_feet_contact": false,
      "foot_slip_distance": 0.5152741953856346,
      "support_margin": 0.12934686938954354,
      "knee_delta": 1.4567694546553738,
      "hip_delta": 2.017155672478961,
      "up_z": 0.5143391208621546,
      "action_min": -5.483644485473633,
      "action_max": 9.791643142700195
    },
    {
      "t": 0.8,
      "frame": 48,
      "height": 0.7088362897105388,
      "visible_drop": 0.0461637102894612,
      "both_feet_contact": false,
      "foot_slip_distance": 0.041448293773368554,
      "support_margin": 0.05401435341115343,
      "knee_delta": 2.156258763258116,
      "hip_delta": 2.270406927137253,
      "up_z": 0.8872257806329316,
      "action_min": -2.754415512084961,
      "action_max": 5.848622798919678
    },
    {
      "t": 1.0,
      "frame": 60,
      "height": 0.37068147362924353,
      "visible_drop": 0.3843185263707565,
      "both_feet_contact": false,
      "foot_slip_distance": 0.6970808203733081,
      "support_margin": -0.4979752678414071,
      "knee_delta": 2.156258763258116,
      "hip_delta": 2.270406927137253,
      "up_z": 0.6748514200633817,
      "action_min": -5.727664947509766,
      "action_max": 4.171041011810303
    },
    {
      "t": 1.2,
      "frame": 72,
      "height": 0.6003828967633169,
      "visible_drop": 0.1546171032366831,
      "both_feet_contact": false,
      "foot_slip_distance": 0.2564561448207623,
      "support_margin": -0.07225028893476951,
      "knee_delta": 40.36246330961704,
      "hip_delta": 553.4051532861016,
      "up_z": 0.8864496906143139,
      "action_min": -9.036609649658203,
      "action_max": 9.689035415649414
    },
    {
      "t": 1.4,
      "frame": 84,
      "height": 0.6308569562685031,
      "visible_drop": 0.12414304373149687,
      "both_feet_contact": false,
      "foot_slip_distance": 0.12841501597872837,
      "support_margin": 0.021562619734557593,
      "knee_delta": 40.36246330961704,
      "hip_delta": 553.4051532861016,
      "up_z": 0.9151618626922103,
      "action_min": -6.431593894958496,
      "action_max": 11.317474365234375
    },
    {
      "t": 1.6,
      "frame": 96,
      "height": 0.7646571167475388,
      "visible_drop": -0.009657116747538774,
      "both_feet_contact": false,
      "foot_slip_distance": 0.15675289449030397,
      "support_margin": 0.08367844774279044,
      "knee_delta": 881.9237139876413,
      "hip_delta": 4001.69893118813,
      "up_z": 0.8588878324295216,
      "action_min": -31835.4921875,
      "action_max": 26628.3046875
    },
    {
      "t": 1.8,
      "frame": 108,
      "height": 0.6278596586149241,
      "visible_drop": 0.1271403413850759,
      "both_feet_contact": false,
      "foot_slip_distance": 0.4634469410400739,
      "support_margin": -0.10648646033179748,
      "knee_delta": 881.9237139876413,
      "hip_delta": 4001.69893118813,
      "up_z": 0.40701822655943365,
      "action_min": -5.605863094329834,
      "action_max": 11.809536933898926
    },
    {
      "t": 2.0,
      "frame": 120,