{
  "attempt": "named-vel-position",
  "variant": {
    "seconds": 6.0,
    "attempt": "named-vel-position",
    "init_mode": "upstream_motion",
    "anchor_index": 0,
    "ori_order": "upstream",
    "vel_source": "named",
    "control_mode": "position",
    "action_step": 1.0
  },
  "start_height": 0.810932993888855,
  "min_height": -28.085138170717226,
  "visible_drop": 28.89607116460608,
  "fell_at": 0.24,
  "final_height": 0.743902240634968,
  "return_to_stand": true,
  "foot_contact_ratio": 0.06,
  "foot_slip_distance": 4.579231660972028,
  "min_support_margin": -0.5633300918163119,
  "max_joint_limit_violation": 3495.5519575573617,
  "max_knee_delta_rad": 31.906971839935558,
  "max_hip_pitch_delta_rad": 233.0536319891663,
  "action_min": -43531.12109375,
  "action_max": 42912.02734375,
  "obs_abs_max": 701410.25,
  "first_obs80": [
    -0.010680999606847763,
    0.1911800056695938,
    0.04810100048780441,
    0.1289830058813095,
    -0.07358700037002563,
    -0.09355799853801727,
    0.02390800043940544,
    -0.04573500156402588,
    -0.14741599559783936,
    0.15351800620555878,
    -0.04085199907422066,
    0.09421999752521515,
    0.04326299950480461,
    0.08253800123929977,
    -0.05077899992465973,
    -0.0350940003991127,
    0.1971379965543747,
    -0.36746400594711304,
    0.9631109833717346,
    -0.22308999300003052,
    0.09718400239944458,
    0.10523399710655212,
    -0.1067039966583252,
    -0.42543599009513855,
    0.5734019875526428,
    1.325984001159668,
    0.28869500756263733,
    0.1454859972000122,
    -0.08019900321960449,
    -0.20033998787403107,
    0.03551959618926048,
    -0.005040093790739775,
    -0.12012004107236862,
    0.13679979741573334,
    -0.10212018340826035,
    -0.16830000281333923,
    0.04620015248656273,
    0.03923982009291649,
    -0.20070074498653412,
    0.16595987975597382,
    0.12774018943309784,
    -0.09899988025426865,
    0.09588002413511276,
    -0.1005600318312645,
    -0.2712600529193878,
    -0.35849955677986145,
    0.44729945063591003,
    -0.20381926000118256,
    0.1391395777463913,
    -0.5386800765991211,
    -0.19043995440006256,
    -0.4651799499988556,
    0.0653386041522026,
    0.3052818477153778,
    0.7069229483604431,
    0.14694033563137054,
    -0.49721983075141907,
    0.12834011018276215,
    0.0,
    0.0,
    0.0,
    1.000000238418579,
    5.25283094798823e-10,
    -7.974378490871459e-09,
    5.25283094798823e-10,
    1.000000238418579,
    1.2865921661386892e-08,
    0.0,
    0.0,
    0.0,
    0.0,
    0.0,
    0.0,
    -0.010680999606847763,
    0.1911800056695938,
    0.04810100048780441,
    0.1289830058813095,
    -0.07358700037002563,
    -0.09355799853801727,
    0.02390800043940544
  ],
  "first_action29": [
    1.4172881841659546,
    -0.14965161681175232,
    -0.11464493721723557,
    -0.7049881219863892,
    2.482340097427368,
    0.007700322195887566,
    -0.21669350564479828,
    0.4037235975265503,
    -0.6551128625869751,
    -1.6977221965789795,
    1.936659812927246,
    0.14810940623283386,
    0.3413354754447937,
    0.5490222573280334,
    -1.9839825630187988,
    -0.9521340727806091,
    0.6455209255218506,
    -0.7040947079658508,
    0.6259014010429382,
    -0.1742609739303589,
    -1.0560829639434814,
    0.1004219725728035,
    -1.3266887664794922,
    -0.983365535736084,
    0.9385514855384827,
    0.7839888334274292,
    -0.05253160744905472,
    1.0212866067886353,
    0.49065712094306946
  ],
  "samples": [
    {
      "t": 0.0,
      "frame": 0,
      "height": 0.8081254514508289,
      "visible_drop": 0.002807542438026056,
      "both_feet_contact": false,
      "foot_slip_distance": 0.012684915367736898,
      "support_margin": 0.07023165751101527,
      "knee_delta": 0.16346407009149136,
      "hip_delta": 0.2019065206330881,
      "up_z": 0.990421870043239,
      "action_min": -1.9839825630187988,
      "action_max": 2.482340097427368
    },
    {
      "t": 0.2,
      "frame": 12,
      "height": 0.49574288609419687,
      "visible_drop": 0.3151901077946581,
      "both_feet_contact": false,
      "foot_slip_distance": 0.46969670472205527,
      "support_margin": -0.13952943738672557,
      "knee_delta": 2.896973457277882,
      "hip_delta": 1.8493981110265236,
      "up_z": 0.9865963773636801,
      "action_min": -10.07164192199707,
      "action_max": 8.33374309539795
    },
    {
      "t": 0.4,
      "frame": 24,
      "height": 0.18132761529100833,
      "visible_drop": 0.6296053785978466,
      "both_feet_contact": true,
      "foot_slip_distance": 0.4767788255462133,
      "support_margin": -0.03234158955067799,
      "knee_delta": 2.896973457277882,
      "hip_delta": 1.9657704749101375,
      "up_z": 0.636433979930366,
      "action_min": -7.039240837097168,
      "action_max": 6.938135623931885
    },
    {
      "t": 0.6,
      "frame": 36,
      "height": 0.7030706732603508,
      "visible_drop": 0.1078623206285042,
      "both_feet_contact": false,
      "foot_slip_distance": 0.35853334423677136,
      "support_margin": 0.007070738921282167,
      "knee_delta": 4.093768517501664,
      "hip_delta": 7.798785308092018,
      "up_z": 0.955376914765072,
      "action_min": -10.071887969970703,
      "action_max": 14.111416816711426
    },
    {
      "t": 0.8,
      "frame": 48,
      "height": 0.8741586971597765,
      "visible_drop": -0.06322570327092147,
      "both_feet_contact": false,
      "foot_slip_distance": 0.4520323456632001,
      "support_margin": -0.1025052553434605,
      "knee_delta": 4.093768517501664,
      "hip_delta": 7.798785308092018,
      "up_z": -0.8014351883169976,
      "action_min": -10.037702560424805,
      "action_max": 16.16322898864746
    },
    {
      "t": 1.0,
      "frame": 60,
      "height": 0.798479056830862,
      "visible_drop": 0.012453937057993025,
      "both_feet_contact": false,
      "foot_slip_distance": 0.25156828706152856,
      "support_margin": 0.09415260746638436,
      "knee_delta": 18.11778687257883,
      "hip_delta": 13.659140384613558,
      "up_z": 0.9869931038828301,
      "action_min": -941.4027099609375,
      "action_max": 950.34326171875
    },
    {
      "t": 1.2,
      "frame": 72,
      "height": 0.6570685884524774,
      "visible_drop": 0.15386440543637758,
      "both_feet_contact": false,
      "foot_slip_distance": 0.429029564401902,
      "support_margin": 0.23327186022169105,
      "knee_delta": 18.11778687257883,
      "hip_delta": 13.659140384613558,
      "up_z": 0.9686269074968537,
      "action_min": -7.592632293701172,
      "action_max": 11.918680191040039
    },
    {
      "t": 1.4,
      "frame": 84,
      "height": 0.766319690808839,
      "visible_drop": 0.04461330308001599,
      "both_feet_contact": false,
      "foot_slip_distance": 0.18877913014125006,
      "support_margin": 0.04183576648663796,
      "knee_delta": 18.11778687257883,
      "hip_delta": 13.659140384613558,
      "up_z": 0.8455263067258816,
      "action_min": -37.43988800048828,
      "action_max": 29.605077743530273
    },
    {
      "t": 1.6,
      "frame": 96,
      "height": 0.4781219547954177,
      "visible_drop": 0.3328110390934373,
      "both_feet_contact": false,
      "foot_slip_distance": 0.4043544390243322,
      "support_margin": 0.003628889698818319,
      "knee_delta": 18.11778687257883,
      "hip_delta": 13.659140384613558,
      "up_z": 0.7070009655579175,
      "action_min": -4.760272026062012,
      "action_max": 4.339046955108643
    },
    {
      "t": 1.8,
      "frame": 108,
      "height": 0.719173703964226,
      "visible_drop": 0.091759289924629,
      "both_feet_contact": false,
      "foot_slip_distance": 0.2940268779923488,
      "support_margin": -0.12471897689897704,
      "knee_delta": 18.11778687257883,
      "hip_delta": 13.659140384613558,
      "up_z": 0.9384261306968396,
      "action_min": -5.6542067527771,
      "action_max": 6.643500328063965
    },
    {
      "t": 2.0,
      "frame": 120,