{
  "attempt": "drop0p10-blend0p35-adapt0p10-policy1p0",
  "drop": 0.1,
  "max_blend": 0.35,
  "policy_weight": 1.0,
  "adapt_gain": 0.1,
  "support_floor": -0.005,
  "slip_limit": 0.08,
  "ik": {
    "drop": 0.1,
    "start_height": 0.755,
    "target_height": 0.655,
    "success": true,
    "cost": 0.1065616031416785,
    "nfev": 6,
    "rms_foot_error": 0.0006771809338716935,
    "max_foot_error": 0.0006771809388854112,
    "lower_body_target": [
      -0.6248428401365259,
      -0.000545499468321503,
      -0.00046590989371057064,
      1.3212167648096758,
      -0.34892222625740654,
      5.934867289400365e-18,
      -0.6248428403425887,
      0.000545504968013725,
      0.0004659145437303383,
      1.3212167642822468,
      -0.3489222096917029,
      -7.848157379089292e-18,
      0.0,
      0.0,
      0.073
    ]
  },
  "start_height": 0.755,
  "min_height": -0.7498676663719135,
  "visible_drop": 1.5048676663719136,
  "first_visible_at": 4.22,
  "fell_at": 4.38,
  "final_height": -0.7346688469964747,
  "return_to_stand": false,
  "foot_contact_ratio": 0.8433333333333334,
  "foot_slip_distance": 0.8955932071023427,
  "min_support_margin": -0.5705892737978873,
  "first_support_breach_at": 3.36,
  "first_slip_breach_at": 4.4,
  "max_joint_limit_violation": 0.05564449406577904,
  "max_knee_delta_rad": 0.6138460632382687,
  "max_hip_pitch_delta_rad": 0.5488694725562209,
  "max_blend_observed": 0.26226327481894557,
  "pass_gate": false,
  "samples": [
    {
      "t": 0.0,
      "height": 0.755,
      "visible_drop": 0.0,
      "desired_blend": 0.0,
      "blend_state": 0.0,
      "health": 1.0,
      "support_margin": 0.08631053913643147,
      "both_feet_contact": true,
      "foot_slip_distance": 0.0,
      "vertical_velocity": 0.0,
      "up_z": 1.0
    },
    {
      "t": 0.2,
      "height": 0.7514623794124394,
      "visible_drop": 0.003537620587560575,
      "desired_blend": 0.026923076923076925,
      "blend_state": 0.019904771786109457,
      "health": 0.9930766133339091,
      "support_margin": 0.08648741361402838,
      "both_feet_contact": true,
      "foot_slip_distance": 0.0005538709332872727,
      "vertical_velocity": -0.01793778556495318,
      "up_z": 0.9996891185281375
    },
    {
      "t": 0.4,
      "height": 0.7489456066893609,
      "visible_drop": 0.006054393310639061,
      "desired_blend": 0.05384615384615385,
      "blend_state": 0.039706263993940824,
      "health": 0.9873145525505442,
      "support_margin": 0.0823524843270383,
      "both_feet_contact": true,
      "foot_slip_distance": 0.001014835795956465,
      "vertical_velocity": -0.011209303401321646,
      "up_z": 0.9993893823621309
    },
    {
      "t": 0.6,
      "height": 0.7468292009271379,
      "visible_drop": 0.008170799072862112,
      "desired_blend": 0.08076923076923076,
      "blend_state": 0.05938271655731542,
      "health": 0.9810036516974296,
      "support_margin": 0.07757863351582989,
      "both_feet_contact": true,
      "foot_slip_distance": 0.00151970786420563,
      "vertical_velocity": -0.00959461124357408,
      "up_z": 0.9992870932341723
    },
    {
      "t": 0.8,
      "height": 0.7451736717528525,
      "visible_drop": 0.009826328247147464,
      "desired_blend": 0.1076923076923077,
      "blend_state": 0.07893824955637062,
      "health": 0.9752065372373386,
      "support_margin": 0.07359915141993455,
      "both_feet_contact": true,
      "foot_slip_distance": 0.0019834770210129093,
      "vertical_velocity": -0.0076381342249964845,
      "up_z": 0.9992208467463258
    },
    {
      "t": 1.0,
      "height": 0.7436062235291286,
      "visible_drop": 0.011393776470871364,
      "desired_blend": 0.13461538461538458,
      "blend_state": 0.09838055831845578,
      "health": 0.9696019498230767,
      "support_margin": 0.0703175229913374,
      "both_feet_contact": true,
      "foot_slip_distance": 0.002431844014153867,
      "vertical_velocity": -0.008027127248960708,
      "up_z": 0.999184946216139
    },
    {
      "t": 1.2,
      "height": 0.742043997860606,
      "visible_drop": 0.012956002139393963,
      "desired_blend": 0.16153846153846152,
      "blend_state": 0.11771310824639204,
      "health": 0.9642475105588916,
      "support_margin": 0.06741335353999098,
      "both_feet_contact": true,
      "foot_slip_distance": 0.0028601991552886724,
      "vertical_velocity": -0.007574703131524307,
      "up_z": 0.9991797939605733
    },
    {
      "t": 1.4,
      "height": 0.7404892409005288,
      "visible_drop": 0.014510759099471193,
      "desired_blend": 0.18846153846153849,
      "blend_state": 0.1369421323425294,
      "health": 0.9591944873726871,
      "support_margin": 0.06458286403062663,
      "both_feet_contact": true,
      "foot_slip_distance": 0.0032644410101850293,
      "vertical_velocity": -0.00810244587437503,
      "up_z": 0.9991659780633596
    },
    {
      "t": 1.6,
      "height": 0.7388008728224141,
      "visible_drop": 0.01619912717758587,
      "desired_blend": 0.2153846153846154,
      "blend_state": 0.1560723071038811,
      "health": 0.9543400893348657,
      "support_margin": 0.061534748464251596,
      "both_feet_contact": true,
      "foot_slip_distance": 0.0036527928532107483,
      "vertical_velocity": -0.00855274408445017,
      "up_z": 0.9991397049016822
    },
    {
      "t": 1.8,
      "height": 0.7370579830137356,
      "visible_drop": 0.01794201698626441,
      "desired_blend": 0.24230769230769228,
      "blend_state": 0.1751071437273842,
      "health": 0.9496299647440728,
      "support_margin": 0.05813907671763471,
      "both_feet_contact": true,
      "foot_slip_distance": 0.004029602820474173,
      "vertical_velocity": -0.008855411605124264,
      "up_z": 0.9990849298471853
    },
    {
      "t": 2.0,
      "height": 0.7352911897149376,
      "visible_drop": 0.01970881028506244,
      "desired_blend": 0.26923076923076916,
      "blend_state": 0.19404594609212028,
      "health": 0.9445503514202152,
      "support_margin": 0.05419912045947663,
      "both_feet_contact": true,
      "foot_slip_distance": 0.004435971886382785,
      "vertical_velocity": -0.0055473799314420535,
      "up_z": 0.9990161232808249
    },
    {
      "t": 2.2,
      "height": 0.7345211080542623,
      "visible_drop": 0.02047889194573771,
      "desired_blend": 0.29615384615384616,
      "blend_state": 0.21287340259773244,
      "health": 0.9382303270984607,
      "support_margin": 0.04874974426706427,
      "both_feet_contact": true,
      "foot_slip_distance": 0.0049415738321231485,
      "vertical_velocity": -0.00900056906109059,
      "up_z": 0.9988114603586797
    },
    {
      "t": 2.4,
      "height": 0.7320842437994424,
      "visible_drop": 0.022915756200557635,
      "desired_blend": 0.32307692307692304,
      "blend_state": 0.23157768759941447,
      "health": 0.9328563698916132,
      "support_margin": 0.041958132963241725,
      "both_feet_contact": true,
      "foot_slip_distance": 0.005371490408670942,
      "vertical_velocity": -0.007637934290699588,
      "up_z": 0.9983521632476843
    },
    {
      "t": 2.6,
      "height": 0.7297012437396481,
      "visible_drop": 0.02529875626035194,
      "desired_blend": 0.35,
      "blend_state": 0.24921480521395684,
      "health": 0.8119928914824749,
      "support_margin": 0.03447243203292713,
      "both_feet_contact": true,
      "foot_slip_distance": 0.00594389910156904,
      "vertical_velocity": -0.008178502732170134,
      "up_z": 0.9976964302452439
    },
    {
      "t": 2.8,
      "height": 0.7275422122395816,
      "visible_drop": 0.027457787760418406,
      "desired_blend": 0.35,
      "blend_state": 0.2622324224385044,
      "health": 0.6345738097794229,
      "support_margin": 0.02612889534197049,
      "both_feet_contact": true,
      "foot_slip_distance": 0.0066126956928721755,
      "vertical_velocity": -0.008167144713133734,
      "up_z": 0.9964643684848561
    },
    {
      "t": 3.0,
      "height": 0.7263784250098385,