{
  "stage_height": 0.67,
  "max_blend": 0.45,
  "descent_rate_cap": 0.02,
  "torso_up_min": 0.55,
  "foot_slip_max": 0.01,
  "freeze_phase": true,
  "reference_scale": 1.0,
  "params_path": "C:\\Users\\yusun\\projects\\physical-ai\\experiments\\22-g1-squat-depth-finetune\\verify\\train\\params.pkl",
  "seconds": 6.0,
  "start_height": 0.755,
  "min_height": 0.6677807497196179,
  "visible_drop": 0.08721925028038213,
  "fell_at": null,
  "upright_s": 6.0,
  "hold_duration_at_or_below_stage": 0.04,
  "final_height": 0.703438627641842,
  "return_to_stand": false,
  "torso_up_min_observed": 0.9307681784407221,
  "foot_contact_ratio": 0.8533333333333334,
  "foot_slip_distance": 1.267203231194006,
  "max_reference_error": 0.07168476289440211,
  "max_height_error": 0.007607196787684372,
  "max_joint_limit_violation": 0.04509487954244207,
  "guard_trip_count": 100,
  "max_observed_blend": 0.45,
  "pass_gate": false,
  "verdict": "RETURN_PENDING",
  "samples": [
    {
      "t": 0.0,
      "base_height": 0.755,
      "target_height": 0.7549999952316284,
      "visible_drop": 0.0,
      "drop_rate": 0.0,
      "reference_error": 1.2614786223382194e-16,
      "height_error": 2.2737367586674853e-17,
      "up_z": 1.0,
      "both_feet_contact": true,
      "foot_slip_distance": 0.0,
      "guarded_blend": 0.0,
      "guard_reasons": []
    },
    {
      "t": 0.2,
      "base_height": 0.7535318357956522,
      "target_height": 0.7369999885559082,
      "visible_drop": 0.0014681642043478105,
      "drop_rate": 0.013881029009160661,
      "reference_error": 0.00034468730869793873,
      "height_error": 0.000273301973158231,
      "up_z": 0.9997367550218275,
      "both_feet_contact": true,
      "foot_slip_distance": 0.0005454697195395789,
      "guarded_blend": 0.05,
      "guard_reasons": []
    },
    {
      "t": 0.4,
      "base_height": 0.7514083104264634,
      "target_height": 0.718999981880188,
      "visible_drop": 0.003591689573536616,
      "drop_rate": 0.009780108992513137,
      "reference_error": 0.00043788117412606024,
      "height_error": 0.001050299759163329,
      "up_z": 0.9993749063096938,
      "both_feet_contact": true,
      "foot_slip_distance": 0.0009857697772559565,
      "guarded_blend": 0.1,
      "guard_reasons": []
    },
    {
      "t": 0.6,
      "base_height": 0.7496517001718501,
      "target_height": 0.7009999752044678,
      "visible_drop": 0.005348299828149883,
      "drop_rate": 0.007616231677654017,
      "reference_error": 0.000384202587997904,
      "height_error": 0.0023669903423018147,
      "up_z": 0.9991817258163581,
      "both_feet_contact": true,
      "foot_slip_distance": 0.001440423750024474,
      "guarded_blend": 0.15,
      "guard_reasons": []
    },
    {
      "t": 0.8,
      "base_height": 0.7483527115607714,
      "target_height": 0.6830000281333923,
      "visible_drop": 0.006647288439228571,
      "drop_rate": 0.005992914444713504,
      "reference_error": 0.00034967926763766326,
      "height_error": 0.004270973231159231,
      "up_z": 0.9990833694723836,
      "both_feet_contact": true,
      "foot_slip_distance": 0.0018522457783623244,
      "guarded_blend": 0.2,
      "guard_reasons": []
    },
    {
      "t": 1.0,
      "base_height": 0.7470459212084622,
      "target_height": 0.6700000166893005,
      "visible_drop": 0.007954078791537755,
      "drop_rate": 0.007032394352668447,
      "reference_error": 0.000361722757321846,
      "height_error": 0.005936071403175783,
      "up_z": 0.9990673689428833,
      "both_feet_contact": true,
      "foot_slip_distance": 0.0022593606100252874,
      "guarded_blend": 0.25,
      "guard_reasons": []
    },
    {
      "t": 1.2,
      "base_height": 0.7456108966833087,
      "target_height": 0.6700000166893005,
      "visible_drop": 0.009389103316691294,
      "drop_rate": 0.007404758052603766,
      "reference_error": 0.0003960457039190853,
      "height_error": 0.0057170051734683055,
      "up_z": 0.9990980415561217,
      "both_feet_contact": true,
      "foot_slip_distance": 0.0026485486870866867,
      "guarded_blend": 0.3,
      "guard_reasons": []
    },
    {
      "t": 1.4,
      "base_height": 0.743984472573184,
      "target_height": 0.6700000166893005,
      "visible_drop": 0.011015527426815996,
      "drop_rate": 0.008791142847264233,
      "reference_error": 0.0004420477859291035,
      "height_error": 0.005473699712434299,
      "up_z": 0.999153104919703,
      "both_feet_contact": true,
      "foot_slip_distance": 0.003020259741049745,
      "guarded_blend": 0.35000000000000003,
      "guard_reasons": []
    },
    {
      "t": 1.6,
      "base_height": 0.7421667700995495,
      "target_height": 0.6700000166893005,
      "visible_drop": 0.012833229900450549,
      "drop_rate": 0.007882381290202911,
      "reference_error": 0.0003728910999361055,
      "height_error": 0.005208040297775674,
      "up_z": 0.9992043582744625,
      "both_feet_contact": true,
      "foot_slip_distance": 0.003372142078048221,
      "guarded_blend": 0.4,
      "guard_reasons": []
    },
    {
      "t": 1.8,
      "base_height": 0.7406549158120079,
      "target_height": 0.6700000166893005,
      "visible_drop": 0.014345084187992074,
      "drop_rate": 0.008438259321719155,
      "reference_error": 0.0002919946591903369,
      "height_error": 0.004992114770039958,
      "up_z": 0.9991995932128155,
      "both_feet_contact": true,
      "foot_slip_distance": 0.003705778264638898,
      "guarded_blend": 0.45,
      "guard_reasons": []
    },
    {
      "t": 2.0,
      "base_height": 0.7399565194889863,
      "target_height": 0.6700000166893005,
      "visible_drop": 0.015043480511013674,
      "drop_rate": 0.0,
      "reference_error": 0.00028562746305336046,
      "height_error": 0.004893912283962447,
      "up_z": 0.9991977717133409,
      "both_feet_contact": true,
      "foot_slip_distance": 0.0040336591278725895,
      "guarded_blend": 0.45,
      "guard_reasons": []
    },
    {
      "t": 2.2,
      "base_height": 0.7399819209203595,
      "target_height": 0.6700000166893005,
      "visible_drop": 0.015018079079640478,
      "drop_rate": 0.0,
      "reference_error": 0.0002857578556954663,
      "height_error": 0.004897466919805112,
      "up_z": 0.9992621288198272,
      "both_feet_contact": true,
      "foot_slip_distance": 0.004362440460652828,
      "guarded_blend": 0.45,
      "guard_reasons": []
    },
    {
      "t": 2.4,
      "base_height": 0.7400479724080481,
      "target_height": 0.6700000166893005,
      "visible_drop": 0.01495202759195191,
      "drop_rate": 0.0,
      "reference_error": 0.00028819639108037897,
      "height_error": 0.004906716100375619,
      "up_z": 0.9993367296104034,
      "both_feet_contact": true,
      "foot_slip_distance": 0.004688758334549984,
      "guarded_blend": 0.45,
      "guard_reasons": []
    },
    {
      "t": 2.6,
      "base_height": 0.7403064860820655,
      "target_height": 0.6700000166893005,
      "visible_drop": 0.014693513917934498,
      "drop_rate": 0.0,
      "reference_error": 0.0002869148712976998,
      "height_error": 0.004942999638475797,
      "up_z": 0.9994072545792366,
      "both_feet_contact": true,
      "foot_slip_distance": 0.005014187049015717,
      "guarded_blend": 0.45,
      "guard_reasons": []
    },
    {
      "t": 2.8,
      "base_height": 0.7413057593915343,
      "target_height": 0.6700000166893005,
      "visible_drop": 0.013694240608465691,
      "drop_rate": 0.0,
      "reference_error": 0.00036416781886945167,
      "height_error": 0.005084508942317166,
      "up_z": 0.9994217498522944,
      "both_feet_contact": true,
      "foot_slip_distance": 0.00534332563817877,
      "guarded_blend": 0.45,
      "guard_reasons": []
    },
    {
      "t": 3.0,
      "base_height": 0.7423741919284286,
      "target_height": 0.6700000166893005,
      "visible_drop": 0.012625808071571432,
      "drop_rate": 0.0,
      "reference_error": 0.0005059590826641929,