{
  "attempt": "drop0p08-blend0p35-adapt0p10-policy1p0",
  "drop": 0.08,
  "max_blend": 0.35,
  "policy_weight": 1.0,
  "adapt_gain": 0.1,
  "support_floor": -0.005,
  "slip_limit": 0.08,
  "ik": {
    "drop": 0.08,
    "start_height": 0.755,
    "target_height": 0.675,
    "success": true,
    "cost": 0.07527746714403195,
    "nfev": 6,
    "rms_foot_error": 0.0006108590297431658,
    "max_foot_error": 0.0006108590424735445,
    "lower_body_target": [
      -0.575114476925352,
      -0.0003914080673100065,
      -0.00037249026131839743,
      1.2168642879959017,
      -0.35307724934194473,
      -1.8902048011641678e-17,
      -0.5751144768987575,
      0.0003914087744053887,
      0.0003724908824383186,
      1.2168642877780107,
      -0.3530772461397548,
      2.482051673038081e-17,
      0.0,
      0.0,
      0.073
    ]
  },
  "start_height": 0.755,
  "min_height": 0.7285837946493383,
  "visible_drop": 0.026416205350661692,
  "first_visible_at": null,
  "fell_at": null,
  "final_height": 0.7485452919185484,
  "return_to_stand": true,
  "foot_contact_ratio": 1.0,
  "foot_slip_distance": 0.014426067958005946,
  "min_support_margin": 0.013573489036943845,
  "first_support_breach_at": null,
  "first_slip_breach_at": null,
  "max_joint_limit_violation": 0.0,
  "max_knee_delta_rad": 0.2221056828259158,
  "max_hip_pitch_delta_rad": 0.13632829855597073,
  "max_blend_observed": 0.2858985294460845,
  "pass_gate": false,
  "samples": [
    {
      "t": 0.0,
      "height": 0.755,
      "visible_drop": 0.0,
      "desired_blend": 0.0,
      "blend_state": 0.0,
      "health": 1.0,
      "support_margin": 0.08631053913643147,
      "both_feet_contact": true,
      "foot_slip_distance": 0.0,
      "vertical_velocity": 0.0,
      "up_z": 1.0
    },
    {
      "t": 0.2,
      "height": 0.7515411430112382,
      "visible_drop": 0.003458856988761805,
      "desired_blend": 0.026923076923076925,
      "blend_state": 0.01990489335883305,
      "health": 0.9930977712563025,
      "support_margin": 0.0864960034772087,
      "both_feet_contact": true,
      "foot_slip_distance": 0.0005521782994957987,
      "vertical_velocity": -0.01753844426997664,
      "up_z": 0.9996825293397097
    },
    {
      "t": 0.4,
      "height": 0.7491717417690522,
      "visible_drop": 0.0058282582309477915,
      "desired_blend": 0.05384615384615385,
      "blend_state": 0.03970687900207787,
      "health": 0.9873362183572492,
      "support_margin": 0.08244728042409669,
      "both_feet_contact": true,
      "foot_slip_distance": 0.0010131025314200634,
      "vertical_velocity": -0.01059315426014118,
      "up_z": 0.9993631493066638
    },
    {
      "t": 0.6,
      "height": 0.7472271263337813,
      "visible_drop": 0.007772873666218705,
      "desired_blend": 0.08076923076923076,
      "blend_state": 0.05938358143647171,
      "health": 0.9810090877253491,
      "support_margin": 0.07789779814039778,
      "both_feet_contact": true,
      "foot_slip_distance": 0.0015192729819720693,
      "vertical_velocity": -0.00862269507878044,
      "up_z": 0.9992441715675507
    },
    {
      "t": 0.8,
      "height": 0.7457682298159439,
      "visible_drop": 0.009231770184056076,
      "desired_blend": 0.1076923076923077,
      "blend_state": 0.0789385207165544,
      "health": 0.975142671090041,
      "support_margin": 0.07427912373087828,
      "both_feet_contact": true,
      "foot_slip_distance": 0.0019885863127967157,
      "vertical_velocity": -0.006606796312702556,
      "up_z": 0.9991682701316367
    },
    {
      "t": 1.0,
      "height": 0.7444336699772376,
      "visible_drop": 0.010566330022762416,
      "desired_blend": 0.13461538461538458,
      "blend_state": 0.09837853152811075,
      "health": 0.9694373854771143,
      "support_margin": 0.07147617490053461,
      "both_feet_contact": true,
      "foot_slip_distance": 0.002445009161830855,
      "vertical_velocity": -0.00679662640541423,
      "up_z": 0.9991302202496434
    },
    {
      "t": 1.2,
      "height": 0.7431151933318846,
      "visible_drop": 0.011884806668115422,
      "desired_blend": 0.16153846153846152,
      "blend_state": 0.11770623305311065,
      "health": 0.963937615117218,
      "support_margin": 0.06913690489989308,
      "both_feet_contact": true,
      "foot_slip_distance": 0.0028849907906225644,
      "vertical_velocity": -0.006373359308931015,
      "up_z": 0.9991258819883837
    },
    {
      "t": 1.4,
      "height": 0.7418175214926588,
      "visible_drop": 0.013182478507341222,
      "desired_blend": 0.18846153846153849,
      "blend_state": 0.1369272834670488,
      "health": 0.9587291870234528,
      "support_margin": 0.0669489274262258,
      "both_feet_contact": true,
      "foot_slip_distance": 0.003301665038123782,
      "vertical_velocity": -0.006722971499567576,
      "up_z": 0.9991145208546731
    },
    {
      "t": 1.6,
      "height": 0.740418168192784,
      "visible_drop": 0.01458183180721595,
      "desired_blend": 0.2153846153846154,
      "blend_state": 0.15604676980121432,
      "health": 0.9537545084320975,
      "support_margin": 0.06462839880472394,
      "both_feet_contact": true,
      "foot_slip_distance": 0.0036996393254322027,
      "vertical_velocity": -0.0071535534166722314,
      "up_z": 0.9990896427867014
    },
    {
      "t": 1.8,
      "height": 0.7389546208844114,
      "visible_drop": 0.016045379115588565,
      "desired_blend": 0.24230769230769228,
      "blend_state": 0.1750691329333046,
      "health": 0.9489883697701061,
      "support_margin": 0.062048504795022816,
      "both_feet_contact": true,
      "foot_slip_distance": 0.004080930418391508,
      "vertical_velocity": -0.0074898650429977565,
      "up_z": 0.9990472004083942
    },
    {
      "t": 2.0,
      "height": 0.737416514057988,
      "visible_drop": 0.017583485942011978,
      "desired_blend": 0.26923076923076916,
      "blend_state": 0.1939978872259187,
      "health": 0.9443664319495919,
      "support_margin": 0.05914097204234602,
      "both_feet_contact": true,
      "foot_slip_distance": 0.0044506854440326425,
      "vertical_velocity": -0.007941162825580994,
      "up_z": 0.9989797016312801
    },
    {
      "t": 2.2,
      "height": 0.7357930219397946,
      "visible_drop": 0.019206978060205437,
      "desired_blend": 0.29615384615384616,
      "blend_state": 0.21283497970589568,
      "health": 0.9397969219062366,
      "support_margin": 0.05587239471576439,
      "both_feet_contact": true,
      "foot_slip_distance": 0.004816246247501066,
      "vertical_velocity": -0.00830268656719646,
      "up_z": 0.9988811555586752
    },
    {
      "t": 2.4,
      "height": 0.7341056354102441,
      "visible_drop": 0.02089436458975591,
      "desired_blend": 0.32307692307692304,
      "blend_state": 0.23157938783907384,
      "health": 0.935063499353624,
      "support_margin": 0.052216197912842634,
      "both_feet_contact": true,
      "foot_slip_distance": 0.005194920051710077,
      "vertical_velocity": -0.007889673666011676,
      "up_z": 0.9987368790940445
    },
    {
      "t": 2.6,
      "height": 0.733510839628278,
      "visible_drop": 0.021489160371721994,
      "desired_blend": 0.35,
      "blend_state": 0.25022069529912794,
      "health": 0.9300872710711205,
      "support_margin": 0.04737655998739603,
      "both_feet_contact": true,
      "foot_slip_distance": 0.005593018314310352,
      "vertical_velocity": 0.0014680292189761524,
      "up_z": 0.9985722840830067
    },
    {
      "t": 2.8,
      "height": 0.731303600475813,
      "visible_drop": 0.023696399524187006,
      "desired_blend": 0.35,
      "blend_state": 0.2687509180771498,
      "health": 0.9238463107332399,
      "support_margin": 0.04094048144176135,
      "both_feet_contact": true,
      "foot_slip_distance": 0.00609229514134081,
      "vertical_velocity": -0.00833714656610085,
      "up_z": 0.9980068813996249
    },
    {
      "t": 3.0,
      "height": 0.7291117552670953,