{
  "attempt": "drop0p12-blend0p45-adapt0p14-policy1p0",
  "drop": 0.12,
  "max_blend": 0.45,
  "policy_weight": 1.0,
  "adapt_gain": 0.14,
  "support_floor": -0.005,
  "slip_limit": 0.08,
  "ik": {
    "drop": 0.12,
    "start_height": 0.755,
    "target_height": 0.635,
    "success": true,
    "cost": 0.14072283146357953,
    "nfev": 6,
    "rms_foot_error": 0.0007334521313182466,
    "max_foot_error": 0.0007334521535204833,
    "lower_body_target": [
      -0.6711945489475849,
      -0.0007173508470033017,
      -0.0005529846146665909,
      1.4188779672913399,
      -0.34470315125556067,
      2.2870794105776245e-17,
      -0.6711945502869266,
      0.0007173585488642464,
      0.0005529905755076818,
      1.418877965016064,
      -0.3447030740496232,
      -3.008433569150347e-17,
      0.0,
      0.0,
      0.073
    ]
  },
  "start_height": 0.755,
  "min_height": -0.7544468674340241,
  "visible_drop": 1.5094468674340242,
  "first_visible_at": 3.08,
  "fell_at": 3.32,
  "final_height": -0.744054870068312,
  "return_to_stand": false,
  "foot_contact_ratio": 0.87,
  "foot_slip_distance": 0.9111403767295518,
  "min_support_margin": -0.5923733694549025,
  "first_support_breach_at": 2.4,
  "first_slip_breach_at": 3.36,
  "max_joint_limit_violation": 0.09121470675600757,
  "max_knee_delta_rad": 0.5995938704625323,
  "max_hip_pitch_delta_rad": 0.5301751236035841,
  "max_blend_observed": 0.2696940787252819,
  "pass_gate": false,
  "samples": [
    {
      "t": 0.0,
      "height": 0.755,
      "visible_drop": 0.0,
      "desired_blend": 0.0,
      "blend_state": 0.0,
      "health": 1.0,
      "support_margin": 0.08631053913643147,
      "both_feet_contact": true,
      "foot_slip_distance": 0.0,
      "vertical_velocity": 0.0,
      "up_z": 1.0
    },
    {
      "t": 0.2,
      "height": 0.751090090063049,
      "visible_drop": 0.0039099099369509505,
      "desired_blend": 0.03461538461538462,
      "blend_state": 0.027866424318331317,
      "health": 0.9930533934471076,
      "support_margin": 0.08648208239401736,
      "both_feet_contact": true,
      "foot_slip_distance": 0.0005557285242313866,
      "vertical_velocity": -0.0205898467008081,
      "up_z": 0.9997039539479883
    },
    {
      "t": 0.4,
      "height": 0.7479803099457473,
      "visible_drop": 0.007019690054252736,
      "desired_blend": 0.06923076923076923,
      "blend_state": 0.055588177084398116,
      "health": 0.9873386665700995,
      "support_margin": 0.08214146338457717,
      "both_feet_contact": true,
      "foot_slip_distance": 0.0010129066743920362,
      "vertical_velocity": -0.01404685529305394,
      "up_z": 0.9994776172084756
    },
    {
      "t": 0.6,
      "height": 0.7451531239150865,
      "visible_drop": 0.009846876084913525,
      "desired_blend": 0.10384615384615384,
      "blend_state": 0.0831374570894554,
      "health": 0.9811644747698451,
      "support_margin": 0.07663909665930074,
      "both_feet_contact": true,
      "foot_slip_distance": 0.0015068420184123877,
      "vertical_velocity": -0.013480389577319452,
      "up_z": 0.9994333995989995
    },
    {
      "t": 0.8,
      "height": 0.7426577409498685,
      "visible_drop": 0.012342259050131532,
      "desired_blend": 0.13846153846153847,
      "blend_state": 0.11052510020123402,
      "health": 0.9757138298442294,
      "support_margin": 0.071420490644691,
      "both_feet_contact": true,
      "foot_slip_distance": 0.0019428936124616528,
      "vertical_velocity": -0.012436119811259916,
      "up_z": 0.9993900985997698
    },
    {
      "t": 1.0,
      "height": 0.7399549521205622,
      "visible_drop": 0.015045047879437834,
      "desired_blend": 0.17307692307692307,
      "blend_state": 0.13776321204212685,
      "health": 0.9704302100624462,
      "support_margin": 0.06631437978278887,
      "both_feet_contact": true,
      "foot_slip_distance": 0.002365583195004304,
      "vertical_velocity": -0.013981678549629395,
      "up_z": 0.9993491062302722
    },
    {
      "t": 1.2,
      "height": 0.7372303293439899,
      "visible_drop": 0.017769670656010095,
      "desired_blend": 0.20769230769230768,
      "blend_state": 0.16485835905443197,
      "health": 0.965479970951588,
      "support_margin": 0.06106415382314077,
      "both_feet_contact": true,
      "foot_slip_distance": 0.0027616023238729638,
      "vertical_velocity": -0.013632366319843436,
      "up_z": 0.9993237678411738
    },
    {
      "t": 1.4,
      "height": 0.7343719476859261,
      "visible_drop": 0.02062805231407394,
      "desired_blend": 0.24230769230769236,
      "blend_state": 0.1918171132319136,
      "health": 0.960626247177349,
      "support_margin": 0.055374021359050216,
      "both_feet_contact": true,
      "foot_slip_distance": 0.0031499002258120754,
      "vertical_velocity": -0.014846547480851235,
      "up_z": 0.9992507516421507
    },
    {
      "t": 1.6,
      "height": 0.7319886569131737,
      "visible_drop": 0.023011343086826286,
      "desired_blend": 0.27692307692307694,
      "blend_state": 0.21862462552762046,
      "health": 0.9551225534708321,
      "support_margin": 0.04865638877782601,
      "both_feet_contact": true,
      "foot_slip_distance": 0.00359019572233343,
      "vertical_velocity": -0.0020759350085275408,
      "up_z": 0.9991217120083227
    },
    {
      "t": 1.8,
      "height": 0.7286908777484293,
      "visible_drop": 0.02630912225157067,
      "desired_blend": 0.31153846153846154,
      "blend_state": 0.24521105231973256,
      "health": 0.9378944161931243,
      "support_margin": 0.039558159148726686,
      "both_feet_contact": true,
      "foot_slip_distance": 0.0042244302098433115,
      "vertical_velocity": -0.02088160700310926,
      "up_z": 0.99868589821472
    },
    {
      "t": 2.0,
      "height": 0.7241284891990555,
      "visible_drop": 0.030871510800944524,
      "desired_blend": 0.34615384615384615,
      "blend_state": 0.2678251181705514,
      "health": 0.6947041894456797,
      "support_margin": 0.02831144240481109,
      "both_feet_contact": true,
      "foot_slip_distance": 0.004922642147635052,
      "vertical_velocity": -0.022899665517384094,
      "up_z": 0.9976594202973039
    },
    {
      "t": 2.2,
      "height": 0.7196814322347385,
      "visible_drop": 0.035318567765261544,
      "desired_blend": 0.38076923076923075,
      "blend_state": 0.2664555098191903,
      "health": 0.3964691317724191,
      "support_margin": 0.014215984249239505,
      "both_feet_contact": true,
      "foot_slip_distance": 0.005723873632067785,
      "vertical_velocity": -0.007961675645118405,
      "up_z": 0.9946144674149757
    },
    {
      "t": 2.4,
      "height": 0.7203747900638372,
      "visible_drop": 0.034625209936162804,
      "desired_blend": 0.41538461538461535,
      "blend_state": 0.253510366697815,
      "health": 0.0,
      "support_margin": -0.005060022231430393,
      "both_feet_contact": true,
      "foot_slip_distance": 0.006674121935686166,
      "vertical_velocity": 0.01062236233358993,
      "up_z": 0.9889326226388581
    },
    {
      "t": 2.6,
      "height": 0.7218038938758222,
      "visible_drop": 0.03319610612417778,
      "desired_blend": 0.45,
      "blend_state": 0.23531036669781513,
      "health": 0.0,
      "support_margin": -0.03245136879271278,
      "both_feet_contact": true,
      "foot_slip_distance": 0.007552093002126718,
      "vertical_velocity": 0.0022935398866108514,
      "up_z": 0.9807542926955801
    },
    {
      "t": 2.8,
      "height": 0.7201041652701025,
      "visible_drop": 0.034895834729897546,
      "desired_blend": 0.45,
      "blend_state": 0.21711036669781525,
      "health": 0.0,
      "support_margin": -0.08025392014516702,
      "both_feet_contact": true,
      "foot_slip_distance": 0.008890623957612457,
      "vertical_velocity": -0.024333461067804762,
      "up_z": 0.9668388980705711
    },
    {
      "t": 3.0,
      "height": 0.6981332192941814,
      "visible_drop": 0.05686678070581863,