{
  "native": {
    "attempt": "drop-0p12-com12-posture0p3",
    "target": {
      "drop": 0.12,
      "start_height": 0.755,
      "target_height": 0.635,
      "success": true,
      "cost": 0.0935543031845317,
      "nfev": 30,
      "com_weight": 12.0,
      "posture_weight": 0.3,
      "rms_foot_error": 0.0006049856521781681,
      "max_foot_error": 0.0006762127033822781,
      "support_margin": 0.07551024788300173,
      "inside_support": true,
      "com_xy": [
        0.052787589685315765,
        0.000636683381671279
      ],
      "support_center_xy": [
        0.03750119654850309,
        0.0011015757382378533
      ],
      "com_center_error": 0.01529346069522486,
      "knee_delta_rad": 0.7584993843912895,
      "hip_pitch_delta_rad": 0.3524101938974447,
      "visible_pose_gate": {
        "pelvis_drop_pass": true,
        "knee_delta_pass": true,
        "hip_pitch_delta_pass": true,
        "pass": true
      },
      "lower_body_target": [
        -0.6640874656740355,
        0.026116625961828437,
        0.020278596030069474,
        1.4274600231159034,
        -0.7091617395433851,
        0.0077575957688539405,
        -0.6644101938974447,
        -0.011795716659914666,
        -0.009032700439168363,
        1.4274993843912895,
        -0.6948283446712427,
        -0.011235888527939674,
        0.00041826050638349037,
        -0.003242794773578138,
        0.04077628170793611
      ]
    },
    "max_blend": 0.45,
    "policy_weight": 1.0,
    "start_height": 0.755,
    "min_height": -0.7598222144213891,
    "visible_drop": 1.5148222144213892,
    "first_visible_at": 3.12,
    "fell_at": 3.72,
    "final_height": -0.7551372591567465,
    "return_to_stand": false,
    "foot_contact_ratio": 0.8933333333333333,
    "foot_slip_distance": 0.718509708939413,
    "min_support_margin": -0.6122016897164236,
    "max_joint_limit_violation": 0.022519727412666002,
    "max_total_foot_normal_force": 1892.4532325208413,
    "max_lr_normal_imbalance": 1.0,
    "max_lower_inverse_torque": 21321.755170542052,
    "max_observed_blend": 0.45,
    "pass_gate": false,
    "verdict": "FAIL_FALL",
    "samples": [
      {
        "t": 0.0,
        "height": 0.7542067254735858,
        "visible_drop": 0.0007932745264142005,
        "support_margin": 0.08652551974594566,
        "both_feet_contact": true,
        "foot_slip_distance": 0.00010037407583634911,
        "controller_blend": 0.0,
        "up_z": 0.9999886379342544,
        "lr_normal_imbalance": 0.20647142569380275,
        "inverse_torque": 12.855626482333326
      },
      {
        "t": 0.2,
        "height": 0.7524770559320836,
        "visible_drop": 0.0025229440679164217,
        "support_margin": 0.08602411061434187,
        "both_feet_contact": true,
        "foot_slip_distance": 0.0005907400716991613,
        "controller_blend": 0.02647058823529412,
        "up_z": 0.9997632286094784,
        "lr_normal_imbalance": 0.025858510518815835,
        "inverse_torque": 11.101630350251796
      },
      {
        "t": 0.4,
        "height": 0.7493775590983798,
        "visible_drop": 0.005622440901620229,
        "support_margin": 0.08180316475359728,
        "both_feet_contact": true,
        "foot_slip_distance": 0.001056394852649594,
        "controller_blend": 0.05294117647058824,
        "up_z": 0.9995754803947619,
        "lr_normal_imbalance": 0.02699226647975779,
        "inverse_torque": 12.777781666640003
      },
      {
        "t": 0.6,
        "height": 0.7465358883249791,
        "visible_drop": 0.008464111675020924,
        "support_margin": 0.07700130234941047,
        "both_feet_contact": true,
        "foot_slip_distance": 0.0015154350196876186,
        "controller_blend": 0.07941176470588236,
        "up_z": 0.9995204444878041,
        "lr_normal_imbalance": 0.0028527682141230057,
        "inverse_torque": 13.70840026341743
      },
      {
        "t": 0.8,
        "height": 0.7440836571895354,
        "visible_drop": 0.010916342810464608,
        "support_margin": 0.07290210264361155,
        "both_feet_contact": true,
        "foot_slip_distance": 0.0019189767155714558,
        "controller_blend": 0.10588235294117648,
        "up_z": 0.9994806793790169,
        "lr_normal_imbalance": 0.0076944260904529905,
        "inverse_torque": 14.59596480065364
      },
      {
        "t": 1.0,
        "height": 0.7415457480540153,
        "visible_drop": 0.013454251945984708,
        "support_margin": 0.06934843027313523,
        "both_feet_contact": true,
        "foot_slip_distance": 0.002314067821965087,
        "controller_blend": 0.1323529411764706,
        "up_z": 0.9994696976957597,
        "lr_normal_imbalance": 0.012427700119114114,
        "inverse_torque": 15.40576180924659
      },
      {
        "t": 1.2,
        "height": 0.7390092472021791,
        "visible_drop": 0.015990752797820917,
        "support_margin": 0.06613820690525792,
        "both_feet_contact": true,
        "foot_slip_distance": 0.00268708304982225,
        "controller_blend": 0.15882352941176472,
        "up_z": 0.9994786129289612,
        "lr_normal_imbalance": 0.005310310238292182,
        "inverse_torque": 15.936936910061732
      },
      {
        "t": 1.4,
        "height": 0.7364036730628233,
        "visible_drop": 0.01859632693717672,
        "support_margin": 0.06304596185914546,
        "both_feet_contact": true,
        "foot_slip_distance": 0.0030450424935380724,
        "controller_blend": 0.18529411764705883,
        "up_z": 0.9994788676273167,
        "lr_normal_imbalance": 0.0004186682781740981,
        "inverse_torque": 16.487130447373172
      },
      {
        "t": 1.6,
        "height": 0.7335310119138077,
        "visible_drop": 0.021468988086192353,
        "support_margin": 0.05971172753412366,
        "both_feet_contact": true,
        "foot_slip_distance": 0.0033972874664437427,
        "controller_blend": 0.21176470588235297,
        "up_z": 0.9994722046327247,
        "lr_normal_imbalance": 0.00471065481732761,
        "inverse_torque": 17.10845632756604
      },
      {
        "t": 1.8,
        "height": 0.730337767617659,
        "visible_drop": 0.024662232382341,
        "support_margin": 0.0559415796122906,
        "both_feet_contact": true,
        "foot_slip_distance": 0.0037572897705000245,
        "controller_blend": 0.23823529411764707,
        "up_z": 0.9994484121693146,
        "lr_normal_imbalance": 0.006739736405700088,
        "inverse_torque": 17.892931321996286
      },
      {
        "t": 2.0,
        "height": 0.7267138155474975,
        "visible_drop": 0.028286184452502527,
        "support_margin": 0.05155550143912152,
        "both_feet_contact": true,
        "foot_slip_distance": 0.004142034425251691,
        "controller_blend": 0.2647058823529412,
        "up_z": 0.9994114319286587,
        "lr_normal_imbalance": 0.006367321251234943,
        "inverse_torque": 19.352142092022405
      },
      {
        "t": 2.2,
        "height": 0.7228113326550608,
        "visible_drop": 0.03218866734493919,
        "support_margin": 0.04613424644485913,
        "both_feet_contact": true,
        "foot_slip_distance": 0.004632441195509848,
        "controller_blend": 0.2911764705882353,
        "up_z": 0.9993279908544414,
        "lr_normal_imbalance": 0.010430194957057926,
        "inverse_torque": 22.33076959122574
      },
      {
        "t": 2.4,
        "height": 0.7171363560188626,
        "visible_drop": 0.037863643981137396,
        "support_margin": 0.038488619723849066,
        "both_feet_contact": true,
        "foot_slip_distance": 0.005315871067868513,
        "controller_blend": 0.31764705882352945,
        "up_z": 0.998999966236024,
        "lr_normal_imbalance": 0.20617253839069674,
        "inverse_torque": 25.25991166155311
      },
      {
        "t": 2.6,
        "height": 0.7087712481544953,
        "visible_drop": 0.04622875184550468,
        "support_margin": 0.02819743904380129,
        "both_feet_contact": true,