{
  "attempt": "lower-gain2p0-ankle3p0",
  "drop": 0.08,
  "max_blend": 0.38,
  "policy_weight": 1.0,
  "adapt_gain": 0.11,
  "support_floor": -0.005,
  "slip_limit": 0.08,
  "ik": {
    "drop": 0.08,
    "start_height": 0.755,
    "target_height": 0.675,
    "success": true,
    "cost": 0.07527746714403195,
    "nfev": 6,
    "rms_foot_error": 0.0006108590297431658,
    "max_foot_error": 0.0006108590424735445,
    "lower_body_target": [
      -0.575114476925352,
      -0.0003914080673100065,
      -0.00037249026131839743,
      1.2168642879959017,
      -0.35307724934194473,
      -1.8902048011641678e-17,
      -0.5751144768987575,
      0.0003914087744053887,
      0.0003724908824383186,
      1.2168642877780107,
      -0.3530772461397548,
      2.482051673038081e-17,
      0.0,
      0.0,
      0.073
    ]
  },
  "start_height": 0.755,
  "min_height": -0.7634600588761468,
  "visible_drop": 1.5184600588761468,
  "first_visible_at": 1.12,
  "fell_at": 1.3,
  "final_height": -0.7596788453682839,
  "return_to_stand": false,
  "foot_contact_ratio": 0.67,
  "foot_slip_distance": 0.5731791514060732,
  "min_support_margin": -0.5745724213286744,
  "first_support_breach_at": 0.54,
  "first_slip_breach_at": 0.4,
  "max_joint_limit_violation": 0.1360676800540045,
  "max_knee_delta_rad": 0.5865337260513137,
  "max_hip_pitch_delta_rad": 0.5436176095848122,
  "max_blend_observed": 0.012903880574997792,
  "pass_gate": false,
  "samples": [
    {
      "t": 0.0,
      "height": 0.755,
      "visible_drop": 0.0,
      "desired_blend": 0.0,
      "blend_state": 0.0,
      "health": 1.0,
      "support_margin": 0.08631053913643147,
      "both_feet_contact": true,
      "foot_slip_distance": 0.0,
      "vertical_velocity": 0.0,
      "up_z": 1.0
    },
    {
      "t": 0.2,
      "height": 0.7744145454184488,
      "visible_drop": -0.01941454541844878,
      "desired_blend": 0.029230769230769234,
      "blend_state": 0.012903880574997792,
      "health": 0.8133020604741015,
      "support_margin": 0.054868071726199265,
      "both_feet_contact": true,
      "foot_slip_distance": 0.014935835162071882,
      "vertical_velocity": 0.17632987428053415,
      "up_z": 0.9997616802246135
    },
    {
      "t": 0.4,
      "height": 0.7695836488101483,
      "visible_drop": -0.014583648810148286,
      "desired_blend": 0.05846153846153847,
      "blend_state": 0.0017624222466606802,
      "health": 0.0,
      "support_margin": 0.04271560543790056,
      "both_feet_contact": false,
      "foot_slip_distance": 0.09021790347195231,
      "vertical_velocity": 0.0379009088264215,
      "up_z": 0.9979634820599548
    },
    {
      "t": 0.6,
      "height": 0.7615198982796187,
      "visible_drop": -0.006519898279618741,
      "desired_blend": 0.0876923076923077,
      "blend_state": 0.0,
      "health": 0.0,
      "support_margin": -0.022867429685876038,
      "both_feet_contact": true,
      "foot_slip_distance": 0.15276640765913846,
      "vertical_velocity": 0.04896767829549176,
      "up_z": 0.9923062513741437
    },
    {
      "t": 0.8,
      "height": 0.7671040108463181,
      "visible_drop": -0.01210401084631807,
      "desired_blend": 0.11692307692307694,
      "blend_state": 0.0,
      "health": 0.0,
      "support_margin": -0.088998000392465,
      "both_feet_contact": false,
      "foot_slip_distance": 0.22603459933761066,
      "vertical_velocity": -0.0689353564229056,
      "up_z": 0.9821482992401318
    },
    {
      "t": 1.0,
      "height": 0.7335421857403529,
      "visible_drop": 0.0214578142596471,
      "desired_blend": 0.14615384615384613,
      "blend_state": 0.0,
      "health": 0.0,
      "support_margin": -0.1909093794904074,
      "both_feet_contact": false,
      "foot_slip_distance": 0.24469130266584524,
      "vertical_velocity": -0.3356171062393165,
      "up_z": 0.9529248541421673
    },
    {
      "t": 1.2,
      "height": 0.5959719255461674,
      "visible_drop": 0.1590280744538326,
      "desired_blend": 0.1753846153846154,
      "blend_state": 0.0,
      "health": 0.0,
      "support_margin": -0.3880857929242634,
      "both_feet_contact": false,
      "foot_slip_distance": 0.30225492809100296,
      "vertical_velocity": -1.109395836506638,
      "up_z": 0.86808455835214
    },
    {
      "t": 1.4,
      "height": 0.14937640979611866,
      "visible_drop": 0.6056235902038813,
      "desired_blend": 0.20461538461538464,
      "blend_state": 0.0,
      "health": 0.0,
      "support_margin": -0.5745724213286744,
      "both_feet_contact": false,
      "foot_slip_distance": 0.39174521932582507,
      "vertical_velocity": -3.1106605188467724,
      "up_z": 0.6321068470445916
    },
    {
      "t": 1.6,
      "height": -0.6016770082117222,
      "visible_drop": 1.3566770082117223,
      "desired_blend": 0.23384615384615387,
      "blend_state": 0.0,
      "health": 0.0,
      "support_margin": -0.2619986842691439,
      "both_feet_contact": false,
      "foot_slip_distance": 0.21788290674738295,
      "vertical_velocity": -3.6530510672830583,
      "up_z": -0.35094644962810545
    },
    {
      "t": 1.8,
      "height": -0.7488704530288524,
      "visible_drop": 1.5038704530288522,
      "desired_blend": 0.2630769230769231,
      "blend_state": 0.0,
      "health": 0.0,
      "support_margin": -0.015207087598096358,
      "both_feet_contact": true,
      "foot_slip_distance": 0.3248178330807824,
      "vertical_velocity": 0.5883301335573077,
      "up_z": -0.9986622729271627
    },
    {
      "t": 2.0,
      "height": -0.5152169133233131,
      "visible_drop": 1.270216913323313,
      "desired_blend": 0.29230769230769227,
      "blend_state": 0.0,
      "health": 0.0,
      "support_margin": -0.20935080642250886,
      "both_feet_contact": false,
      "foot_slip_distance": 0.33080713359186087,
      "vertical_velocity": 0.7361200097200926,
      "up_z": -0.8318187137441811
    },
    {
      "t": 2.2,
      "height": -0.5432625173276268,
      "visible_drop": 1.2982625173276268,
      "desired_blend": 0.32153846153846155,
      "blend_state": 0.0,
      "health": 0.0,
      "support_margin": -0.42106095884084993,
      "both_feet_contact": true,
      "foot_slip_distance": 0.3070788270252327,
      "vertical_velocity": -0.8439086554192177,
      "up_z": -0.7176408920245887
    },
    {
      "t": 2.4,
      "height": -0.6806419551590023,
      "visible_drop": 1.4356419551590023,
      "desired_blend": 0.3507692307692308,
      "blend_state": 0.0,
      "health": 0.0,
      "support_margin": -0.029472679235726162,
      "both_feet_contact": false,
      "foot_slip_distance": 0.3515733835247027,
      "vertical_velocity": -0.5505212495139689,
      "up_z": -0.8944419797577128
    },
    {
      "t": 2.6,
      "height": -0.7375579545309399,
      "visible_drop": 1.4925579545309398,
      "desired_blend": 0.38,
      "blend_state": 0.0,
      "health": 0.0,
      "support_margin": 0.07788914638861821,
      "both_feet_contact": false,
      "foot_slip_distance": 0.5107736668518459,
      "vertical_velocity": 0.059383714856919845,
      "up_z": -0.999275337784418
    },
    {
      "t": 2.8,
      "height": -0.7385853625328042,
      "visible_drop": 1.4935853625328042,
      "desired_blend": 0.38,
      "blend_state": 0.0,
      "health": 0.0,
      "support_margin": -0.01364766982741955,
      "both_feet_contact": false,
      "foot_slip_distance": 0.5518096699133587,
      "vertical_velocity": 0.03732583971690073,
      "up_z": -0.9900875580339416
    },
    {
      "t": 3.0,
      "height": -0.7490782957823984,
      "visible_drop": 1.5040782957823984,
      "desired_blend": 0.38,
      "blend_state": 0.0,
      "health": 0.0,
      "support_margin": 0.06995161613131295,
      "both_feet_contact": true,
      "foot_slip_distance": 0.5322676142989413,
      "vertical_velocity": -0.08088776050728663,
      "up_z": -0.9964201591373744
    },
    {
      "t": 3.2,
      "height": -0.7551625655334901,
      "visible_drop": 1.51016256553349,