{
  "attempt": "support-guard-0p35",
  "drop": 0.08,
  "max_blend": 0.35,
  "policy_weight": 1.0,
  "guard": true,
  "margin_min": 0.015,
  "vertical_velocity_min": -0.35,
  "descend_s": 3.0,
  "hold_s": 0.2,
  "return_s": 2.4,
  "seconds": 6.0,
  "params_path": "C:\\Users\\yusun\\projects\\physical-ai\\experiments\\22-g1-squat-depth-finetune\\verify\\train\\params.pkl",
  "ik": {
    "drop": 0.08,
    "start_height": 0.755,
    "target_height": 0.675,
    "success": true,
    "cost": 0.07527746714403195,
    "nfev": 6,
    "rms_foot_error": 0.0006108590297431658,
    "max_foot_error": 0.0006108590424735445,
    "lower_body_target": [
      -0.575114476925352,
      -0.0003914080673100065,
      -0.00037249026131839743,
      1.2168642879959017,
      -0.35307724934194473,
      -1.8902048011641678e-17,
      -0.5751144768987575,
      0.0003914087744053887,
      0.0003724908824383186,
      1.2168642877780107,
      -0.3530772461397548,
      2.482051673038081e-17,
      0.0,
      0.0,
      0.073
    ]
  },
  "start_height": 0.755,
  "min_height": -0.7643527687506432,
  "visible_drop": 1.5193527687506432,
  "first_visible_at": 3.82,
  "fell_at": 4.06,
  "upright_s": 4.06,
  "final_height": -0.7589885270374248,
  "return_to_stand": false,
  "torso_up_min_observed": -0.9977551340302568,
  "foot_contact_ratio": 0.8433333333333334,
  "foot_slip_distance": 0.8371721371321158,
  "stance_ok": false,
  "max_joint_limit_violation": 0.041014771991756294,
  "min_support_margin": -0.6031305990561355,
  "first_support_breach_at": 3.1,
  "first_fast_drop_at": 3.8,
  "max_downward_velocity": -3.9123932591303254,
  "first_guard_at": 2.9,
  "guard_trip_count": 1,
  "max_observed_blend": 0.34299999999999997,
  "pass_gate": false,
  "verdict": "FAIL_FALL",
  "samples": [
    {
      "t": 0.0,
      "base_height": 0.755,
      "visible_drop": 0.0,
      "vertical_velocity": 0.0,
      "up_z": 1.0,
      "both_feet_contact": true,
      "foot_slip_distance": 0.0,
      "support_margin": 0.08631053913643147,
      "inside_support": true,
      "controller_blend": 0.0,
      "guard_reason": null
    },
    {
      "t": 0.2,
      "base_height": 0.7531998581206324,
      "visible_drop": 0.0018001418793676116,
      "vertical_velocity": -0.01630653217804534,
      "up_z": 0.9997845578095151,
      "both_feet_contact": true,
      "foot_slip_distance": 0.0005543479687664382,
      "support_margin": 0.08620675503158265,
      "inside_support": true,
      "controller_blend": 0.02333333333333333,
      "guard_reason": null
    },
    {
      "t": 0.4,
      "base_height": 0.7505676609587525,
      "visible_drop": 0.004432339041247513,
      "vertical_velocity": -0.012448124253033876,
      "up_z": 0.999521061247083,
      "both_feet_contact": true,
      "foot_slip_distance": 0.0010134858970966122,
      "support_margin": 0.08195196783107533,
      "inside_support": true,
      "controller_blend": 0.04666666666666666,
      "guard_reason": null
    },
    {
      "t": 0.6,
      "base_height": 0.7482055198040871,
      "visible_drop": 0.006794480195912889,
      "vertical_velocity": -0.010798698771002924,
      "up_z": 0.9993979251449199,
      "both_feet_contact": true,
      "foot_slip_distance": 0.0014846663018088881,
      "support_margin": 0.07695014946677634,
      "inside_support": true,
      "controller_blend": 0.06999999999999999,
      "guard_reason": null
    },
    {
      "t": 0.8,
      "base_height": 0.7463225934391414,
      "visible_drop": 0.00867740656085858,
      "vertical_velocity": -0.00875919919167134,
      "up_z": 0.9993077610000439,
      "both_feet_contact": true,
      "foot_slip_distance": 0.001899640776360064,
      "support_margin": 0.07270431374561682,
      "inside_support": true,
      "controller_blend": 0.09333333333333332,
      "guard_reason": null
    },
    {
      "t": 1.0,
      "base_height": 0.7445178170273129,
      "visible_drop": 0.010482182972687104,
      "vertical_velocity": -0.009187573863522758,
      "up_z": 0.9992529752469772,
      "both_feet_contact": true,
      "foot_slip_distance": 0.002304339405337133,
      "support_margin": 0.06913987712779317,
      "inside_support": true,
      "controller_blend": 0.11666666666666665,
      "guard_reason": null
    },
    {
      "t": 1.2,
      "base_height": 0.7427360679109355,
      "visible_drop": 0.012263932089064511,
      "vertical_velocity": -0.0087387797881755,
      "up_z": 0.9992241619685605,
      "both_feet_contact": true,
      "foot_slip_distance": 0.002687291950154401,
      "support_margin": 0.06597310867110653,
      "inside_support": true,
      "controller_blend": 0.13999999999999999,
      "guard_reason": null
    },
    {
      "t": 1.4,
      "base_height": 0.7409363608432399,
      "visible_drop": 0.014063639156760122,
      "vertical_velocity": -0.00931624655463037,
      "up_z": 0.9991775695492306,
      "both_feet_contact": true,
      "foot_slip_distance": 0.0030501618922781394,
      "support_margin": 0.06286731203046782,
      "inside_support": true,
      "controller_blend": 0.16333333333333336,
      "guard_reason": null
    },
    {
      "t": 1.6,
      "base_height": 0.7390048235632817,
      "visible_drop": 0.015995176436718328,
      "vertical_velocity": -0.009923192169530859,
      "up_z": 0.9991117168667295,
      "both_feet_contact": true,
      "foot_slip_distance": 0.0034012128001748923,
      "support_margin": 0.05952077597487815,
      "inside_support": true,
      "controller_blend": 0.18666666666666665,
      "guard_reason": null
    },
    {
      "t": 1.8,
      "base_height": 0.7369864860064217,
      "visible_drop": 0.01801351399357831,
      "vertical_velocity": -0.010350672870063082,
      "up_z": 0.9989949237095593,
      "both_feet_contact": true,
      "foot_slip_distance": 0.0037487457261762844,
      "support_margin": 0.05586665089339336,
      "inside_support": true,
      "controller_blend": 0.21,
      "guard_reason": null
    },
    {
      "t": 2.0,
      "base_height": 0.735354178289905,
      "visible_drop": 0.01964582171009499,
      "vertical_velocity": 0.0023151293996659383,
      "up_z": 0.9988451087000784,
      "both_feet_contact": true,
      "foot_slip_distance": 0.004148988214724638,
      "support_margin": 0.051498571334492003,
      "inside_support": true,
      "controller_blend": 0.2333333333333333,
      "guard_reason": null
    },
    {
      "t": 2.2,
      "base_height": 0.7337874960070094,
      "visible_drop": 0.021212503992990572,
      "vertical_velocity": -0.012697292822355655,
      "up_z": 0.9985021398029396,
      "both_feet_contact": true,
      "foot_slip_distance": 0.004559086158729553,
      "support_margin": 0.04526793107395333,
      "inside_support": true,
      "controller_blend": 0.25666666666666665,
      "guard_reason": null
    },
    {
      "t": 2.4,
      "base_height": 0.7309821516761983,
      "visible_drop": 0.024017848323801716,
      "vertical_velocity": -0.011373868313524493,
      "up_z": 0.9978457912248827,
      "both_feet_contact": true,
      "foot_slip_distance": 0.005051490091134463,
      "support_margin": 0.03804710155595898,
      "inside_support": true,
      "controller_blend": 0.27999999999999997,
      "guard_reason": null
    },
    {
      "t": 2.6,
      "base_height": 0.7280637136568113,
      "visible_drop": 0.026936286343188676,
      "vertical_velocity": -0.012497665684285675,
      "up_z": 0.9967426907876243,
      "both_feet_contact": true,
      "foot_slip_distance": 0.0056714332547966855,
      "support_margin": 0.029962938654949454,
      "inside_support": true,
      "controller_blend": 0.30333333333333334,
      "guard_reason": null
    },
    {
      "t": 2.8,
      "base_height": 0.7246088482848468,
      "visible_drop": 0.030391151715153164,
      "vertical_velocity": -0.017613358556867187,
      "up_z": 0.9947000136706763,
      "both_feet_contact": true,
      "foot_slip_distance": 0.006318519304342233,