{
  "attempt": "additive-0p35",
  "command_gain": 0.35,
  "support_gate": false,
  "slip_gate": false,
  "policy_weight": 1.0,
  "descend_s": 3.0,
  "hold_s": 0.2,
  "return_s": 2.6,
  "params_path": "C:\\Users\\yusun\\projects\\physical-ai\\experiments\\46-g1-force-torque-residual\\verify\\stage-0p74\\attempts\\force-torque-20k\\train\\params.pkl",
  "start_height": 0.755,
  "min_height": -0.7470138072133495,
  "visible_drop": 1.5020138072133495,
  "first_visible_at": 4.14,
  "fell_at": 4.42,
  "final_height": -0.7470138072133495,
  "return_to_stand": false,
  "foot_contact_ratio": 0.8333333333333334,
  "foot_slip_distance": 0.9151215764186031,
  "min_support_margin": -0.563379796090764,
  "first_support_breach_at": 3.46,
  "max_joint_limit_violation": 0.051660118640740604,
  "max_total_foot_normal_force": 1993.1759819102706,
  "max_lr_normal_imbalance": 1.0,
  "max_lower_inverse_torque": 16570.974999583133,
  "max_observed_command_gain": 0.35,
  "pass_gate": false,
  "verdict": "FAIL_FALL",
  "samples": [
    {
      "t": 0.0,
      "height": 0.7540916012412127,
      "visible_drop": 0.0009083987587873432,
      "command_gain": 0.0,
      "support_margin": 0.08631053913643147,
      "both_feet_contact": true,
      "foot_slip_distance": 0.0,
      "lr_normal_imbalance": 0.04267986931137306,
      "inverse_torque": 10.853972180302355,
      "up_z": 0.9999906588919871
    },
    {
      "t": 0.2,
      "height": 0.7510066683907844,
      "visible_drop": 0.003993331609215556,
      "command_gain": 0.02333333333333333,
      "support_margin": 0.08650154980035799,
      "both_feet_contact": true,
      "foot_slip_distance": 0.0005552011769974877,
      "lr_normal_imbalance": 0.02095868183386663,
      "inverse_torque": 11.303592917510073,
      "up_z": 0.999664821809163
    },
    {
      "t": 0.4,
      "height": 0.7484059898086288,
      "visible_drop": 0.00659401019137118,
      "command_gain": 0.04666666666666666,
      "support_margin": 0.08235494967124675,
      "both_feet_contact": true,
      "foot_slip_distance": 0.001026347668124797,
      "lr_normal_imbalance": 0.033215053151007035,
      "inverse_torque": 13.123278562635303,
      "up_z": 0.9994434944606125
    },
    {
      "t": 0.6,
      "height": 0.746180548166176,
      "visible_drop": 0.008819451833824044,
      "command_gain": 0.06999999999999999,
      "support_margin": 0.07756780504730437,
      "both_feet_contact": true,
      "foot_slip_distance": 0.0015432531311631004,
      "lr_normal_imbalance": 0.013064471865644946,
      "inverse_torque": 14.094951274404064,
      "up_z": 0.9994125943854937
    },
    {
      "t": 0.8,
      "height": 0.7444463586379783,
      "visible_drop": 0.010553641362021748,
      "command_gain": 0.09333333333333332,
      "support_margin": 0.0736575338824619,
      "both_feet_contact": true,
      "foot_slip_distance": 0.002017926889710501,
      "lr_normal_imbalance": 0.01323684344047212,
      "inverse_torque": 14.833878463172914,
      "up_z": 0.9994224829135526
    },
    {
      "t": 1.0,
      "height": 0.742786229335509,
      "visible_drop": 0.01221377066449103,
      "command_gain": 0.11666666666666665,
      "support_margin": 0.0704988786778762,
      "both_feet_contact": true,
      "foot_slip_distance": 0.0024788471965381566,
      "lr_normal_imbalance": 0.017342187160863814,
      "inverse_torque": 15.501122848873834,
      "up_z": 0.9994724060764506
    },
    {
      "t": 1.2,
      "height": 0.7411590733291281,
      "visible_drop": 0.01384092667087189,
      "command_gain": 0.13999999999999999,
      "support_margin": 0.06775556799920812,
      "both_feet_contact": true,
      "foot_slip_distance": 0.0029176704449408344,
      "lr_normal_imbalance": 0.014964541060342456,
      "inverse_torque": 15.982259878895691,
      "up_z": 0.9995486339839751
    },
    {
      "t": 1.4,
      "height": 0.7395688495024811,
      "visible_drop": 0.015431150497518864,
      "command_gain": 0.16333333333333336,
      "support_margin": 0.06512598782201004,
      "both_feet_contact": true,
      "foot_slip_distance": 0.003333019091405529,
      "lr_normal_imbalance": 0.00964141226250589,
      "inverse_torque": 16.463547017287866,
      "up_z": 0.9996181668265551
    },
    {
      "t": 1.6,
      "height": 0.7378989107336441,
      "visible_drop": 0.017101089266355896,
      "command_gain": 0.18666666666666665,
      "support_margin": 0.062325188556258265,
      "both_feet_contact": true,
      "foot_slip_distance": 0.0037304198150576785,
      "lr_normal_imbalance": 0.0038996843231075768,
      "inverse_torque": 16.981770425717503,
      "up_z": 0.9996883295969162
    },
    {
      "t": 1.8,
      "height": 0.7362046212560059,
      "visible_drop": 0.018795378743994062,
      "command_gain": 0.21,
      "support_margin": 0.05931921007611206,
      "both_feet_contact": true,
      "foot_slip_distance": 0.004113537394738794,
      "lr_normal_imbalance": 0.0011252559831396365,
      "inverse_torque": 17.495388138737294,
      "up_z": 0.999760108219846
    },
    {
      "t": 2.0,
      "height": 0.7344178419537579,
      "visible_drop": 0.020582158046242083,
      "command_gain": 0.2333333333333333,
      "support_margin": 0.05599397642535562,
      "both_feet_contact": true,
      "foot_slip_distance": 0.004490462123664849,
      "lr_normal_imbalance": 0.007279793986022178,
      "inverse_torque": 18.040041607397733,
      "up_z": 0.9998254211495222
    },
    {
      "t": 2.2,
      "height": 0.7325030277222896,
      "visible_drop": 0.022496972277710414,
      "command_gain": 0.25666666666666665,
      "support_margin": 0.05222311958253554,
      "both_feet_contact": true,
      "foot_slip_distance": 0.004879513663026678,
      "lr_normal_imbalance": 0.02554314734598961,
      "inverse_torque": 18.276487668034264,
      "up_z": 0.9998816242840536
    },
    {
      "t": 2.4,
      "height": 0.7306068399120047,
      "visible_drop": 0.024393160087995303,
      "command_gain": 0.27999999999999997,
      "support_margin": 0.04788173249580553,
      "both_feet_contact": true,
      "foot_slip_distance": 0.005402683646486454,
      "lr_normal_imbalance": 0.2885058647000812,
      "inverse_torque": 20.02543624370427,
      "up_z": 0.9999192058580618
    },
    {
      "t": 2.6,
      "height": 0.7285931513467059,
      "visible_drop": 0.026406848653294124,
      "command_gain": 0.30333333333333334,
      "support_margin": 0.042706152771875935,
      "both_feet_contact": true,
      "foot_slip_distance": 0.007078202126899079,
      "lr_normal_imbalance": 0.19396616077840134,
      "inverse_torque": 18.993001687482796,
      "up_z": 0.9999336375893794
    },
    {
      "t": 2.8,
      "height": 0.7249236203013242,
      "visible_drop": 0.030076379698675826,
      "command_gain": 0.3266666666666667,
      "support_margin": 0.03527698059977706,
      "both_feet_contact": true,
      "foot_slip_distance": 0.008005450309186124,
      "lr_normal_imbalance": 0.1536880572451314,
      "inverse_torque": 22.01354603894941,
      "up_z": 0.999958355076327
    },
    {
      "t": 3.0,
      "height": 0.7199046929433148,
      "visible_drop": 0.03509530705668518,
      "command_gain": 0.35,
      "support_margin": 0.026911506630475965,
      "both_feet_contact": true,
      "foot_slip_distance": 0.009124263964078724,
      "lr_normal_imbalance": 0.24165711230656267,
      "inverse_torque": 21.67078348135229,
      "up_z": 0.999921884689213
    },
    {
      "t": 3.2,
      "height": 0.7152748819653154,
      "visible_drop": 0.03972511803468459,
      "command_gain": 0.3499999999999999,
      "support_margin": 0.01707357652153492,
      "both_feet_contact": true,
      "foot_slip_distance": 0.01081701587928694,
      "lr_normal_imbalance": 0.23915684348775726,
      "inverse_torque": 22.980700936297175,
      "up_z": 0.999637839033298
    },
    {
      "t": 3.4,
      "height": 0.7144727362374574,
      "visible_drop": 0.040527263762542565,