{
  "native": {
    "attempt": "drop-0p16-com8-posture0p6",
    "target": {
      "drop": 0.16,
      "start_height": 0.755,
      "target_height": 0.595,
      "success": true,
      "cost": 0.1390028520380699,
      "nfev": 27,
      "com_weight": 8.0,
      "posture_weight": 0.6,
      "rms_foot_error": 0.0006144736830111299,
      "max_foot_error": 0.0006477797242018514,
      "support_margin": 0.0639779792641427,
      "inside_support": true,
      "com_xy": [
        0.05734541647185123,
        0.0006603589033359576
      ],
      "support_center_xy": [
        0.03234621998715954,
        0.0014254135103040078
      ],
      "com_center_error": 0.02501090029230984,
      "knee_delta_rad": 0.9396707015899184,
      "hip_pitch_delta_rad": 0.43947475419810816,
      "visible_pose_gate": {
        "pelvis_drop_pass": true,
        "knee_delta_pass": true,
        "hip_pitch_delta_pass": true,
        "pass": true
      },
      "lower_body_target": [
        -0.750232175229655,
        0.022781691857548268,
        0.01451652096851459,
        1.6086707015899184,
        -0.6573258215914694,
        -0.0021298527944057064,
        -0.7514747541981082,
        -0.0023413761636932413,
        -0.0014017697746105,
        1.6081916158588643,
        -0.6164465264327329,
        -0.002333535281613903,
        0.00013772621954379432,
        -0.000912381541016976,
        0.04910443966071289
      ]
    },
    "max_blend": 0.45,
    "policy_weight": 1.0,
    "start_height": 0.755,
    "min_height": -0.7498548417385021,
    "visible_drop": 1.5048548417385021,
    "first_visible_at": 2.66,
    "fell_at": 3.18,
    "final_height": -0.7227992819434708,
    "return_to_stand": false,
    "foot_contact_ratio": 0.8933333333333333,
    "foot_slip_distance": 0.6947748404765051,
    "min_support_margin": -0.6042025296930111,
    "max_joint_limit_violation": 0.02415032771094805,
    "max_total_foot_normal_force": 1569.591186547339,
    "max_lr_normal_imbalance": 1.0,
    "max_lower_inverse_torque": 14248.922870303079,
    "max_observed_blend": 0.45,
    "pass_gate": false,
    "verdict": "FAIL_FALL",
    "samples": [
      {
        "t": 0.0,
        "height": 0.7542067254735858,
        "visible_drop": 0.0007932745264142005,
        "support_margin": 0.08652551974594566,
        "both_feet_contact": true,
        "foot_slip_distance": 0.00010037407583634911,
        "controller_blend": 0.0,
        "up_z": 0.9999886379342544,
        "lr_normal_imbalance": 0.20647142569380275,
        "inverse_torque": 12.855626482333326
      },
      {
        "t": 0.2,
        "height": 0.7523080280772196,
        "visible_drop": 0.0026919719227803673,
        "support_margin": 0.08597038742949017,
        "both_feet_contact": true,
        "foot_slip_distance": 0.0005942686971934313,
        "controller_blend": 0.025714285714285717,
        "up_z": 0.9997716986824773,
        "lr_normal_imbalance": 0.025057039745247017,
        "inverse_torque": 11.06463583189565
      },
      {
        "t": 0.4,
        "height": 0.7489195248594249,
        "visible_drop": 0.006080475140575081,
        "support_margin": 0.08143191134156302,
        "both_feet_contact": true,
        "foot_slip_distance": 0.0010635206456127732,
        "controller_blend": 0.051428571428571435,
        "up_z": 0.9996195033243515,
        "lr_normal_imbalance": 0.028154193539158823,
        "inverse_torque": 12.828122851912383
      },
      {
        "t": 0.6,
        "height": 0.7456794251651073,
        "visible_drop": 0.009320574834892681,
        "support_margin": 0.07594546865960404,
        "both_feet_contact": true,
        "foot_slip_distance": 0.0015214290925688637,
        "controller_blend": 0.07714285714285715,
        "up_z": 0.9995860833210649,
        "lr_normal_imbalance": 0.004710947058321476,
        "inverse_torque": 13.915317815307784
      },
      {
        "t": 0.8,
        "height": 0.7427355167468143,
        "visible_drop": 0.012264483253185743,
        "support_margin": 0.07079009442774337,
        "both_feet_contact": true,
        "foot_slip_distance": 0.001918107972438955,
        "controller_blend": 0.10285714285714287,
        "up_z": 0.9995532931779186,
        "lr_normal_imbalance": 0.012846835395899706,
        "inverse_torque": 15.108810114251735
      },
      {
        "t": 1.0,
        "height": 0.7395130174783086,
        "visible_drop": 0.01548698252169145,
        "support_margin": 0.0657900997011932,
        "both_feet_contact": true,
        "foot_slip_distance": 0.0023068408429397606,
        "controller_blend": 0.12857142857142856,
        "up_z": 0.9995434355690124,
        "lr_normal_imbalance": 0.009711923591295385,
        "inverse_torque": 16.185679203646682
      },
      {
        "t": 1.2,
        "height": 0.736343696997207,
        "visible_drop": 0.018656303002792973,
        "support_margin": 0.06088163211244249,
        "both_feet_contact": true,
        "foot_slip_distance": 0.002673291114035574,
        "controller_blend": 0.1542857142857143,
        "up_z": 0.9995453059098754,
        "lr_normal_imbalance": 0.0058356575799559515,
        "inverse_torque": 16.810998139829376
      },
      {
        "t": 1.4,
        "height": 0.7328991801905468,
        "visible_drop": 0.02210081980945322,
        "support_margin": 0.05573093004046361,
        "both_feet_contact": true,
        "foot_slip_distance": 0.0030569300490321306,
        "controller_blend": 0.18000000000000002,
        "up_z": 0.9995326825912572,
        "lr_normal_imbalance": 0.06526562092200142,
        "inverse_torque": 15.449463761586536
      },
      {
        "t": 1.6,
        "height": 0.7300385848624136,
        "visible_drop": 0.02496141513758643,
        "support_margin": 0.049495209895833815,
        "both_feet_contact": true,
        "foot_slip_distance": 0.0036961679599293363,
        "controller_blend": 0.20571428571428574,
        "up_z": 0.9994858523034217,
        "lr_normal_imbalance": 0.2605794948868787,
        "inverse_torque": 18.798412892695826
      },
      {
        "t": 1.8,
        "height": 0.7249281951984226,
        "visible_drop": 0.03007180480157745,
        "support_margin": 0.04125430396875161,
        "both_feet_contact": true,
        "foot_slip_distance": 0.004301325844743694,
        "controller_blend": 0.23142857142857146,
        "up_z": 0.9992971188949633,
        "lr_normal_imbalance": 0.1393047142275189,
        "inverse_torque": 19.075609154828967
      },
      {
        "t": 2.0,
        "height": 0.7181058005812438,
        "visible_drop": 0.03689419941875616,
        "support_margin": 0.03120897376835655,
        "both_feet_contact": true,
        "foot_slip_distance": 0.005075911659730744,
        "controller_blend": 0.2571428571428571,
        "up_z": 0.9989325112347837,
        "lr_normal_imbalance": 0.04500785497171133,
        "inverse_torque": 18.83384094921783
      },
      {
        "t": 2.2,
        "height": 0.7078824358468921,
        "visible_drop": 0.04711756415310786,
        "support_margin": 0.018074304123563298,
        "both_feet_contact": true,
        "foot_slip_distance": 0.006024454772756797,
        "controller_blend": 0.2828571428571429,
        "up_z": 0.997362171202839,
        "lr_normal_imbalance": 0.085609150068915,
        "inverse_torque": 21.628716821603152
      },
      {
        "t": 2.4,
        "height": 0.6966303723197033,
        "visible_drop": 0.05836962768029674,
        "support_margin": -0.0016378679709609587,
        "both_feet_contact": true,
        "foot_slip_distance": 0.007676086543018754,
        "controller_blend": 0.3085714285714286,
        "up_z": 0.9921417186193625,
        "lr_normal_imbalance": 0.11151009064899153,
        "inverse_torque": 23.201997903997757
      },
      {
        "t": 2.6,
        "height": 0.6807089129031294,
        "visible_drop": 0.0742910870968706,
        "support_margin": -0.0325496170909648,
        "both_feet_contact": true,