{
  "attempt": "mjlab-obs-scaled-zero",
  "variant": {
    "attempt": "mjlab-obs-scaled-zero",
    "anchor_index": 7,
    "velocity_order": "lin_ang",
    "target_mode": "mjlab_scaled",
    "default_name": "zero"
  },
  "default_name": "zero",
  "start_height": 0.810932993888855,
  "min_height": -0.7540822026457487,
  "visible_drop": 1.5650151965346035,
  "fell_at": 0.46,
  "final_height": -0.6277843683810317,
  "return_to_stand": false,
  "max_knee_delta_rad": 6.44721672052925,
  "max_hip_pitch_delta_rad": 52.13531039842162,
  "foot_slip_distance": 1.0718127026962865,
  "action_min": -2290.231201171875,
  "action_max": 1531.7265625,
  "target_min": -1004.4434814453125,
  "target_max": 453.3383483886719,
  "obs_abs_max": 34666.80078125,
  "first_action29": [
    1.7196022272109985,
    0.020876485854387283,
    -0.17967185378074646,
    -0.9640589952468872,
    2.6549904346466064,
    0.07638388127088547,
    -0.5712879300117493,
    0.5439031720161438,
    -0.7086588144302368,
    -1.664194941520691,
    1.718039631843567,
    0.21867401897907257,
    0.24546873569488525,
    0.6403633952140808,
    -1.9855103492736816,
    -1.0063596963882446,
    0.5794049501419067,
    -0.7103445529937744,
    0.5347723364830017,
    -0.17084923386573792,
    -1.109688401222229,
    0.049943119287490845,
    -1.3074272871017456,
    -1.020570158958435,
    0.9531360268592834,
    0.8088230490684509,
    -0.017044369131326675,
    0.9754582643508911,
    0.39385566115379333
  ],
  "first_target29": [
    0.9415621161460876,
    0.007320579141378403,
    -0.09837868809700012,
    -0.33805832266807556,
    1.1644185781478882,
    0.03350023925304413,
    -0.3128066658973694,
    0.1907258778810501,
    -0.38802361488342285,
    -0.5835690498352051,
    0.7534932494163513,
    0.09590546786785126,
    0.13440553843975067,
    0.2808488607406616,
    -0.8707998394966125,
    -0.4413665533065796,
    0.2541138827800751,
    -0.31154102087020874,
    0.23453901708126068,
    -0.0749306008219719,
    -0.08267275243997574,
    0.0037208059802651405,
    -0.5734079480171204,
    -0.447598934173584,
    0.41802385449409485,
    0.3547314405441284,
    -0.007475273683667183,
    0.07267249375581741,
    0.029342591762542725
  ],
  "samples": [
    {
      "t": 0.0,
      "height": 0.808596211268754,
      "drop": 0.0023367826201009523,
      "knee": 0.13783046275501043,
      "hip": 0.1270877454028547,
      "slip": 0.008718756239326489,
      "up_z": 0.9941102086339533
    },
    {
      "t": 0.2,
      "height": 0.686314474891965,
      "drop": 0.12461851899689003,
      "knee": 2.9281767273079975,
      "hip": 0.7383467630206362,
      "slip": 0.47726813139935603,
      "up_z": 0.9056961908069715
    },
    {
      "t": 0.4,
      "height": 0.5741258831646615,
      "drop": 0.23680711072419347,
      "knee": 2.9281767273079975,
      "hip": 0.7383467630206362,
      "slip": 0.7354040534233938,
      "up_z": 0.4140786153543198
    },
    {
      "t": 0.6,
      "height": 0.15059916242186733,
      "drop": 0.6603338314669877,
      "knee": 2.9281767273079975,
      "hip": 0.9424178270484886,
      "slip": 0.7576213905781908,
      "up_z": -0.5201842190578893
    },
    {
      "t": 0.8,
      "height": -0.49515486423402466,
      "drop": 1.3060878581228796,
      "knee": 2.9281767273079975,
      "hip": 0.9424178270484886,
      "slip": 0.7576213905781908,
      "up_z": -0.7891432832666414
    },
    {
      "t": 1.0,
      "height": -0.7365892049291141,
      "drop": 1.547522198817969,
      "knee": 2.9281767273079975,
      "hip": 0.9424178270484886,
      "slip": 0.7576213905781908,
      "up_z": -0.9896074679449223
    },
    {
      "t": 1.2,
      "height": -0.664231276213258,
      "drop": 1.475164270102113,
      "knee": 2.9281767273079975,
      "hip": 0.9424178270484886,
      "slip": 0.7576213905781908,
      "up_z": -0.7313163010597586
    },
    {
      "t": 1.4,
      "height": -0.3302885827430108,
      "drop": 1.1412215766318659,
      "knee": 2.9281767273079975,
      "hip": 0.9424178270484886,
      "slip": 1.0718127026962865,
      "up_z": -0.9279335769939598
    },
    {
      "t": 1.6,
      "height": -0.36865918857760943,
      "drop": 1.1795921824664644,
      "knee": 2.9281767273079975,
      "hip": 1.133886986712159,
      "slip": 1.0718127026962865,
      "up_z": -0.9658253817666659
    },
    {
      "t": 1.8,
      "height": -0.6885178148665249,
      "drop": 1.49945080875538,
      "knee": 2.9281767273079975,
      "hip": 1.133886986712159,
      "slip": 1.0718127026962865,
      "up_z": -0.8390653137364454
    },
    {
      "t": 2.0,
      "height": -0.6256431361000185,
      "drop": 1.4365761299888735,
      "knee": 2.9281767273079975,
      "hip": 1.133886986712159,
      "slip": 1.0718127026962865,
      "up_z": -0.912450388596347
    },
    {
      "t": 2.2,
      "height": -0.5801972853375632,
      "drop": 1.3911302792264182,
      "knee": 2.9281767273079975,
      "hip": 1.133886986712159,
      "slip": 1.0718127026962865,
      "up_z": -0.7519495935725247
    },
    {
      "t": 2.4,
      "height": -0.6734783018392004,
      "drop": 1.4844112957280555,
      "knee": 2.9281767273079975,
      "hip": 1.133886986712159,
      "slip": 1.0718127026962865,
      "up_z": -0.8792431720668106
    },
    {
      "t": 2.6,
      "height": -0.7508264189682997,
      "drop": 1.5617594128571546,
      "knee": 2.9281767273079975,
      "hip": 1.133886986712159,
      "slip": 1.0718127026962865,
      "up_z": -0.9784651787159376
    },
    {
      "t": 2.8,
      "height": -0.7437658255603814,
      "drop": 1.5546988194492364,
      "knee": 2.9281767273079975,
      "hip": 1.133886986712159,
      "slip": 1.0718127026962865,
      "up_z": -0.9992713842597803
    },
    {
      "t": 3.0,
      "height": -0.6770011343425392,
      "drop": 1.487934128231394,
      "knee": 2.9281767273079975,
      "hip": 1.133886986712159,
      "slip": 1.0718127026962865,
      "up_z": -0.9601705805476746
    },
    {
      "t": 3.2,
      "height": -0.6980933402149474,
      "drop": 1.5090263341038024,
      "knee": 2.9281767273079975,
      "hip": 1.2886659627828856,
      "slip": 1.0718127026962865,
      "up_z": -0.8289370936849408
    },
    {
      "t": 3.4,
      "height": -0.6549990654304197,
      "drop": 1.4659320593192748,
      "knee": 2.9281767273079975,
      "hip": 1.2886659627828856,
      "slip": 1.0718127026962865,
      "up_z": -0.941055614620496
    },
    {
      "t": 3.6,
      "height": -0.7495743039634841,
      "drop": 1.560507297852339,
      "knee": 2.9281767273079975,
      "hip": 1.2886659627828856,
      "slip": 1.0718127026962865,
      "up_z": -0.9959081742840351
    },
    {
      "t": 3.8,
      "height": 0.7112037503244631,
      "drop": 0.09972924356439183,
      "knee": 6.44721672052925,
      "hip": 52.13531039842162,
      "slip": 1.0718127026962865,
      "up_z": 0.9530251181832875
    },
    {
      "t": 4.0,
      "height": 0.7307304308299185,
      "drop": 0.08020256305893647,
      "knee": 6.44721672052925,
      "hip": 52.13531039842162,
      "slip": 1.0718127026962865,
      "up_z": 0.5335973706469125
    },
    {
      "t": 4.2,
      "height": 0.3556477502362289,
      "drop": 0.45528524365262607,
      "knee": 6.44721672052925,
      "hip": 52.13531039842162,
      "slip": 1.0718127026962865,
      "up_z": -0.6796227719072058
    },
    {
      "t": 4.4,
      "height": 0.7864428187869634,
      "drop": 0.024490175101891554,
      "knee": 6.44721672052925,
      "hip": 52.13531039842162,
      "slip": 1.0718127026962865,
      "up_z": 0.9936920563452063
    },
    {
      "t": 4.6,
      "height": 0.7607253259915268,
      "drop": 0.05020766789732822,
      "knee": 6.44721672052925,
      "hip": 52.13531039842162,
      "slip": 1.0718127026962865,
      "up_z": 0.9932838403746722
    },
    {
      "t": 4.8,
      "height": 0.7868572913622387,
      "drop": 0.024075702526616283,
      "knee": 6.44721672052925,